﻿"DataManage"
"AppName","Mini3DCad"
"PrimitiveBrush","Blue"
"Face","RIGHT"
"ArcDivideAngle","0.2617993877991494"
"RevolutionDivideAngle","0.17453292519943295"
"SweepDivideAngle","0.3490658503988659"
"ZumenComment",""
"Area","0","0","-350","240","675","32"
"Layer"
"LayerSize","64"
"DispLayerBit","7B","00","FE","FF","FF","FF","FF","FF"
"LayerAll","False"
"LayerList","0","前面バッフル","1","左側板","2","右側板","3","背板","4","天板","5","底板","6","中板","7","センターキャップ","8","サブコーン","9","フレーム","10","メインコーン","11","コア","12","マグネット","13","フレーム2","14","フレーム1","15","フレーム3","16","パッキン","17","FLAT-6","18","中心線"
"LayerEnd"
"DataManageEnd"
"DataDraw"
"WorldSize","30"
"GridSize","1"
"World","-326.040598181442","801.3545251604501","644.040598181442","-126.35452516045001"
"DataDrawEnd"
"Element"
"Name","押出"
"PrimitiveId","Extrusion","PrimitiveFace","FRONT","LineColor","Blue","LineThickness","1","LineType","0","Reverse","False","DivideAngle","0.20943951023931953","FaceColors","1","AntiqueWhite"
"ExtrusionData","Vector","0","0","-350","SrcFace","XY","Close","True","Cp","0","0","0","U","1","0","0","V","0","1","0","Size","4","Multi","False","20","655","20","675","220","675","220","655"
"IsShading","True"
"Disp3D","True"
"LayerSize","8"
"DispLayerBit","10","00","00","00","00","00","00","00"
"ElementEnd"
"Element"
"Name","左側板"
"PrimitiveId","Extrusion","PrimitiveFace","FRONT","LineColor","Blue","LineThickness","1","LineType","0","Reverse","False","DivideAngle","0.20943951023931953","FaceColors","1","AntiqueWhite"
"ExtrusionData","Vector","0","0","-350","SrcFace","XY","Close","True","Cp","0","0","0","U","1","0","0","V","0","1","0","Size","4","Multi","False","0","0","0","675","20","675","20","0"
"IsShading","True"
"Disp3D","True"
"LayerSize","8"
"DispLayerBit","02","00","00","00","00","00","00","00"
"ElementEnd"
"Element"
"Name","背板"
"PrimitiveId","Extrusion","PrimitiveFace","TOP","LineColor","Blue","LineThickness","1","LineType","0","Reverse","False","DivideAngle","0.20943951023931953","FaceColors","1","AntiqueWhite"
"ExtrusionData","Vector","200","0","0","SrcFace","XY","Close","True","Cp","20","0","0","U","0","0","-1","V","0","1","0","Size","4","Multi","False","330","20","330","655","350","655","350","20"
"IsShading","True"
"Disp3D","True"
"LayerSize","8"
"DispLayerBit","08","00","00","00","00","00","00","00"
"ElementEnd"
"Element"
"Name","底板"
"PrimitiveId","Extrusion","PrimitiveFace","FRONT","LineColor","Blue","LineThickness","1","LineType","0","Reverse","False","DivideAngle","0.20943951023931953","FaceColors","1","AntiqueWhite"
"ExtrusionData","Vector","0","0","-350","SrcFace","XY","Close","True","Cp","0","-655","0","U","1","0","0","V","0","1","0","Size","4","Multi","False","20","655","20","675","220","675","220","655"
"IsShading","True"
"Disp3D","True"
"LayerSize","8"
"DispLayerBit","20","00","00","00","00","00","00","00"
"ElementEnd"
"Element"
"Name","右側板"
"PrimitiveId","Extrusion","PrimitiveFace","FRONT","LineColor","Blue","LineThickness","1","LineType","0","Reverse","False","DivideAngle","0.20943951023931953","FaceColors","1","AntiqueWhite"
"ExtrusionData","Vector","0","0","-350","SrcFace","XY","Close","True","Cp","220","0","0","U","1","0","0","V","0","1","0","Size","4","Multi","False","0","0","0","675","20","675","20","0"
"IsShading","True"
"Disp3D","True"
"LayerSize","8"
"DispLayerBit","04","00","00","00","00","00","00","00"
"ElementEnd"
"Element"
"Name","要素名-押出"
"PrimitiveId","Extrusion","PrimitiveFace","RIGHT","LineColor","Blue","LineThickness","1","LineType","0","Reverse","False","DivideAngle","0.20943951023931953","FaceColors","1","AliceBlue"
"ExtrusionData","Vector","200","0","0","SrcFace","XY","Close","True","Cp","21","-100","0","U","0","0","-1","V","0","1","0","Size","4","Multi","False","105","415","105","400","0","400","0","415"
"IsShading","True"
"Disp3D","True"
"LayerSize","8"
"DispLayerBit","40","00","00","00","00","00","00","00"
"ElementEnd"
"Element"
"Name","要素名-押出"
"PrimitiveId","Extrusion","PrimitiveFace","RIGHT","LineColor","Blue","LineThickness","1","LineType","0","Reverse","False","DivideAngle","0.20943951023931953","FaceColors","1","AliceBlue"
"ExtrusionData","Vector","200","0","0","SrcFace","XY","Close","True","Cp","21","0","0","U","0","0","-1","V","0","1","0","Size","4","Multi","False","120","615","120","215","105","215","105","615"
"IsShading","True"
"Disp3D","True"
"LayerSize","8"
"DispLayerBit","40","00","00","00","00","00","00","00"
"ElementEnd"
"Element"
"Name","要素名-押出"
"PrimitiveId","Extrusion","PrimitiveFace","RIGHT","LineColor","Blue","LineThickness","1","LineType","0","Reverse","False","DivideAngle","0.20943951023931953","FaceColors","1","AliceBlue"
"ExtrusionData","Vector","200","0","0","SrcFace","XY","Close","True","Cp","21","0","0","U","0","0","-1","V","0","1","0","Size","4","Multi","False","170","655","170","275","155","275","155","655"
"IsShading","True"
"Disp3D","True"
"LayerSize","8"
"DispLayerBit","40","00","00","00","00","00","00","00"
"ElementEnd"
"Element"
"Name","要素名-押出"
"PrimitiveId","Extrusion","PrimitiveFace","RIGHT","LineColor","Blue","LineThickness","1","LineType","0","Reverse","False","DivideAngle","0.20943951023931953","FaceColors","1","AliceBlue"
"ExtrusionData","Vector","200","0","0","SrcFace","XY","Close","True","Cp","21","0","0","U","0","0","-1","V","0","1","0","Size","4","Multi","False","240","585","240","215","225","215","225","585"
"IsShading","True"
"Disp3D","True"
"LayerSize","8"
"DispLayerBit","40","00","00","00","00","00","00","00"
"ElementEnd"
"Element"
"Name","要素名-押出"
"PrimitiveId","Extrusion","PrimitiveFace","RIGHT","LineColor","Blue","LineThickness","1","LineType","0","Reverse","False","DivideAngle","0.20943951023931953","FaceColors","1","AliceBlue"
"ExtrusionData","Vector","200","0","0","SrcFace","XY","Close","True","Cp","21","200","-105","U","0","0","-1","V","0","1","0","Size","4","Multi","False","-0","15","135","15","135","-0","-0","0"
"IsShading","True"
"Disp3D","True"
"LayerSize","8"
"DispLayerBit","40","00","00","00","00","00","00","00"
"ElementEnd"
"Element"
"Name","要素名-押出"
"PrimitiveId","Extrusion","PrimitiveFace","RIGHT","LineColor","Blue","LineThickness","1","LineType","0","Reverse","False","DivideAngle","0.20943951023931953","FaceColors","1","AliceBlue"
"ExtrusionData","Vector","200","0","0","SrcFace","XY","Close","True","Cp","21","200","-105","U","0","0.6896551724137931","0.7241379310344828","V","0","0.7241379310344822","-0.6896551724137936","Size","4","Multi","False","0","0","145","-1.4210854715202004E-14","129.25000000000003","14.999999999999972","14.285714285714262","14.999999999999964"
"IsShading","True"
"Disp3D","True"
"LayerSize","8"
"DispLayerBit","40","00","00","00","00","00","00","00"
"ElementEnd"
"Element"
"Name","要素名-押出"
"PrimitiveId","Extrusion","PrimitiveFace","RIGHT","LineColor","Blue","LineThickness","1","LineType","0","Reverse","False","DivideAngle","0.20943951023931953","FaceColors","1","AntiqueWhite"
"ExtrusionData","Vector","200","0","0","SrcFace","XY","Close","True","Cp","20","109.99999999999997","-330","U","0","-0.7071067811865472","0.7071067811865477","V","0","-0.7071067811865485","-0.7071067811865466","Size","4","Multi","False","14.999999999999982","15.000000000000005","112.27922061357853","15.000000000000016","127.27922061357853","-0","-0","-0"
"IsShading","True"
"Disp3D","True"
"LayerSize","8"
"DispLayerBit","40","00","00","00","00","00","00","00"
"ElementEnd"
"Element"
"Name","前面下バッフル"
"PrimitiveId","Extrusion","PrimitiveFace","FRONT","LineColor","Blue","LineThickness","1","LineType","0","Reverse","False","DivideAngle","0.20943951023931953","FaceColors","1","AntiqueWhite"
"ExtrusionData","Vector","0","0","-20","SrcFace","XY","Close","True","Cp","220","515","0","U","0","-1","0","V","-1","0","0","Size","17","Multi","False","1.1368683772161603E-13","25.00000000000003","19.411428382689166","27.555563028319966","37.500000000000114","35.048094716167185","53.03300858899115","46.96699141100902","64.95190528383296","62.500000000000085","72.44443697168015","80.58857161731098","75","100.00000000000003","72.44443697168015","119.41142838268905","64.9519052838329","137.5","53.033008588991095","153.03300858899104","37.5","164.9519052838329","19.411428382689053","172.44443697168012","0","175","0","200","200","200","200","0","-0","-0"
"IsShading","True"
"Disp3D","True"
"LayerSize","8"
"DispLayerBit","01","00","00","00","00","00","00","00"
"ElementEnd"
"Element"
"Name","前面上バッフル"
"PrimitiveId","Extrusion","PrimitiveFace","FRONT","LineColor","Blue","LineThickness","1","LineType","0","Reverse","False","DivideAngle","0.20943951023931953","FaceColors","1","AntiqueWhite"
"ExtrusionData","Vector","0","0","-20","SrcFace","XY","Close","True","Cp","195","515","0","U","-0.13052619222005138","0.9914448613738105","0","V","-0.9914448613738092","-0.13052619222006182","0","Size","17","Multi","False","-3.2631548055015447","-24.786121534345256","135.5391257868317","-43.05978844515245","161.64436423084408","155.22918382960964","22.842083638510815","173.50285074041682","19.578928833009268","148.71672920607153","38.49072184388701","143.64932954138223","55.44657159215929","133.8598651248784","69.29096493834771","120.0154717786898","79.08042935485149","103.05962203041747","84.14782901954052","84.14782901953963","84.1478290195403","64.5689001865319","79.08042935485085","45.65710717565403","69.29096493834686","28.701257427381734","55.44657159215804","14.856864081193155","38.490721843885645","5.0673996646892805","19.57892883300779","-0","-0","-0"
"IsShading","True"
"Disp3D","True"
"LayerSize","8"
"DispLayerBit","01","00","00","00","00","00","00","00"
"ElementEnd"
"Element"
"Name","線分"
"PrimitiveId","Line","PrimitiveFace","FRONT","LineColor","Blue","LineThickness","1","LineType","2","Reverse","False","DivideAngle","0.20943951023931953","FaceColors","1","Blue"
"LineData","Sp","120","675","0","V","0","-360","0"
"IsShading","True"
"Disp3D","False"
"LayerSize","8"
"DispLayerBit","00","00","04","00","00","00","00","00"
"ElementEnd"
"Element"
"Name","線分"
"PrimitiveId","Line","PrimitiveFace","FRONT","LineColor","Blue","LineThickness","1","LineType","2","Reverse","False","DivideAngle","0.20943951023931953","FaceColors","1","Blue"
"LineData","Sp","20.00000000000008","515","0","V","200","0","0"
"IsShading","True"
"Disp3D","False"
"LayerSize","8"
"DispLayerBit","00","00","04","00","00","00","00","00"
"ElementEnd"
"Element"
"Name","線分"
"PrimitiveId","Line","PrimitiveFace","FRONT","LineColor","DarkGray","LineThickness","1","LineType","0","Reverse","False","DivideAngle","0.20943951023931953","FaceColors","1","DarkGray"
"LineData","Sp","85","515","-11.999999999999986","V","0","0","0"
"IsShading","True"
"Disp3D","True"
"LayerSize","8"
"DispLayerBit","00","00","00","00","00","00","00","00"
"ElementEnd"
"Element"
"Name","コア"
"PrimitiveId","Revolution","PrimitiveFace","FRONT","LineColor","Aqua","LineThickness","1","LineType","0","Reverse","False","DivideAngle","0.20943951023931953","FaceColors","1","Transparent"
"RevolutionData","StartAngle","0","EndAngle","6.283185307179586","DivideAngle","0.17453292519943295","Close","False","CenterLineSp","120","515","-69.99999999999999","CenterLineV","0","0","31","OutLineCp","73","515","-32.999999999999986","OutLineU","0","-1.8369701987210297E-16","-1","OutLineV","1","0","0","OutLineSize","3","OutLine","26","47","26","0","0","0"
"IsShading","True"
"Disp3D","True"
"LayerSize","8"
"DispLayerBit","00","08","02","00","00","00","00","00"
"ElementEnd"
"Element"
"Name","要素名-回転体"
"PrimitiveId","Revolution","PrimitiveFace","FRONT","LineColor","Green","LineThickness","1","LineType","0","Reverse","False","DivideAngle","0.20943951023931953","FaceColors","1","Bisque"
"RevolutionData","StartAngle","0","EndAngle","6.283185307179586","DivideAngle","0.17453292519943295","Close","False","CenterLineSp","120","515","-23.999999999999986","CenterLineV","0","0","40","OutLineCp","120","515","10.000000000000014","OutLineU","1","0","0","OutLineV","0","-1.8369701987210297E-16","-1","OutLineSize","3","OutLine","-30.970807537035853","9.021119119129196","-19.002865177825896","20.338639607493235","-12.001296680124014","30.997508965311667"
"IsShading","True"
"Disp3D","True"
"LayerSize","8"
"DispLayerBit","00","01","02","00","00","00","00","00"
"ElementEnd"
"Element"
"Name","センターキャップ"
"PrimitiveId","Revolution","PrimitiveFace","FRONT","LineColor","Blue","LineThickness","1","LineType","0","Reverse","False","DivideAngle","0.20943951023931953","FaceColors","1","Silver"
"RevolutionData","StartAngle","0","EndAngle","6.283185307179586","DivideAngle","0.17453292519943295","Close","False","CenterLineSp","120","515","-25.999999999999986","CenterLineV","0","0","12","OutLineCp","51","515","7.000000000000014","OutLineU","0.5547001962252291","-1.52845159453568E-16","-0.8320502943378437","OutLineV","0.832050294337843","1.0189677296904546E-16","0.5547001962252298","OutLineSize","4","OutLine","54.91531942629771","31.895261282950674","55.308619706459304","37.10147428842501","57.03598568323132","42.02849628462472","58.24352060364909","44.09866559990572"
"IsShading","True"
"Disp3D","True"
"LayerSize","8"
"DispLayerBit","80","00","02","00","00","00","00","00"
"ElementEnd"
"Element"
"Name","パッキン"
"PrimitiveId","Revolution","PrimitiveFace","FRONT","LineColor","Blue","LineThickness","1","LineType","0","Reverse","False","DivideAngle","0.20943951023931953","FaceColors","1","AntiqueWhite"
"RevolutionData","StartAngle","0","EndAngle","6.283185307179586","DivideAngle","0.17453292519943295","Close","False","CenterLineSp","120","515","-3.999999999999986","CenterLineV","0","0","18","OutLineCp","48","515","10.000000000000014","OutLineU","0","-1.8369701987210297E-16","-1","OutLineV","-1","0","0","OutLineSize","5","OutLine","0","-0","3","-0","3","10","-0","10","0","-0"
"IsShading","True"
"Disp3D","True"
"LayerSize","8"
"DispLayerBit","00","00","03","00","00","00","00","00"
"ElementEnd"
"Element"
"Name","フレーム"
"PrimitiveId","Revolution","PrimitiveFace","FRONT","LineColor","DarkGray","LineThickness","1","LineType","0","Reverse","False","DivideAngle","0.20943951023931953","FaceColors","1","DarkGray"
"RevolutionData","StartAngle","0","EndAngle","6.283185307179586","DivideAngle","0.17453292519943295","Close","False","CenterLineSp","120","515","-4.999999999999986","CenterLineV","0","0","21","OutLineCp","50","515","1.4210854715202004E-14","OutLineU","-0.274721127897378","1.766290837172792E-16","0.9615239476408232","OutLineV","-0.961523947640823","-5.046545249065124E-17","-0.2747211278973783","OutLineSize","13","OutLine","-0","0","1.9984014443252818E-15","1.0000000000000042","6.5258084765261595","0.9999999999999987","9.340518348510855","10.851484551946434","11.263566243792503","10.302042296151678","12.087729627484642","13.186614139074145","7.280109889280522","14.560219778561036","7.5548310171779","15.521743726201858","13.32397470302284","13.87341695881759","11.950369063535947","9.065797220613476","10.027321168254304","9.615239476408231","7.280109889280519","0","-0","0"
"IsShading","True"
"Disp3D","True"
"LayerSize","8"
"DispLayerBit","00","02","02","00","00","00","00","00"
"ElementEnd"
"Element"
"Name","フレーム支え"
"PrimitiveId","Revolution","PrimitiveFace","FRONT","LineColor","Fuchsia","LineThickness","1","LineType","0","Reverse","False","DivideAngle","0.20943951023931953","FaceColors","1","DarkGray"
"RevolutionData","StartAngle","0.6108652381980153","EndAngle","0.9599310885968813","DivideAngle","0.17453292519943295","Close","False","CenterLineSp","120","515","-39.999999999999986","CenterLineV","0","0","17","OutLineCp","120","515","10.000000000000014","OutLineU","-1.8369701987210297E-16","1","-1.8369701987210297E-16","OutLineV","0","-1.8369701987210297E-16","-1","OutLineSize","2","OutLine","-52","31","-70","10"
"IsShading","True"
"Disp3D","True"
"LayerSize","8"
"DispLayerBit","00","40","02","00","00","00","00","00"
"ElementEnd"
"Element"
"Name","フレーム支え"
"PrimitiveId","Revolution","PrimitiveFace","FRONT","LineColor","Fuchsia","LineThickness","1","LineType","0","Reverse","False","DivideAngle","0.20943951023931953","FaceColors","1","DarkGray"
"RevolutionData","StartAngle","0.6108652381980153","EndAngle","0.9599310885968813","DivideAngle","0.17453292519943295","Close","False","CenterLineSp","120","515","-39.999999999999986","CenterLineV","0","0","17","OutLineCp","120","515","10.000000000000014","OutLineU","1","0","0","OutLineV","0","-1.8369701987210297E-16","-1","OutLineSize","2","OutLine","-52","31","-70","10"
"IsShading","True"
"Disp3D","True"
"LayerSize","8"
"DispLayerBit","00","40","02","00","00","00","00","00"
"ElementEnd"
"Element"
"Name","フレーム支え"
"PrimitiveId","Revolution","PrimitiveFace","FRONT","LineColor","Fuchsia","LineThickness","1","LineType","0","Reverse","False","DivideAngle","0.20943951023931953","FaceColors","1","DarkGray"
"RevolutionData","StartAngle","0.6108652381980153","EndAngle","0.9599310885968813","DivideAngle","0.17453292519943295","Close","False","CenterLineSp","120","515","-39.999999999999986","CenterLineV","0","0","17","OutLineCp","120","515","10.000000000000014","OutLineU","6.123233995736766E-17","-1","1.8369701987210297E-16","OutLineV","0","-1.8369701987210297E-16","-1","OutLineSize","2","OutLine","-52","31","-70","10"
"IsShading","True"
"Disp3D","True"
"LayerSize","8"
"DispLayerBit","00","40","02","00","00","00","00","00"
"ElementEnd"
"Element"
"Name","フレーム支え"
"PrimitiveId","Revolution","PrimitiveFace","FRONT","LineColor","Fuchsia","LineThickness","1","LineType","0","Reverse","False","DivideAngle","0.20943951023931953","FaceColors","1","DarkGray"
"RevolutionData","StartAngle","0.6108652381980153","EndAngle","0.9599310885968813","DivideAngle","0.17453292519943295","Close","False","CenterLineSp","120","515","-39.999999999999986","CenterLineV","0","0","17","OutLineCp","120","515","10.000000000000014","OutLineU","-1","-1.2246467991473532E-16","2.2496396739927864E-32","OutLineV","0","-1.8369701987210297E-16","-1","OutLineSize","2","OutLine","-52","31","-70","10"
"IsShading","True"
"Disp3D","True"
"LayerSize","8"
"DispLayerBit","00","40","02","00","00","00","00","00"
"ElementEnd"
"Element"
"Name","フレーム"
"PrimitiveId","Revolution","PrimitiveFace","FRONT","LineColor","DarkGray","LineThickness","1","LineType","0","Reverse","False","DivideAngle","0.20943951023931953","FaceColors","1","DarkGray"
"RevolutionData","StartAngle","0","EndAngle","6.283185307179586","DivideAngle","0.17453292519943295","Close","False","CenterLineSp","120","515","-29.999999999999986","CenterLineV","0","0","27","OutLineCp","73","515","-32.999999999999986","OutLineU","-1","0","0","OutLineV","0","1.8369701987210297E-16","1","OutLineSize","4","OutLine","-0","-0","1","-0","3","5","5","12"
"IsShading","True"
"Disp3D","True"
"LayerSize","8"
"DispLayerBit","00","20","02","00","00","00","00","00"
"ElementEnd"
"Element"
"Name","フレーム外周"
"PrimitiveId","Polygon","PrimitiveFace","TOP","LineColor","SpringGreen","LineThickness","1","LineType","0","Reverse","True","DivideAngle","0.20943951023931953","FaceColors","1","Silver"
"PolygonData","Cp","55.65328291202417","450.65328291202417","3.0000000000000284","U","0.707106781186551","0.7071067811865439","-1.2989340843532331E-16","V","0.707106781186544","-0.707106781186551","1.2989340843532462E-16","Size","39","Multi","False","-1.0048591735576212E-14","-1.004859173557611E-14","-0.08518543427733456","0.6470476127562941","-0.33493649053891056","1.249999999999997","-0.7322330470336326","1.7677669529663627","-1.2500000000000047","2.1650635094611","-1.8529523872437","2.414814565722667","-2.4999999999999982","2.5000000000000027","-3.147047612756298","2.4148145657226734","-3.75","2.1650635094610977","-4.267766952966371","1.7677669529663802","-4.6650635094611035","1.2500000000000036","-4.914814565722675","0.6470476127563135","-5.0000000000000115","-5.329070518200753E-15","-9.000000000000034","5.329070518200753E-15","-8.349390390065269","2.428108120169082","5.86431722932216","35.88563625044517","28.253149988378944","64.52434852185559","57.2913459338709","86.3925640208134","91.00000000000053","99.99999999999956","91.00000000000048","95.99999999999955","90.35295238724419","95.91481456572222","89.75000000000051","95.66506350946067","89.23223304703413","95.26776695296591","88.83493649053942","94.74999999999957","88.58518543427783","94.14704761275588","88.5000000000005","93.49999999999955","88.58518543427786","92.85295238724326","88.8349364905394","92.24999999999956","89.23223304703414","91.73223304703316","89.7500000000005","91.33493649053845","90.35295238724422","91.08518543427687","91.00000000000048","90.99999999999955","91.00000000000045","86.99999999999955","68.48274307608112","84.0355468871486","47.500000000000405","75.34421012924594","29.481710036770686","61.51828996322949","15.6557898707541","43.49999999999995","6.964453112851202","22.517256923919295","4.000000000000013","-0"
"IsShading","True"
"Disp3D","True"
"LayerSize","8"
"DispLayerBit","00","80","02","00","00","00","00","00"
"ElementEnd"
"Element"
"Name","フレーム外周"
"PrimitiveId","Polygon","PrimitiveFace","TOP","LineColor","SpringGreen","LineThickness","1","LineType","0","Reverse","True","DivideAngle","0.20943951023931953","FaceColors","1","Silver"
"PolygonData","Cp","55.65328291202417","579.3467170879758","3","U","0.7071067811865439","-0.707106781186551","1.2989340843532462E-16","V","-0.707106781186551","-0.707106781186544","1.2989340843532334E-16","Size","39","Multi","False","-1.0048591735576212E-14","-1.004859173557611E-14","-0.08518543427733456","0.6470476127562941","-0.33493649053891056","1.249999999999997","-0.7322330470336326","1.7677669529663627","-1.2500000000000047","2.1650635094611","-1.8529523872437","2.414814565722667","-2.4999999999999982","2.5000000000000027","-3.147047612756298","2.4148145657226734","-3.75","2.1650635094610977","-4.267766952966371","1.7677669529663802","-4.6650635094611035","1.2500000000000036","-4.914814565722675","0.6470476127563135","-5.0000000000000115","-5.329070518200753E-15","-9.000000000000034","5.329070518200753E-15","-8.349390390065269","2.428108120169082","5.86431722932216","35.88563625044517","28.253149988378944","64.52434852185559","57.2913459338709","86.3925640208134","91.00000000000053","99.99999999999956","91.00000000000048","95.99999999999955","90.35295238724419","95.91481456572222","89.75000000000051","95.66506350946067","89.23223304703413","95.26776695296591","88.83493649053942","94.74999999999957","88.58518543427783","94.14704761275588","88.5000000000005","93.49999999999955","88.58518543427786","92.85295238724326","88.8349364905394","92.24999999999956","89.23223304703414","91.73223304703316","89.7500000000005","91.33493649053845","90.35295238724422","91.08518543427687","91.00000000000048","90.99999999999955","91.00000000000045","86.99999999999955","68.48274307608112","84.0355468871486","47.500000000000405","75.34421012924594","29.481710036770686","61.51828996322949","15.6557898707541","43.49999999999995","6.964453112851202","22.517256923919295","4.000000000000013","-0"
"IsShading","True"
"Disp3D","True"
"LayerSize","8"
"DispLayerBit","00","80","02","00","00","00","00","00"
"ElementEnd"
"Element"
"Name","フレーム外周"
"PrimitiveId","Polygon","PrimitiveFace","TOP","LineColor","SpringGreen","LineThickness","1","LineType","0","Reverse","True","DivideAngle","0.20943951023931953","FaceColors","1","Silver"
"PolygonData","Cp","184.34671708797578","579.3467170879759","3","U","-0.7071067811865508","-0.7071067811865441","1.2989340843532336E-16","V","-0.7071067811865442","0.7071067811865508","-1.298934084353246E-16","Size","39","Multi","False","-1.0048591735576212E-14","-1.004859173557611E-14","-0.08518543427733456","0.6470476127562941","-0.33493649053891056","1.249999999999997","-0.7322330470336326","1.7677669529663627","-1.2500000000000047","2.1650635094611","-1.8529523872437","2.414814565722667","-2.4999999999999982","2.5000000000000027","-3.147047612756298","2.4148145657226734","-3.75","2.1650635094610977","-4.267766952966371","1.7677669529663802","-4.6650635094611035","1.2500000000000036","-4.914814565722675","0.6470476127563135","-5.0000000000000115","-5.329070518200753E-15","-9.000000000000034","5.329070518200753E-15","-8.349390390065269","2.428108120169082","5.86431722932216","35.88563625044517","28.253149988378944","64.52434852185559","57.2913459338709","86.3925640208134","91.00000000000053","99.99999999999956","91.00000000000048","95.99999999999955","90.35295238724419","95.91481456572222","89.75000000000051","95.66506350946067","89.23223304703413","95.26776695296591","88.83493649053942","94.74999999999957","88.58518543427783","94.14704761275588","88.5000000000005","93.49999999999955","88.58518543427786","92.85295238724326","88.8349364905394","92.24999999999956","89.23223304703414","91.73223304703316","89.7500000000005","91.33493649053845","90.35295238724422","91.08518543427687","91.00000000000048","90.99999999999955","91.00000000000045","86.99999999999955","68.48274307608112","84.0355468871486","47.500000000000405","75.34421012924594","29.481710036770686","61.51828996322949","15.6557898707541","43.49999999999995","6.964453112851202","22.517256923919295","4.000000000000013","-0"
"IsShading","True"
"Disp3D","True"
"LayerSize","8"
"DispLayerBit","00","80","02","00","00","00","00","00"
"ElementEnd"
"Element"
"Name","フレーム外周"
"PrimitiveId","Polygon","PrimitiveFace","TOP","LineColor","SpringGreen","LineThickness","1","LineType","0","Reverse","True","DivideAngle","0.20943951023931953","FaceColors","1","Silver"
"PolygonData","Cp","184.34671708797583","450.6532829120242","3.0000000000000284","U","-0.7071067811865441","0.7071067811865508","-1.298934084353246E-16","V","0.7071067811865508","0.7071067811865442","-1.298934084353234E-16","Size","39","Multi","False","-1.0048591735576212E-14","-1.004859173557611E-14","-0.08518543427733456","0.6470476127562941","-0.33493649053891056","1.249999999999997","-0.7322330470336326","1.7677669529663627","-1.2500000000000047","2.1650635094611","-1.8529523872437","2.414814565722667","-2.4999999999999982","2.5000000000000027","-3.147047612756298","2.4148145657226734","-3.75","2.1650635094610977","-4.267766952966371","1.7677669529663802","-4.6650635094611035","1.2500000000000036","-4.914814565722675","0.6470476127563135","-5.0000000000000115","-5.329070518200753E-15","-9.000000000000034","5.329070518200753E-15","-8.349390390065269","2.428108120169082","5.86431722932216","35.88563625044517","28.253149988378944","64.52434852185559","57.2913459338709","86.3925640208134","91.00000000000053","99.99999999999956","91.00000000000048","95.99999999999955","90.35295238724419","95.91481456572222","89.75000000000051","95.66506350946067","89.23223304703413","95.26776695296591","88.83493649053942","94.74999999999957","88.58518543427783","94.14704761275588","88.5000000000005","93.49999999999955","88.58518543427786","92.85295238724326","88.8349364905394","92.24999999999956","89.23223304703414","91.73223304703316","89.7500000000005","91.33493649053845","90.35295238724422","91.08518543427687","91.00000000000048","90.99999999999955","91.00000000000045","86.99999999999955","68.48274307608112","84.0355468871486","47.500000000000405","75.34421012924594","29.481710036770686","61.51828996322949","15.6557898707541","43.49999999999995","6.964453112851202","22.517256923919295","4.000000000000013","-0"
"IsShading","True"
"Disp3D","True"
"LayerSize","8"
"DispLayerBit","00","80","02","00","00","00","00","00"
"ElementEnd"
"Element"
"Name","フレーム外周"
"PrimitiveId","Extrusion","PrimitiveFace","TOP","LineColor","SteelBlue","LineThickness","1","LineType","0","Reverse","False","DivideAngle","0.20943951023931953","FaceColors","1","Silver"
"ExtrusionData","Vector","0","-5.51091059616309E-16","-3","SrcFace","XY","Close","True","Cp","191","444","3.0000000000000284","U","-0.9241246978598912","-0.3820910137720655","7.018898054983908E-17","V","-0.38209101377206683","0.9241246978598907","-1.697589529870695E-16","Size","10","Multi","False","-0","-0","37.11065738803781","-0","72.95679978970873","9.60494490829872","105.09557183889017","28.16027360231762","131.2257070961044","54.25692395563324","132.0182791766819","53.64714571964153","105.70433326789886","27.366920262026383","73.33948322207384","8.681065375787451","37.24118358025786","-0.9914448613738216","-0.13052619222005318","-0.9914448613738247"
"IsShading","True"
"Disp3D","True"
"LayerSize","8"
"DispLayerBit","00","80","02","00","00","00","00","00"
"ElementEnd"
"Element"
"Name","フレーム外周"
"PrimitiveId","Extrusion","PrimitiveFace","TOP","LineColor","SteelBlue","LineThickness","1","LineType","0","Reverse","False","DivideAngle","0.20943951023931953","FaceColors","1","Silver"
"ExtrusionData","Vector","0","-5.51091059616309E-16","-3","SrcFace","XY","Close","True","Cp","49","444","3.0000000000000284","U","-0.38209101377206556","0.9241246978598912","-1.6975895298706958E-16","V","0.9241246978598907","0.3820910137720669","-7.018898054983934E-17","Size","10","Multi","False","-0","-0","37.11065738803781","-0","72.95679978970873","9.60494490829872","105.09557183889017","28.16027360231762","131.2257070961044","54.25692395563324","132.0182791766819","53.64714571964153","105.70433326789886","27.366920262026383","73.33948322207384","8.681065375787451","37.24118358025786","-0.9914448613738216","-0.13052619222005318","-0.9914448613738247"
"IsShading","True"
"Disp3D","True"
"LayerSize","8"
"DispLayerBit","00","80","02","00","00","00","00","00"
"ElementEnd"
"Element"
"Name","フレーム外周"
"PrimitiveId","Extrusion","PrimitiveFace","TOP","LineColor","SteelBlue","LineThickness","1","LineType","0","Reverse","False","DivideAngle","0.20943951023931953","FaceColors","1","Silver"
"ExtrusionData","Vector","0","-5.51091059616309E-16","-3","SrcFace","XY","Close","True","Cp","191","586","3","U","0.3820910137720659","-0.924124697859891","1.6975895298706956E-16","V","-0.9241246978598906","-0.3820910137720672","7.01889805498394E-17","Size","10","Multi","False","-0","-0","37.11065738803781","-0","72.95679978970873","9.60494490829872","105.09557183889017","28.16027360231762","131.2257070961044","54.25692395563324","132.0182791766819","53.64714571964153","105.70433326789886","27.366920262026383","73.33948322207384","8.681065375787451","37.24118358025786","-0.9914448613738216","-0.13052619222005318","-0.9914448613738247"
"IsShading","True"
"Disp3D","True"
"LayerSize","8"
"DispLayerBit","00","80","02","00","00","00","00","00"
"ElementEnd"
"Element"
"Name","フレーム外周"
"PrimitiveId","Extrusion","PrimitiveFace","TOP","LineColor","SteelBlue","LineThickness","1","LineType","0","Reverse","False","DivideAngle","0.20943951023931953","FaceColors","1","Silver"
"ExtrusionData","Vector","0","-5.51091059616309E-16","-3","SrcFace","XY","Close","True","Cp","49","586","3","U","0.924124697859891","0.38209101377206584","-7.018898054983914E-17","V","0.38209101377206717","-0.9241246978598906","1.6975895298706948E-16","Size","10","Multi","False","-0","-0","37.11065738803781","-0","72.95679978970873","9.60494490829872","105.09557183889017","28.16027360231762","131.2257070961044","54.25692395563324","132.0182791766819","53.64714571964153","105.70433326789886","27.366920262026383","73.33948322207384","8.681065375787451","37.24118358025786","-0.9914448613738216","-0.13052619222005318","-0.9914448613738247"
"IsShading","True"
"Disp3D","True"
"LayerSize","8"
"DispLayerBit","00","80","02","00","00","00","00","00"
"ElementEnd"
"Element"
"Name","マグネット"
"PrimitiveId","Revolution","PrimitiveFace","FRONT","LineColor","DarkGray","LineThickness","1","LineType","0","Reverse","False","DivideAngle","0.20943951023931953","FaceColors","1","DarkGray"
"RevolutionData","StartAngle","0","EndAngle","6.283185307179586","DivideAngle","0.17453292519943295","Close","False","CenterLineSp","120","515","-49.999999999999986","CenterLineV","0","0","10","OutLineCp","73","515","-37.999999999999986","OutLineU","-1","0","0","OutLineV","0","-1.8369701987210297E-16","-1","OutLineSize","4","OutLine","0","15","2.5","15","2.5","0","0","0"
"IsShading","True"
"Disp3D","True"
"LayerSize","8"
"DispLayerBit","00","10","02","00","00","00","00","00"
"ElementEnd"
"Element"
"Name","メインコーン"
"PrimitiveId","Revolution","PrimitiveFace","FRONT","LineColor","Blue","LineThickness","1","LineType","0","Reverse","False","DivideAngle","0.20943951023931953","FaceColors","1","Cornsilk"
"RevolutionData","StartAngle","0","EndAngle","6.283185307179586","DivideAngle","0.17453292519943295","Close","False","CenterLineSp","120","515","-44.999999999999986","CenterLineV","0","0","58","OutLineCp","108","515","-20.999999999999986","OutLineU","-0.6969417365161222","1.3173423132153696E-16","0.7171277542404089","OutLineV","-0.717127754240406","-1.2802612002250052E-16","-0.6969417365161248","OutLineSize","11","OutLine","61.89608130969886","23.513296631973112","59.80525610015049","21.361913369251887","56.259989364397015","22.01848307031943","56.320547417569855","17.776274598049838","53.4924084360568","17.73590256260127","53.57315250695392","12.07962459957514","53.54757910040393","12.067468128694411","33.182117550134734","4.486398312224898","11.809614163361946","0.5569272663890601","0.07767213740655696","0","-0","0"
"IsShading","True"
"Disp3D","True"
"LayerSize","8"
"DispLayerBit","00","04","02","00","00","00","00","00"
"ElementEnd"
"Element"
"Name","線分"
"PrimitiveId","Line","PrimitiveFace","FRONT","LineColor","Blue","LineThickness","1","LineType","2","Reverse","False","DivideAngle","0.20943951023931953","FaceColors","1","Blue"
"LineData","Sp","120.0000000000001","515","-89","V","-1.4210854715202004E-14","0","121"
"IsShading","True"
"Disp3D","False"
"LayerSize","8"
"DispLayerBit","00","00","04","00","00","00","00","00"
"ElementEnd"
