﻿"DataManage"
"AppName","Mini3DCad"
"PrimitiveBrush","SeaGreen"
"Face","NON"
"ArcDivideAngle","0.20943951023931953"
"RevolutionDivideAngle","0.17453292519943295"
"SweepDivideAngle","0.3490658503988659"
"SurfaceVertex","False"
"WireFrame","False"
"ZumenComment",""
"Area","-51","-43","-25.000000000000032","53.000000000000014","43","11.999999999999996"
"Layer"
"LayerSize","64"
"DispLayerBit","B3","09","00","00","00","00","00","00"
"LayerAll","False"
"LayerList","0","マグネットフレーム","1","マグネット","2","補助線","3","中心線","4","コーン","5","フレーム","6","フレーム補助線","7","外周フレーム","8","コーン補助線","9","取付穴","10","外周フレーム補助線","11","フレームベース","12","FT28D"
"LayerEnd"
"DataManageEnd"
"DataDraw"
"WorldSize","30"
"GridSize","1"
"BaseBackColor","AliceBlue"
"World","-38.41836373313842","43","51.41836373313845","-43"
"DataDrawEnd"
"Element"
"Name","補助線"
"PrimitiveId","Line","LineColor","Aqua","LineThickness","1","LineType","1","Close","True","Reverse","False","DivideAngle","0.20943951023931953","FaceColors","1","Aqua"
"LineData","Sp","-7.105427357601002E-15","0","8.999999999999996","V","0","0","-10.000000000000002"
"IsShading","True"
"Disp3D","True"
"LayerSize","8"
"DispLayerBit","04","00","00","00","00","00","00","00"
"ElementEnd"
"Element"
"Name","補助線"
"PrimitiveId","Line","LineColor","Aqua","LineThickness","1","LineType","1","Close","True","Reverse","False","DivideAngle","0.20943951023931953","FaceColors","1","Aqua"
"LineData","Sp","-4.000000000000007","0","0.9999999999999947","V","27","0","0"
"IsShading","True"
"Disp3D","True"
"LayerSize","8"
"DispLayerBit","04","00","00","00","00","00","00","00"
"ElementEnd"
"Element"
"Name","補助線"
"PrimitiveId","Line","LineColor","Aqua","LineThickness","1","LineType","1","Close","True","Reverse","False","DivideAngle","0.20943951023931953","FaceColors","1","Aqua"
"LineData","Sp","10.999999999999993","0","8.999999999999996","V","0","0","-10.000000000000002"
"IsShading","True"
"Disp3D","True"
"LayerSize","8"
"DispLayerBit","04","00","00","00","00","00","00","00"
"ElementEnd"
"Element"
"Name","補助線"
"PrimitiveId","Line","LineColor","Aqua","LineThickness","1","LineType","1","Close","True","Reverse","False","DivideAngle","0.20943951023931953","FaceColors","1","Aqua"
"LineData","Sp","13.999999999999993","0","8.999999999999996","V","0","0","-10.000000000000002"
"IsShading","True"
"Disp3D","True"
"LayerSize","8"
"DispLayerBit","04","00","00","00","00","00","00","00"
"ElementEnd"
"Element"
"Name","補助線"
"PrimitiveId","Line","LineColor","Aqua","LineThickness","1","LineType","1","Close","True","Reverse","False","DivideAngle","0.20943951023931953","FaceColors","1","Aqua"
"LineData","Sp","20.999999999999993","0","8.999999999999996","V","0","0","-10.000000000000002"
"IsShading","True"
"Disp3D","True"
"LayerSize","8"
"DispLayerBit","04","00","00","00","00","00","00","00"
"ElementEnd"
"Element"
"Name","補助線"
"PrimitiveId","Line","LineColor","Aqua","LineThickness","1","LineType","1","Close","True","Reverse","False","DivideAngle","0.20943951023931953","FaceColors","1","Aqua"
"LineData","Sp","10.999999999999993","0","2.4999999999999947","V","3","0","0"
"IsShading","True"
"Disp3D","True"
"LayerSize","8"
"DispLayerBit","04","00","00","00","00","00","00","00"
"ElementEnd"
"Element"
"Name","補助線"
"PrimitiveId","Line","LineColor","Aqua","LineThickness","1","LineType","1","Close","True","Reverse","False","DivideAngle","0.20943951023931953","FaceColors","1","Aqua"
"LineData","Sp","-11.000000000000007","0","8.999999999999996","V","0","0","-10.000000000000005"
"IsShading","True"
"Disp3D","True"
"LayerSize","8"
"DispLayerBit","04","00","00","00","00","00","00","00"
"ElementEnd"
"Element"
"Name","フレーム0"
"PrimitiveId","Arc","LineColor","Black","LineThickness","1","LineType","0","Close","True","Reverse","False","DivideAngle","0.20943951023931953","FaceColors","1","Black"
"ArcData","Cp","-73.1","-7.105427357601002E-15","-5.26598123633362E-15","R","118.10000000000001","U","1","0","0","V","0","1","1.2246467991473594E-16","Sa","6.108652381980153","Ea","6.457718232379019"
"IsShading","True"
"Disp3D","True"
"LayerSize","8"
"DispLayerBit","40","00","00","00","00","00","00","00"
"ElementEnd"
"Element"
"Name","フレーム補助線"
"PrimitiveId","Arc","LineColor","Black","LineThickness","1","LineType","0","Close","True","Reverse","False","DivideAngle","0.20943951023931953","FaceColors","1","Black"
"ArcData","Cp","0","-7.105427357601002E-15","-5.26598123633362E-15","R","32","U","1","0","0","V","0","1","1.2246467991473594E-16","Sa","0","Ea","6.283185307179586"
"IsShading","True"
"Disp3D","True"
"LayerSize","8"
"DispLayerBit","40","00","00","00","00","00","00","00"
"ElementEnd"
"Element"
"Name","フレーム補助線"
"PrimitiveId","Arc","LineColor","Black","LineThickness","1","LineType","0","Close","True","Reverse","False","DivideAngle","0.20943951023931953","FaceColors","1","Black"
"ArcData","Cp","23.50738215856758","17.047689358633924","-3.1782414157426758E-15","R","20","U","1","0","0","V","0","1","1.2246467991473515E-16","Sa","0","Ea","1.405074729154234"
"IsShading","True"
"Disp3D","True"
"LayerSize","8"
"DispLayerBit","40","00","00","00","00","00","00","00"
"ElementEnd"
"Element"
"Name","フレーム補助線"
"PrimitiveId","Arc","LineColor","Black","LineThickness","1","LineType","0","Close","True","Reverse","False","DivideAngle","0.20943951023931953","FaceColors","1","Black"
"ArcData","Cp","0","-123.5","-2.039036920580343E-14","R","162.5","U","1","0","0","V","0","1","1.2246467991473515E-16","Sa","1.4050747291542338","Ea","1.7365179244355595"
"IsShading","True"
"Disp3D","True"
"LayerSize","8"
"DispLayerBit","40","00","00","00","00","00","00","00"
"ElementEnd"
"Element"
"Name","補助線"
"PrimitiveId","Line","LineColor","SeaGreen","LineThickness","1","LineType","0","Close","True","Reverse","False","DivideAngle","0.20943951023931953","FaceColors","1","SeaGreen"
"LineData","Sp","23.50738215856758","17.047689358633924","-3.1782414157426758E-15","V","19.756859342295037","3.089394976487416","3.783417669257225E-16"
"IsShading","True"
"Disp3D","True"
"LayerSize","8"
"DispLayerBit","40","00","00","00","00","00","00","00"
"ElementEnd"
"Element"
"Name","補助線"
"PrimitiveId","Line","LineColor","SeaGreen","LineThickness","1","LineType","0","Close","True","Reverse","False","DivideAngle","0.20943951023931953","FaceColors","1","SeaGreen"
"LineData","Sp","23.50738215856758","17.047689358633924","-3.1782414157426758E-15","V","3.299281706465621","19.72599148893108","2.4157372336927378E-15"
"IsShading","True"
"Disp3D","True"
"LayerSize","8"
"DispLayerBit","40","00","00","00","00","00","00","00"
"ElementEnd"
"Element"
"Name","フレーム補助線"
"PrimitiveId","Arc","LineColor","Black","LineThickness","1","LineType","0","Close","True","Reverse","False","DivideAngle","0.20943951023931953","FaceColors","1","Black"
"ArcData","Cp","23.507382158567594","-17.047689358633995","-7.353721056924571E-15","R","19.99999999999997","U","1","0","0","V","0","1","1.2246467991473515E-16","Sa","4.878195259324151","Ea","6.108652381980153"
"IsShading","True"
"Disp3D","True"
"LayerSize","8"
"DispLayerBit","40","00","00","00","00","00","00","00"
"ElementEnd"
"Element"
"Name","フレーム補助線"
"PrimitiveId","Arc","LineColor","Black","LineThickness","1","LineType","0","Close","True","Reverse","False","DivideAngle","0.20943951023931953","FaceColors","1","Black"
"ArcData","Cp","2.842170943040401E-14","123.49999999999824","9.858406733135977E-15","R","162.4999999999983","U","1","0","0","V","0","1","1.2246467991473515E-16","Sa","4.548328030697223","Ea","4.878195259324151"
"IsShading","True"
"Disp3D","True"
"LayerSize","8"
"DispLayerBit","40","00","00","00","00","00","00","00"
"ElementEnd"
"Element"
"Name","フレーム補助線"
"PrimitiveId","Arc","LineColor","Black","LineThickness","1","LineType","0","Close","True","Reverse","False","DivideAngle","0.20943951023931953","FaceColors","1","Black"
"ArcData","Cp","73.1","-7.105427357601002E-15","-5.26598123633362E-15","R","118.1","U","1","0","0","V","0","1","1.2246467991473594E-16","Sa","2.9670597283903604","Ea","3.3161255787892263"
"IsShading","True"
"Disp3D","True"
"LayerSize","8"
"DispLayerBit","40","00","00","00","00","00","00","00"
"ElementEnd"
"Element"
"Name","フレーム補助線"
"PrimitiveId","Arc","LineColor","Black","LineThickness","1","LineType","0","Close","True","Reverse","False","DivideAngle","0.20943951023931953","FaceColors","1","Black"
"ArcData","Cp","-23.507382158567594","17.047689358633924","-3.1782414157426758E-15","R","20","U","1","0","0","V","0","1","1.2246467991473515E-16","Sa","1.736602605734358","Ea","2.9670597283903604"
"IsShading","True"
"Disp3D","True"
"LayerSize","8"
"DispLayerBit","40","00","00","00","00","00","00","00"
"ElementEnd"
"Element"
"Name","フレーム補助線"
"PrimitiveId","Arc","LineColor","Black","LineThickness","1","LineType","0","Close","True","Reverse","False","DivideAngle","0.20943951023931953","FaceColors","1","Black"
"ArcData","Cp","-23.507382158567566","-17.04768935863394","-7.353721056924563E-15","R","20","U","1","0","0","V","0","1","1.2246467991473515E-16","Sa","3.3161255787892263","Ea","4.557054676957194"
"IsShading","True"
"Disp3D","True"
"LayerSize","8"
"DispLayerBit","40","00","00","00","00","00","00","00"
"ElementEnd"
"Element"
"Name","中心線"
"PrimitiveId","Line","LineColor","Black","LineThickness","1","LineType","2","Close","True","Reverse","False","DivideAngle","0.20943951023931953","FaceColors","1","Black"
"LineData","Sp","-51","-7.105427357601002E-15","-5.26598123633362E-15","V","104.00000000000001","0","0"
"IsShading","True"
"Disp3D","True"
"LayerSize","8"
"DispLayerBit","08","00","00","00","00","00","00","00"
"ElementEnd"
"Element"
"Name","中心線"
"PrimitiveId","Line","LineColor","Black","LineThickness","1","LineType","2","Close","True","Reverse","False","DivideAngle","0.20943951023931953","FaceColors","1","Black"
"LineData","Sp","0","43","-0","V","0","-86","-1.0531962472667237E-14"
"IsShading","True"
"Disp3D","True"
"LayerSize","8"
"DispLayerBit","08","00","00","00","00","00","00","00"
"ElementEnd"
"Element"
"Name","取付穴"
"PrimitiveId","Arc","LineColor","Black","LineThickness","1","LineType","0","Close","True","Reverse","False","DivideAngle","0.20943951023931953","FaceColors","1","Black"
"ArcData","Cp","32.500000000000014","26.499999999999936","-2.0206672185931406E-15","R","2","U","1","0","0","V","0","1","1.2246467991473515E-16","Sa","0","Ea","6.283185307179586"
"IsShading","True"
"Disp3D","True"
"LayerSize","8"
"DispLayerBit","00","02","00","00","00","00","00","00"
"ElementEnd"
"Element"
"Name","取付穴"
"PrimitiveId","Arc","LineColor","Black","LineThickness","1","LineType","0","Close","True","Reverse","False","DivideAngle","0.20943951023931953","FaceColors","1","Black"
"ArcData","Cp","32.500000000000014","26.499999999999936","-2.0206672185931406E-15","R","3.5","U","1","0","0","V","0","1","1.2246467991473515E-16","Sa","0","Ea","6.283185307179586"
"IsShading","True"
"Disp3D","True"
"LayerSize","8"
"DispLayerBit","00","02","00","00","00","00","00","00"
"ElementEnd"
"Element"
"Name","取付穴"
"PrimitiveId","Arc","LineColor","Black","LineThickness","1","LineType","0","Close","True","Reverse","False","DivideAngle","0.20943951023931953","FaceColors","1","Black"
"ArcData","Cp","-32.5","26.499999999999936","-2.0206672185931406E-15","R","2","U","1","0","0","V","0","1","1.2246467991473515E-16","Sa","0","Ea","6.283185307179586"
"IsShading","True"
"Disp3D","True"
"LayerSize","8"
"DispLayerBit","00","02","00","00","00","00","00","00"
"ElementEnd"
"Element"
"Name","取付穴"
"PrimitiveId","Arc","LineColor","Black","LineThickness","1","LineType","0","Close","True","Reverse","False","DivideAngle","0.20943951023931953","FaceColors","1","Black"
"ArcData","Cp","-32.5","26.499999999999936","-2.0206672185931406E-15","R","3.5","U","1","0","0","V","0","1","1.2246467991473515E-16","Sa","0","Ea","6.283185307179586"
"IsShading","True"
"Disp3D","True"
"LayerSize","8"
"DispLayerBit","00","02","00","00","00","00","00","00"
"ElementEnd"
"Element"
"Name","取付穴"
"PrimitiveId","Arc","LineColor","Black","LineThickness","1","LineType","0","Close","True","Reverse","False","DivideAngle","0.20943951023931953","FaceColors","1","Black"
"ArcData","Cp","-32.5","-26.499999999999993","-8.511295254074105E-15","R","2","U","1","0","0","V","0","1","1.2246467991473673E-16","Sa","0","Ea","6.283185307179586"
"IsShading","True"
"Disp3D","True"
"LayerSize","8"
"DispLayerBit","00","02","00","00","00","00","00","00"
"ElementEnd"
"Element"
"Name","取付穴"
"PrimitiveId","Arc","LineColor","Black","LineThickness","1","LineType","0","Close","True","Reverse","False","DivideAngle","0.20943951023931953","FaceColors","1","Black"
"ArcData","Cp","-32.5","-26.499999999999993","-8.511295254074105E-15","R","3.5","U","1","0","0","V","0","1","1.2246467991473673E-16","Sa","0","Ea","6.283185307179586"
"IsShading","True"
"Disp3D","True"
"LayerSize","8"
"DispLayerBit","00","02","00","00","00","00","00","00"
"ElementEnd"
"Element"
"Name","取付穴"
"PrimitiveId","Arc","LineColor","Black","LineThickness","1","LineType","0","Close","True","Reverse","False","DivideAngle","0.20943951023931953","FaceColors","1","Black"
"ArcData","Cp","32.500000000000014","-26.499999999999993","-8.511295254074105E-15","R","2","U","1","0","0","V","0","1","1.2246467991473673E-16","Sa","0","Ea","6.283185307179586"
"IsShading","True"
"Disp3D","True"
"LayerSize","8"
"DispLayerBit","00","02","00","00","00","00","00","00"
"ElementEnd"
"Element"
"Name","取付穴"
"PrimitiveId","Arc","LineColor","Black","LineThickness","1","LineType","0","Close","True","Reverse","False","DivideAngle","0.20943951023931953","FaceColors","1","Black"
"ArcData","Cp","32.500000000000014","-26.499999999999993","-8.511295254074105E-15","R","3.5","U","1","0","0","V","0","1","1.2246467991473673E-16","Sa","0","Ea","6.283185307179586"
"IsShading","True"
"Disp3D","True"
"LayerSize","8"
"DispLayerBit","00","02","00","00","00","00","00","00"
"ElementEnd"
"Element"
"Name","取付穴"
"PrimitiveId","Line","LineColor","Black","LineThickness","1","LineType","2","Close","True","Reverse","False","DivideAngle","0.20943951023931953","FaceColors","1","Black"
"LineData","Sp","32.5","-14.99999999999995","-7.1029514350546425E-15","V","0","-19.999999999999986","-2.4492935982947053E-15"
"IsShading","True"
"Disp3D","True"
"LayerSize","8"
"DispLayerBit","00","02","00","00","00","00","00","00"
"ElementEnd"
"Element"
"Name","取付穴"
"PrimitiveId","Line","LineColor","Black","LineThickness","1","LineType","2","Close","True","Reverse","False","DivideAngle","0.20943951023931953","FaceColors","1","Black"
"LineData","Sp","25","-26.499999999999993","-8.511295254074105E-15","V","15","0","0"
"IsShading","True"
"Disp3D","True"
"LayerSize","8"
"DispLayerBit","00","02","00","00","00","00","00","00"
"ElementEnd"
"Element"
"Name","取付穴"
"PrimitiveId","Line","LineColor","Black","LineThickness","1","LineType","2","Close","True","Reverse","False","DivideAngle","0.20943951023931953","FaceColors","1","Black"
"LineData","Sp","-40","-26.499999999999993","-8.511295254074105E-15","V","15","0","0"
"IsShading","True"
"Disp3D","True"
"LayerSize","8"
"DispLayerBit","00","02","00","00","00","00","00","00"
"ElementEnd"
"Element"
"Name","取付穴"
"PrimitiveId","Line","LineColor","Black","LineThickness","1","LineType","2","Close","True","Reverse","False","DivideAngle","0.20943951023931953","FaceColors","1","Black"
"LineData","Sp","-32.5","-15.000000000000007","-7.10295143505465E-15","V","0","-19.999999999999986","-2.449293598294706E-15"
"IsShading","True"
"Disp3D","True"
"LayerSize","8"
"DispLayerBit","00","02","00","00","00","00","00","00"
"ElementEnd"
"Element"
"Name","取付穴"
"PrimitiveId","Line","LineColor","Black","LineThickness","1","LineType","2","Close","True","Reverse","False","DivideAngle","0.20943951023931953","FaceColors","1","Black"
"LineData","Sp","-32.5","34.99999999999999","-9.797174393178834E-16","V","0","-20","-2.449293598294706E-15"
"IsShading","True"
"Disp3D","True"
"LayerSize","8"
"DispLayerBit","00","02","00","00","00","00","00","00"
"ElementEnd"
"Element"
"Name","取付穴"
"PrimitiveId","Line","LineColor","Black","LineThickness","1","LineType","2","Close","True","Reverse","False","DivideAngle","0.20943951023931953","FaceColors","1","Black"
"LineData","Sp","-40.00000000000003","26.499999999999993","-2.0206672185931335E-15","V","15","0","0"
"IsShading","True"
"Disp3D","True"
"LayerSize","8"
"DispLayerBit","00","02","00","00","00","00","00","00"
"ElementEnd"
"Element"
"Name","取付穴"
"PrimitiveId","Line","LineColor","Black","LineThickness","1","LineType","2","Close","True","Reverse","False","DivideAngle","0.20943951023931953","FaceColors","1","Black"
"LineData","Sp","32.5","35.00000000000005","-9.797174393178765E-16","V","0","-20.000000000000057","-2.4492935982947132E-15"
"IsShading","True"
"Disp3D","True"
"LayerSize","8"
"DispLayerBit","00","02","00","00","00","00","00","00"
"ElementEnd"
"Element"
"Name","取付穴"
"PrimitiveId","Line","LineColor","Black","LineThickness","1","LineType","2","Close","True","Reverse","False","DivideAngle","0.20943951023931953","FaceColors","1","Black"
"LineData","Sp","25","26.499999999999993","-2.0206672185931335E-15","V","14.999999999999972","0","0"
"IsShading","True"
"Disp3D","True"
"LayerSize","8"
"DispLayerBit","00","02","00","00","00","00","00","00"
"ElementEnd"
"Element"
"Name","取付穴"
"PrimitiveId","Line","LineColor","SeaGreen","LineThickness","1","LineType","0","Close","True","Reverse","False","DivideAngle","0.20943951023931953","FaceColors","1","SeaGreen"
"LineData","Sp","10.999999999999993","0","1.9999999999999947","V","0","0","0"
"IsShading","True"
"Disp3D","True"
"LayerSize","8"
"DispLayerBit","00","02","00","00","00","00","00","00"
"ElementEnd"
"Element"
"Name","取付穴"
"PrimitiveId","Polyline","LineColor","SlateGray","LineThickness","1","LineType","0","Close","True","Reverse","False","DivideAngle","0.20943951023931953","FaceColors","1","SlateGray"
"PolylineData","Cp","-7.105427357601002E-15","0","8.999999999999996","U","0","3.6739403974420594E-16","-1","V","1","0","-0","Size","2","Multi","False","-0","-0","9","-0"
"IsShading","True"
"Disp3D","True"
"LayerSize","8"
"DispLayerBit","00","02","00","00","00","00","00","00"
"ElementEnd"
"Element"
"Name","外周フレーム補助線"
"PrimitiveId","Line","LineColor","SeaGreen","LineThickness","1","LineType","0","Close","True","Reverse","False","DivideAngle","0.20943951023931953","FaceColors","1","SeaGreen"
"LineData","Sp","31","0","6.999999999999995","V","0","0","-7"
"IsShading","True"
"Disp3D","True"
"LayerSize","8"
"DispLayerBit","00","04","00","00","00","00","00","00"
"ElementEnd"
"Element"
"Name","外周フレーム補助線"
"PrimitiveId","Line","LineColor","Black","LineThickness","1","LineType","0","Close","True","Reverse","False","DivideAngle","0.20943951023931953","FaceColors","1","Black"
"LineData","Sp","31.000000000000004","0","6.999999999999995","V","1.4999999999999964","0","0"
"IsShading","True"
"Disp3D","True"
"LayerSize","8"
"DispLayerBit","00","04","00","00","00","00","00","00"
"ElementEnd"
"Element"
"Name","外周フレーム補助線"
"PrimitiveId","Line","LineColor","Black","LineThickness","1","LineType","0","Close","True","Reverse","False","DivideAngle","0.20943951023931953","FaceColors","1","Black"
"LineData","Sp","45","0","3.9999999999999947","V","-12.5","0","3"
"IsShading","True"
"Disp3D","True"
"LayerSize","8"
"DispLayerBit","00","04","00","00","00","00","00","00"
"ElementEnd"
"Element"
"Name","外周フレーム補助線"
"PrimitiveId","Line","LineColor","Black","LineThickness","1","LineType","0","Close","True","Reverse","False","DivideAngle","0.20943951023931953","FaceColors","1","Black"
"LineData","Sp","45","0","4.0000000000000515","V","1.4210854715202004E-14","0","-3.999999999999943"
"IsShading","True"
"Disp3D","True"
"LayerSize","8"
"DispLayerBit","00","04","00","00","00","00","00","00"
"ElementEnd"
"Element"
"Name","外周フレーム補助線"
"PrimitiveId","Line","LineColor","Black","LineThickness","1","LineType","0","Close","True","Reverse","False","DivideAngle","0.20943951023931953","FaceColors","1","Black"
"LineData","Sp","31","0","-5.2659812363336185E-15","V","14.000000000000014","0","0"
"IsShading","True"
"Disp3D","True"
"LayerSize","8"
"DispLayerBit","00","04","00","00","00","00","00","00"
"ElementEnd"
"Element"
"Name","フレーム補助線"
"PrimitiveId","Line","LineColor","SeaGreen","LineThickness","1","LineType","0","Close","True","Reverse","False","DivideAngle","0.20943951023931953","FaceColors","1","SeaGreen"
"LineData","Sp","31","0","11.999999999999996","V","0","0","-15.000000000000002"
"IsShading","True"
"Disp3D","True"
"LayerSize","8"
"DispLayerBit","00","04","00","00","00","00","00","00"
"ElementEnd"
"Element"
"Name","フレームベース中心線"
"PrimitiveId","Line","LineColor","Fuchsia","LineThickness","1","LineType","2","Close","True","Reverse","False","DivideAngle","0.20943951023931953","FaceColors","1","Fuchsia"
"LineData","Sp","7.105427357601002E-15","10.00000000000005","-7.0000000000000036","V","0","-20","-3.552713678800501E-15"
"IsShading","True"
"Disp3D","True"
"LayerSize","8"
"DispLayerBit","08","00","00","00","00","00","00","00"
"ElementEnd"
"Element"
"Name","フレームベース中心線"
"PrimitiveId","Line","LineColor","Fuchsia","LineThickness","1","LineType","2","Close","True","Reverse","False","DivideAngle","0.20943951023931953","FaceColors","1","Fuchsia"
"LineData","Sp","-9.999999999999993","4.973799150320701E-14","-7.000000000000005","V","20","0","0"
"IsShading","True"
"Disp3D","True"
"LayerSize","8"
"DispLayerBit","08","00","00","00","00","00","00","00"
"ElementEnd"
"Element"
"Name","コーン補助線"
"PrimitiveId","Arc","LineColor","Black","LineThickness","1","LineType","0","Close","True","Reverse","False","DivideAngle","0.20943951023931953","FaceColors","1","Black"
"ArcData","Cp","0","-7.105427357601002E-15","-5.26598123633362E-15","R","30","U","1","0","0","V","0","1","1.2246467991473594E-16","Sa","0","Ea","6.283185307179586"
"IsShading","True"
"Disp3D","True"
"LayerSize","8"
"DispLayerBit","00","10","00","00","00","00","00","00"
"ElementEnd"
"Element"
"Name","コーン補助線"
"PrimitiveId","Arc","LineColor","Black","LineThickness","1","LineType","0","Close","True","Reverse","False","DivideAngle","0.20943951023931953","FaceColors","1","Black"
"ArcData","Cp","0","-7.105427357601002E-15","-5.26598123633362E-15","R","20","U","1","0","0","V","0","1","1.2246467991473594E-16","Sa","0","Ea","6.283185307179586"
"IsShading","True"
"Disp3D","True"
"LayerSize","8"
"DispLayerBit","00","10","00","00","00","00","00","00"
"ElementEnd"
"Element"
"Name","コーン補助線"
"PrimitiveId","Arc","LineColor","Black","LineThickness","1","LineType","0","Close","True","Reverse","False","DivideAngle","0.20943951023931953","FaceColors","1","Black"
"ArcData","Cp","0","-7.105427357601002E-15","-5.26598123633362E-15","R","14","U","1","0","0","V","0","1","1.2246467991473594E-16","Sa","0","Ea","6.283185307179586"
"IsShading","True"
"Disp3D","True"
"LayerSize","8"
"DispLayerBit","00","10","00","00","00","00","00","00"
"ElementEnd"
"Element"
"Name","コーン補助線"
"PrimitiveId","Arc","LineColor","Black","LineThickness","1","LineType","0","Close","True","Reverse","False","DivideAngle","0.20943951023931953","FaceColors","1","Black"
"ArcData","Cp","0","-7.105427357601002E-15","-5.26598123633362E-15","R","10","U","1","0","0","V","0","1","1.2246467991473594E-16","Sa","0","Ea","6.283185307179586"
"IsShading","True"
"Disp3D","True"
"LayerSize","8"
"DispLayerBit","00","10","00","00","00","00","00","00"
"ElementEnd"
"Element"
"Name","外周フレーム側面"
"PrimitiveId","Extrusion","LineColor","Black","LineThickness","1","LineType","0","Close","False","Reverse","True","DivideAngle","0.20943951023931953","FaceColors","1","DarkGray"
"ExtrusionData","Vector","0","-8.572527594031473E-16","7.000000000000001","Close","False","Loop","False","Cp","32.00000000000001","3.017934827838079E-14","1.0753267806558229E-13","U","-0.1045284632676533","0.9945218953682734","1.217938055844715E-16","V","-0.9945218953682733","-0.10452846326765433","-1.2801044796052456E-17","Size","10","Multi","True","-0","-0","0","6.689821649129818","-0","2","13.233454644563224","1.390892130339833","2","18.021696568062996","3.388949206826391","0","21.607744990466728","5.54792595950622","0","26.671906902050093","9.919193262066722","2","30.716567149701145","15.247836351844603","2","33.564954672164326","21.30096795615012","2","35.09258126662824","27.81403717772706","2","35.169611476349694","28.479789827219843","0"
"IsShading","True"
"Disp3D","True"
"LayerSize","8"
"DispLayerBit","00","10","00","00","00","00","00","00"
"ElementEnd"
"Element"
"Name","外周フレーム側面"
"PrimitiveId","Extrusion","LineColor","Black","LineThickness","1","LineType","0","Close","False","Reverse","True","DivideAngle","0.20943951023931953","FaceColors","1","DarkGray"
"ExtrusionData","Vector","0","-8.572527594031473E-16","7.000000000000001","Close","False","Loop","False","Cp","32.00000000000001","2.6664070582427223E-14","1.0753267806558229E-13","U","-0.10452846326765336","-0.9945218953682734","-1.217938055844715E-16","V","-0.9945218953682733","0.10452846326765433","1.2801044796052456E-17","Size","10","Multi","True","-0","-0","0","6.689821649129818","-0","2","13.233454644563224","1.390892130339833","2","18.021696568062996","3.388949206826391","0","21.607744990466728","5.54792595950622","0","26.671906902050093","9.919193262066722","2","30.716567149701145","15.247836351844603","2","33.564954672164326","21.30096795615012","2","35.09258126662824","27.81403717772706","2","35.169611476349694","28.479789827219843","0"
"IsShading","True"
"Disp3D","True"
"LayerSize","8"
"DispLayerBit","00","10","00","00","00","00","00","00"
"ElementEnd"
"Element"
"Name","外周フレーム側面"
"PrimitiveId","Extrusion","LineColor","Black","LineThickness","1","LineType","0","Close","False","Reverse","True","DivideAngle","0.20943951023931953","FaceColors","1","DarkGray"
"ExtrusionData","Vector","0","-8.572527594031473E-16","7.000000000000001","Close","False","Loop","False","Cp","-31.99999999999998","2.6664070582427223E-14","-7.042338075733865E-15","U","0.1045284632676532","0.9945218953682734","1.217938055844715E-16","V","0.9945218953682733","-0.10452846326765342","-1.2801044796052345E-17","Size","10","Multi","True","-0","-0","0","6.689821649129818","-0","2","13.233454644563224","1.390892130339833","2","18.021696568062996","3.388949206826391","0","21.607744990466728","5.54792595950622","0","26.671906902050093","9.919193262066722","2","30.716567149701145","15.247836351844603","2","33.564954672164326","21.30096795615012","2","35.09258126662824","27.81403717772706","2","35.169611476349694","28.479789827219843","0"
"IsShading","True"
"Disp3D","True"
"LayerSize","8"
"DispLayerBit","00","10","00","00","00","00","00","00"
"ElementEnd"
"Element"
"Name","外周フレーム側面"
"PrimitiveId","Extrusion","LineColor","Black","LineThickness","1","LineType","0","Close","False","Reverse","True","DivideAngle","0.20943951023931953","FaceColors","1","DarkGray"
"ExtrusionData","Vector","0","-8.572527594031473E-16","7.000000000000001","Close","False","Loop","False","Cp","-31.99999999999998","3.017934827838079E-14","-7.042338075733865E-15","U","0.10452846326765328","-0.9945218953682734","-1.217938055844715E-16","V","0.9945218953682731","0.10452846326765342","1.2801044796052345E-17","Size","10","Multi","True","-0","-0","0","6.689821649129818","-0","2","13.233454644563224","1.390892130339833","2","18.021696568062996","3.388949206826391","0","21.607744990466728","5.54792595950622","0","26.671906902050093","9.919193262066722","2","30.716567149701145","15.247836351844603","2","33.564954672164326","21.30096795615012","2","35.09258126662824","27.81403717772706","2","35.169611476349694","28.479789827219843","0"
"IsShading","True"
"Disp3D","True"
"LayerSize","8"
"DispLayerBit","00","10","00","00","00","00","00","00"
"ElementEnd"
"Element"
"Name","マグネット"
"PrimitiveId","Revolution","LineColor","Black","LineThickness","1","LineType","0","Close","True","Reverse","False","DivideAngle","0.20943951023931953","FaceColors","1","Black"
"RevolutionData","StartAngle","0","EndAngle","6.283185307179586","Close","True","CenterLineSp","0","4.263256414560601E-14","-32","CenterLineV","-0","-4.263256414560601E-14","45","OutLineCp","-7.105427357601002E-15","0","-19.000000000000007","OutLineU","1","0","-0","OutLineV","0","-1.2246467991473532E-16","1","OutLineSize","4","Multi","False","OutLine","0","-0","35.00000000000002","-0","35.00000000000002","15","7.105427357601002E-15","15"
"IsShading","True"
"Disp3D","True"
"LayerSize","8"
"DispLayerBit","02","10","00","00","00","00","00","00"
"ElementEnd"
"Element"
"Name","外周フレーム"
"PrimitiveId","BlendPolyline","LineColor","DarkGray","LineThickness","1","LineType","0","Close","True","Reverse","False","DivideAngle","0.20943951023931953","FaceColors","1","DarkSlateGray"
"BlendPolylineData1","Cp","-3.430248998885772E-15","39.00000000000006","3.9999999999999982","U","-0.9991416896266503","-0.04142323080111634","-5.072882701092918E-18","V","0.04142323080111669","-0.99914168962665","-1.223595672095955E-16","Size","7","Multi","True","0","-0","0","13.462552140438005","1.1102230246251565E-16","1","26.878867179175877","1.114809811289334","0","37.9925674346754","6.291790451159898","1","43.9968387812226","16.981233257579582","0","45.72072500247977","26.986224675091904","1","46.5768820344428","37.10248050938923","0"
"BlendPolylineData2","Cp","-31.99999999999998","2.842170943040401E-14","6.999999999999995","U","0.14478794932189742","0.9894627076000184","1.2117423377380361E-16","V","0.9894627076000184","-0.1447879493218979","-1.7731409869217144E-17","Size","7","Multi","True","36.296021021501325","27.029592264899872","0","31.493463339962798","14.269502594874082","1","21.815024242974502","4.666780828755257","0","20.012612104112076","3.6008372612896182","1","18.14434302309962","2.655059354869243","0","9.266428756601455","-0","1","-0","-0","0"
"IsShading","True"
"Disp3D","True"
"LayerSize","8"
"DispLayerBit","80","10","00","00","00","00","00","00"
"ElementEnd"
"Element"
"Name","外周フレーム"
"PrimitiveId","BlendPolyline","LineColor","DarkGray","LineThickness","1","LineType","0","Close","True","Reverse","True","DivideAngle","0.20943951023931953","FaceColors","1","DarkSlateGray"
"BlendPolylineData1","Cp","3.430248998885772E-15","-39.00000000000003","3.9999999999999893","U","-0.9991416896266503","0.04142323080111634","5.072882701092918E-18","V","0.041423230801116845","0.99914168962665","1.223595672095955E-16","Size","7","Multi","True","0","-0","0","13.462552140438005","1.1102230246251565E-16","1","26.878867179175877","1.114809811289334","0","37.9925674346754","6.291790451159898","1","43.9968387812226","16.981233257579582","0","45.72072500247977","26.986224675091904","1","46.5768820344428","37.10248050938923","0"
"BlendPolylineData2","Cp","-31.99999999999998","2.842170943040401E-14","6.999999999999995","U","0.14478794932189726","-0.9894627076000184","-1.2117423377380361E-16","V","0.9894627076000182","0.1447879493218979","1.7731409869217144E-17","Size","7","Multi","True","36.296021021501325","27.029592264899872","0","31.493463339962798","14.269502594874082","1","21.815024242974502","4.666780828755257","0","20.012612104112076","3.6008372612896182","1","18.14434302309962","2.655059354869243","0","9.266428756601455","-0","1","-0","-0","0"
"IsShading","True"
"Disp3D","True"
"LayerSize","8"
"DispLayerBit","80","10","00","00","00","00","00","00"
"ElementEnd"
"Element"
"Name","外周フレーム"
"PrimitiveId","BlendPolyline","LineColor","DarkGray","LineThickness","1","LineType","0","Close","True","Reverse","True","DivideAngle","0.20943951023931953","FaceColors","1","DarkSlateGray"
"BlendPolylineData1","Cp","1.7763568394002505E-14","39.00000000000006","3.999999999999999","U","0.9991416896266503","-0.041423230801116394","-5.072882701092924E-18","V","-0.04142323080111657","-0.9991416896266502","-1.2235956720959553E-16","Size","7","Multi","True","0","-0","0","13.462552140438005","1.1102230246251565E-16","1","26.878867179175877","1.114809811289334","0","37.9925674346754","6.291790451159898","1","43.9968387812226","16.981233257579582","0","45.72072500247977","26.986224675091904","1","46.5768820344428","37.10248050938923","0"
"BlendPolylineData2","Cp","32","2.842170943040401E-14","6.999999999999996","U","-0.14478794932189754","0.9894627076000184","1.2117423377380361E-16","V","-0.9894627076000184","-0.14478794932189767","-1.7731409869217116E-17","Size","7","Multi","True","36.296021021501325","27.029592264899872","0","31.493463339962798","14.269502594874082","1","21.815024242974502","4.666780828755257","0","20.012612104112076","3.6008372612896182","1","18.14434302309962","2.655059354869243","0","9.266428756601455","-0","1","-0","-0","0"
"IsShading","True"
"Disp3D","True"
"LayerSize","8"
"DispLayerBit","80","10","00","00","00","00","00","00"
"ElementEnd"
"Element"
"Name","外周フレーム"
"PrimitiveId","BlendPolyline","LineColor","DarkGray","LineThickness","1","LineType","0","Close","True","Reverse","False","DivideAngle","0.20943951023931953","FaceColors","1","DarkSlateGray"
"BlendPolylineData1","Cp","1.0658141036401503E-14","-39.00000000000003","3.9999999999999902","U","0.9991416896266501","0.041423230801116394","5.072882701092924E-18","V","-0.04142323080111772","0.9991416896266502","1.2235956720959553E-16","Size","7","Multi","True","0","-0","0","13.462552140438005","1.1102230246251565E-16","1","26.878867179175877","1.114809811289334","0","37.9925674346754","6.291790451159898","1","43.9968387812226","16.981233257579582","0","45.72072500247977","26.986224675091904","1","46.5768820344428","37.10248050938923","0"
"BlendPolylineData2","Cp","32","2.842170943040401E-14","6.999999999999996","U","-0.14478794932189737","-0.9894627076000184","-1.2117423377380361E-16","V","-0.9894627076000186","0.14478794932189767","1.7731409869217116E-17","Size","7","Multi","True","36.296021021501325","27.029592264899872","0","31.493463339962798","14.269502594874082","1","21.815024242974502","4.666780828755257","0","20.012612104112076","3.6008372612896182","1","18.14434302309962","2.655059354869243","0","9.266428756601455","-0","1","-0","-0","0"
"IsShading","True"
"Disp3D","True"
"LayerSize","8"
"DispLayerBit","80","10","00","00","00","00","00","00"
"ElementEnd"
"Element"
"Name","外周フレーム側面"
"PrimitiveId","Extrusion","LineColor","Black","LineThickness","1","LineType","0","Close","False","Reverse","False","DivideAngle","0.20943951023931953","FaceColors","1","DarkGray"
"ExtrusionData","Vector","-7.105427357601002E-15","-4.898587196589413E-16","4","Close","False","Loop","False","Cp","2.399377698867062E-14","39.00000000000006","-4.898587196589343E-16","U","0.9965668673342649","-0.08279178057977471","-1.0139068908273109E-17","V","-0.08279178057977285","-0.9965668673342651","-1.220442424217213E-16","Size","9","Multi","True","0","-0","0","26.901975796419183","0","0","31.009467298509684","0.7799825328015482","2","34.865032769110925","2.396916079094874","2","38.300165496101805","4.780132883998966","2","41.164733695717224","7.825474937196479","2","43.33354199191066","11.399846177790224","2","44.66274300593811","15.143430683789731","0","48.07438847265308","35.14047769994657","0"
"IsShading","True"
"Disp3D","True"
"LayerSize","8"
"DispLayerBit","80","10","00","00","00","00","00","00"
"ElementEnd"
"Element"
"Name","外周フレーム側面"
"PrimitiveId","Extrusion","LineColor","Black","LineThickness","1","LineType","0","Close","False","Reverse","False","DivideAngle","0.20943951023931953","FaceColors","1","DarkGray"
"ExtrusionData","Vector","-7.105427357601002E-15","-4.898587196589413E-16","4","Close","False","Loop","False","Cp","2.574421451453639E-14","-39","-1.0042103753008296E-14","U","0.9965668673342647","0.08279178057977471","1.0139068908273109E-17","V","-0.08279178057977343","0.9965668673342651","1.220442424217213E-16","Size","9","Multi","True","0","-0","0","26.901975796419183","0","0","31.009467298509684","0.7799825328015482","2","34.865032769110925","2.396916079094874","2","38.300165496101805","4.780132883998966","2","41.164733695717224","7.825474937196479","2","43.33354199191066","11.399846177790224","2","44.66274300593811","15.143430683789731","0","48.07438847265308","35.14047769994657","0"
"IsShading","True"
"Disp3D","True"
"LayerSize","8"
"DispLayerBit","80","10","00","00","00","00","00","00"
"ElementEnd"
"Element"
"Name","外周フレーム側面"
"PrimitiveId","Extrusion","LineColor","Black","LineThickness","1","LineType","0","Close","False","Reverse","False","DivideAngle","0.20943951023931953","FaceColors","1","DarkGray"
"ExtrusionData","Vector","7.105427357601002E-15","-4.898587196589439E-16","4","Close","False","Loop","False","Cp","-9.660457593553886E-15","39.00000000000006","-1.3780371393590595E-15","U","-0.9965668673342649","-0.08279178057977482","-1.0139068908273123E-17","V","0.08279178057977296","-0.9965668673342649","-1.2204424242172124E-16","Size","9","Multi","True","0","-0","0","26.901975796419183","0","0","31.009467298509684","0.7799825328015482","2","34.865032769110925","2.396916079094874","2","38.300165496101805","4.780132883998966","2","41.164733695717224","7.825474937196479","2","43.33354199191066","11.399846177790224","2","44.66274300593811","15.143430683789731","0","48.07438847265308","35.14047769994657","0"
"IsShading","True"
"Disp3D","True"
"LayerSize","8"
"DispLayerBit","80","10","00","00","00","00","00","00"
"ElementEnd"
"Element"
"Name","外周フレーム側面"
"PrimitiveId","Extrusion","LineColor","Black","LineThickness","1","LineType","0","Close","False","Reverse","False","DivideAngle","0.20943951023931953","FaceColors","1","DarkGray"
"ExtrusionData","Vector","7.105427357601002E-15","-4.898587196589386E-16","4","Close","False","Loop","False","Cp","2.555030235952884E-15","-39","-1.0930282172708422E-14","U","-0.9965668673342647","0.08279178057977482","1.0139068908273123E-17","V","0.08279178057977254","0.9965668673342649","1.2204424242172124E-16","Size","9","Multi","True","0","-0","0","26.901975796419183","0","0","31.009467298509684","0.7799825328015482","2","34.865032769110925","2.396916079094874","2","38.300165496101805","4.780132883998966","2","41.164733695717224","7.825474937196479","2","43.33354199191066","11.399846177790224","2","44.66274300593811","15.143430683789731","0","48.07438847265308","35.14047769994657","0"
"IsShading","True"
"Disp3D","True"
"LayerSize","8"
"DispLayerBit","80","10","00","00","00","00","00","00"
"ElementEnd"
"Element"
"Name","コーン"
"PrimitiveId","Revolution","LineColor","SlateGray","LineThickness","1","LineType","0","Close","True","Reverse","False","DivideAngle","0.20943951023931953","FaceColors","1","SlateGray"
"RevolutionData","StartAngle","0","EndAngle","6.283185307179586","Close","True","CenterLineSp","0","0","12.999999999999996","CenterLineV","-0","-0","9.999999999999996","OutLineCp","10.999999999999995","0","0.9999999999999947","OutLineU","-0.8021308478886223","-7.312957651550917E-17","0.5971483089362976","OutLineV","-0.5971483089362974","2.946980926092462E-16","-0.8021308478886224","OutLineSize","5","Multi","True","OutLine","11.809180871456334","2.557977158856163","0","6.181631121972773","-0","1","-0","-0","0","-0.30747380842848615","-2.098918735237379","1","-2.406392543665866","-1.7914449268088917","0"
"IsShading","True"
"Disp3D","True"
"LayerSize","8"
"DispLayerBit","10","10","00","00","00","00","00","00"
"ElementEnd"
"Element"
"Name","フレーム"
"PrimitiveId","Revolution","LineColor","SlateGray","LineThickness","1","LineType","0","Close","True","Reverse","False","DivideAngle","0.20943951023931953","FaceColors","1","SlateGray"
"RevolutionData","StartAngle","0","EndAngle","6.283185307179586","Close","True","CenterLineSp","-7.105427357601002E-15","0","-5.329070518200751E-15","CenterLineV","-0","-0","10.000000000000002","OutLineCp","-7.105427357601002E-15","1.4210854715202004E-14","-13.000000000000004","OutLineU","1","0","-0","OutLineV","0","-1.2246467991473532E-16","1","OutLineSize","5","Multi","False","OutLine","21","20","18.313380369924317","18.561478310408702","15.984555301442395","16.595812141258214","14.115305624989404","14.188910536453191","14","14"
"IsShading","True"
"Disp3D","True"
"LayerSize","8"
"DispLayerBit","20","10","00","00","00","00","00","00"
"ElementEnd"
"Element"
"Name","フレームベース抑え"
"PrimitiveId","Revolution","LineColor","Fuchsia","LineThickness","1","LineType","0","Close","True","Reverse","False","DivideAngle","0.17453292519943295","FaceColors","1","WhiteSmoke"
"RevolutionData","StartAngle","0","EndAngle","6.283185307179586","Close","True","CenterLineSp","0","6.394884621840902E-14","-3.0000000000000053","CenterLineV","-0","-1.4210854715202004E-14","13.000000000000002","OutLineCp","0","4.973799150320701E-14","-5.265981236333613E-15","OutLineU","1","0","-0","OutLineV","0","-1.2246467991473532E-16","1","OutLineSize","5","Multi","False","OutLine","32.5","7","32.5","6.5","31","6.5","31","7","32.5","7"
"IsShading","True"
"Disp3D","True"
"LayerSize","8"
"DispLayerBit","00","18","00","00","00","00","00","00"
"ElementEnd"
"Element"
"Name","コーンフレーム"
"PrimitiveId","Revolution","LineColor","Black","LineThickness","1","LineType","0","Close","True","Reverse","False","DivideAngle","0.20943951023931953","FaceColors","1","Black"
"RevolutionData","StartAngle","0","EndAngle","6.283185307179586","Close","True","CenterLineSp","-7.105427357601002E-15","0","-2.0000000000000053","CenterLineV","-0","-0","11.000000000000002","OutLineCp","-7.105427357601002E-15","1.4210854715202004E-14","-13.000000000000004","OutLineU","1","0","-0","OutLineV","0","-1.2246467991473532E-16","1","OutLineSize","2","Multi","False","OutLine","21","20","31","20"
"IsShading","True"
"Disp3D","True"
"LayerSize","8"
"DispLayerBit","10","10","00","00","00","00","00","00"
"ElementEnd"
"Element"
"Name","フレームベース底板"
"PrimitiveId","Polygon","LineColor","Black","LineThickness","1","LineType","0","Close","True","Reverse","True","DivideAngle","0.20943951023931953","FaceColors","1","DarkGray"
"PolygonData","Cp","-31.999999999999986","4.085620730620576E-14","-6.154159656033739E-15","U","0.1045284632676532","0.9945218953682734","1.217938055844715E-16","V","0.9945218953682733","-0.10452846326765342","-1.2801044796052345E-17","Size","19","Multi","True","-0","-0","0","6.689821649129818","-0","2","13.233454644563224","1.390892130339833","2","18.021696568062996","3.388949206826391","0","21.607744990466728","5.54792595950622","0","26.671906902050093","9.919193262066722","2","30.716567149701145","15.247836351844603","2","33.564954672164326","21.30096795615012","2","35.09258126662824","27.81403717772706","2","35.169611476349694","28.479789827219843","0","42.13126474392762","27.748090584346244","0","37.11383529989107","1.31815105499357","0","35.58145937733514","-2.571795374353764","2","33.2738042059487","-6.058138272175881","2","30.291725390079417","-8.988507724508601","2","26.76555408358256","-11.234832524812306","2","22.849400892999263","-12.698937500251372","2","18.923596884378053","-13.30660778514677","0","-1.3588700224795767","-12.928784639787562","0"
"IsShading","True"
"Disp3D","True"
"LayerSize","8"
"DispLayerBit","00","18","00","00","00","00","00","00"
"ElementEnd"
"Element"
"Name","フレームベース底板"
"PrimitiveId","Polygon","LineColor","Black","LineThickness","1","LineType","0","Close","True","Reverse","True","DivideAngle","0.20943951023931953","FaceColors","1","DarkGray"
"PolygonData","Cp","32","4.796163466380676E-14","1.0842085648528242E-13","U","-0.10452846326765336","-0.9945218953682734","-1.217938055844715E-16","V","-0.9945218953682733","0.10452846326765433","1.2801044796052456E-17","Size","19","Multi","True","-0","-0","0","6.689821649129818","-0","2","13.233454644563224","1.390892130339833","2","18.021696568062996","3.388949206826391","0","21.607744990466728","5.54792595950622","0","26.671906902050093","9.919193262066722","2","30.716567149701145","15.247836351844603","2","33.564954672164326","21.30096795615012","2","35.09258126662824","27.81403717772706","2","35.169611476349694","28.479789827219843","0","42.13126474392762","27.748090584346244","0","37.11383529989107","1.31815105499357","0","35.58145937733514","-2.571795374353764","2","33.2738042059487","-6.058138272175881","2","30.291725390079417","-8.988507724508601","2","26.76555408358256","-11.234832524812306","2","22.849400892999263","-12.698937500251372","2","18.923596884378053","-13.30660778514677","0","-1.3588700224795767","-12.928784639787562","0"
"IsShading","True"
"Disp3D","True"
"LayerSize","8"
"DispLayerBit","00","18","00","00","00","00","00","00"
"ElementEnd"
"Element"
"Name","フレームベース底板"
"PrimitiveId","Polygon","LineColor","Black","LineThickness","1","LineType","0","Close","True","Reverse","False","DivideAngle","0.20943951023931953","FaceColors","1","DarkGray"
"PolygonData","Cp","-31.999999999999986","5.861977570020827E-14","-6.154159656033737E-15","U","0.10452846326765328","-0.9945218953682734","-1.217938055844715E-16","V","0.9945218953682731","0.10452846326765342","1.2801044796052345E-17","Size","19","Multi","True","-0","-0","0","6.689821649129818","-0","2","13.233454644563224","1.390892130339833","2","18.021696568062996","3.388949206826391","0","21.607744990466728","5.54792595950622","0","26.671906902050093","9.919193262066722","2","30.716567149701145","15.247836351844603","2","33.564954672164326","21.30096795615012","2","35.09258126662824","27.81403717772706","2","35.169611476349694","28.479789827219843","0","42.13126474392762","27.748090584346244","0","37.11383529989107","1.31815105499357","0","35.58145937733514","-2.571795374353764","2","33.2738042059487","-6.058138272175881","2","30.291725390079417","-8.988507724508601","2","26.76555408358256","-11.234832524812306","2","22.849400892999263","-12.698937500251372","2","18.923596884378053","-13.30660778514677","0","-1.3588700224795767","-12.928784639787562","0"
"IsShading","True"
"Disp3D","True"
"LayerSize","8"
"DispLayerBit","00","18","00","00","00","00","00","00"
"ElementEnd"
"Element"
"Name","フレームベース底板"
"PrimitiveId","Polygon","LineColor","Black","LineThickness","1","LineType","0","Close","True","Reverse","False","DivideAngle","0.20943951023931953","FaceColors","1","DarkGray"
"PolygonData","Cp","32","5.1514348342607263E-14","1.0842085648528242E-13","U","-0.1045284632676533","0.9945218953682734","1.217938055844715E-16","V","-0.9945218953682733","-0.10452846326765433","-1.2801044796052456E-17","Size","19","Multi","True","-0","-0","0","6.689821649129818","-0","2","13.233454644563224","1.390892130339833","2","18.021696568062996","3.388949206826391","0","21.607744990466728","5.54792595950622","0","26.671906902050093","9.919193262066722","2","30.716567149701145","15.247836351844603","2","33.564954672164326","21.30096795615012","2","35.09258126662824","27.81403717772706","2","35.169611476349694","28.479789827219843","0","42.13126474392762","27.748090584346244","0","37.11383529989107","1.31815105499357","0","35.58145937733514","-2.571795374353764","2","33.2738042059487","-6.058138272175881","2","30.291725390079417","-8.988507724508601","2","26.76555408358256","-11.234832524812306","2","22.849400892999263","-12.698937500251372","2","18.923596884378053","-13.30660778514677","0","-1.3588700224795767","-12.928784639787562","0"
"IsShading","True"
"Disp3D","True"
"LayerSize","8"
"DispLayerBit","00","18","00","00","00","00","00","00"
"ElementEnd"
"Element"
"Name","マグネットフレーム"
"PrimitiveId","Revolution","LineColor","Silver","LineThickness","1","LineType","0","Close","True","Reverse","True","DivideAngle","0.20943951023931953","FaceColors","1","Silver"
"RevolutionData","StartAngle","0","EndAngle","6.283185307179586","Close","True","CenterLineSp","0","4.263256414560601E-14","-32","CenterLineV","0","-4.263256414560601E-14","45","OutLineCp","0","0","-5.2659812363336185E-15","OutLineU","1","0","-0","OutLineV","0","3.6739403974420594E-16","-1","OutLineSize","4","Multi","False","OutLine","0","0","31.500000000000014","0","31.500000000000014","25","0","25"
"IsShading","True"
"Disp3D","True"
"LayerSize","8"
"DispLayerBit","01","10","00","00","00","00","00","00"
"ElementEnd"
