﻿"DataManage"
"AppName","Mini3DCad"
"PrimitiveBrush","DarkSlateGray"
"Face","NON"
"ArcDivideAngle","0.2617993877991494"
"RevolutionDivideAngle","0.17453292519943295"
"SweepDivideAngle","0.3490658503988659"
"SurfaceVertex","False"
"ZumenComment","FOSTEX FW108N WOOOFER"
"Area","-64","-64","-65","64","64","10"
"Layer"
"LayerSize","64"
"DispLayerBit","FE","01","00","00","00","00","00","00"
"LayerAll","False"
"LayerList","0","中心線","1","フレーム","2","ガスケット","3","コーン","4","マグネット","5","エッジ","6","センターキャップ","7","コイル","8","マグネットカバー"
"LayerEnd"
"DataManageEnd"
"DataDraw"
"WorldSize","30"
"GridSize","1"
"World","-43.16933662547919","64","98.16933662547919","-64"
"DataDrawEnd"
"Element"
"Name","フレーム災外周"
"PrimitiveId","Revolution","LineColor","DarkSlateGray","LineThickness","1","LineType","0","Close","False","Reverse","False","DivideAngle","0.1308996938995747","FaceColors","1","DarkSlateGray"
"RevolutionData","StartAngle","0","EndAngle","6.283185307179586","Close","False","CenterLineSp","0","0","-12","CenterLineV","0","0","16","OutLineCp","47","0","0","OutLineU","1","0","0","OutLineV","0","0","1","OutLineSize","5","OutLine","2.5","-0","2.5","7.5","17","5","17","-0","2.5","-0"
"IsShading","True"
"Disp3D","True"
"LayerSize","8"
"DispLayerBit","02","00","00","00","00","00","00","00"
"ElementEnd"
"Element"
"Name","フレーム内周"
"PrimitiveId","Revolution","LineColor","DarkSlateGray","LineThickness","1","LineType","0","Close","False","Reverse","False","DivideAngle","0.20943951023931953","FaceColors","1","DarkSlateGray"
"RevolutionData","StartAngle","0","EndAngle","6.283185307179586","Close","False","CenterLineSp","-0","0","-14","CenterLineV","0","0","17","OutLineCp","49.5","0","0","OutLineU","-1","0","0","OutLineV","0","0","1","OutLineSize","5","OutLine","-1.7763568394002505E-15","6.000000000000002","3.5000000000000018","6.000000000000002","3.5000000000000018","-1.7763568394002505E-15","-1.7763568394002505E-15","-1.7763568394002505E-15","-1.7763568394002505E-15","6.000000000000002"
"IsShading","True"
"Disp3D","True"
"LayerSize","8"
"DispLayerBit","02","00","00","00","00","00","00","00"
"ElementEnd"
"Element"
"Name","エッジ"
"PrimitiveId","Revolution","LineColor","DarkSlateGray","LineThickness","1","LineType","0","Close","False","Reverse","False","DivideAngle","0.20943951023931953","FaceColors","1","DarkSlateGray"
"RevolutionData","StartAngle","0","EndAngle","6.283185307179586","Close","False","CenterLineSp","-0","0","-10","CenterLineV","0","0","12","OutLineCp","0","0","0","OutLineU","1","0","0","OutLineV","0","0","-1","OutLineSize","10","OutLine","33.99913358876563","-5.997919597288725","34.850117318191266","-7.465943565358241","36.05205704179864","-8.663695033480222","37.52304255372322","-9.50954921848004","39.16282862224584","-9.945862555490091","40.85966653667129","-9.942901011635028","42.49791959728872","-9.500866411234385","43.96594356535824","-8.649882681808752","45.16369503348022","-7.44794295820138","46.000866411234384","-5.997919597288733"
"IsShading","True"
"Disp3D","True"
"LayerSize","8"
"DispLayerBit","20","00","00","00","00","00","00","00"
"ElementEnd"
"Element"
"Name","メインコーン"
"PrimitiveId","Revolution","LineColor","DarkSlateGray","LineThickness","1","LineType","0","Close","False","Reverse","False","DivideAngle","0.20943951023931953","FaceColors","1","DarkSlateGray"
"RevolutionData","StartAngle","0","EndAngle","6.283185307179586","Close","False","CenterLineSp","-0","0","-11","CenterLineV","0","0","13","OutLineCp","0","0","0","OutLineU","1","0","0","OutLineV","0","0","-1","OutLineSize","2","OutLine","34.00000000000002","-5.9999999999999964","17.000000000000004","8.999999999999995"
"IsShading","True"
"Disp3D","True"
"LayerSize","8"
"DispLayerBit","08","00","00","00","00","00","00","00"
"ElementEnd"
"Element"
"Name","フレーム支え"
"PrimitiveId","Extrusion","LineColor","DarkSlateGray","LineThickness","1","LineType","0","Close","True","Reverse","False","DivideAngle","0.2617993877991494","FaceColors","1","DarkSlateGray"
"ExtrusionData","Vector","0","10","0","Close","True","Cp","44.985035026528735","-5","-0.11212475379911924","U","-0.09476169254924327","0","-0.9954999857484692","V","-0.9954999857484695","0","0.0947616925492415","Size","8","Multi","True","30.415293123274612","4.121376624331288","0","25.785481014469585","0.39041568096615903","2","17.571120005172748","-3.707607464029872","2","8.576010122635086","-5.5399607839583025","2","-0.5868467597703831","-4.981772428173046","0","-0","-0","0","12.229024861995857","-0","1","23.453096422778753","4.854818912558636","0"
"IsShading","True"
"Disp3D","True"
"LayerSize","8"
"DispLayerBit","02","00","00","00","00","00","00","00"
"ElementEnd"
"Element"
"Name","フレーム支え"
"PrimitiveId","Extrusion","LineColor","DarkSlateGray","LineThickness","1","LineType","0","Close","True","Reverse","False","DivideAngle","0.2617993877991494","FaceColors","1","DarkSlateGray"
"ExtrusionData","Vector","-7.0710678118654755","7.0710678118654755","0","Close","True","Cp","35.34475722510557","28.273689413240096","-0.11212475379911924","U","-0.06700663539828465","-0.06700663539828465","-0.9954999857484692","V","-0.7039247905938543","-0.7039247905938543","0.0947616925492415","Size","8","Multi","True","30.415293123274612","4.121376624331288","0","25.785481014469585","0.39041568096615903","2","17.571120005172748","-3.707607464029872","2","8.576010122635086","-5.5399607839583025","2","-0.5868467597703831","-4.981772428173046","0","-0","-0","0","12.229024861995857","-0","1","23.453096422778753","4.854818912558636","0"
"IsShading","True"
"Disp3D","True"
"LayerSize","8"
"DispLayerBit","02","00","00","00","00","00","00","00"
"ElementEnd"
"Element"
"Name","フレーム支え"
"PrimitiveId","Extrusion","LineColor","DarkSlateGray","LineThickness","1","LineType","0","Close","True","Reverse","False","DivideAngle","0.2617993877991494","FaceColors","1","DarkSlateGray"
"ExtrusionData","Vector","-10","-1.6081226496766366E-15","0","Close","True","Cp","4.999999999999993","44.985035026528735","-0.11212475379911924","U","1.5238842411013187E-17","-0.09476169254924327","-0.9954999857484692","V","1.6008860748348829E-16","-0.9954999857484695","0.0947616925492415","Size","8","Multi","True","30.415293123274612","4.121376624331288","0","25.785481014469585","0.39041568096615903","2","17.571120005172748","-3.707607464029872","2","8.576010122635086","-5.5399607839583025","2","-0.5868467597703831","-4.981772428173046","0","-0","-0","0","12.229024861995857","-0","1","23.453096422778753","4.854818912558636","0"
"IsShading","True"
"Disp3D","True"
"LayerSize","8"
"DispLayerBit","02","00","00","00","00","00","00","00"
"ElementEnd"
"Element"
"Name","フレーム支え"
"PrimitiveId","Extrusion","LineColor","DarkSlateGray","LineThickness","1","LineType","0","Close","True","Reverse","False","DivideAngle","0.2617993877991494","FaceColors","1","DarkSlateGray"
"ExtrusionData","Vector","-7.0710678118654755","-7.071067811865475","0","Close","True","Cp","-28.27368941324009","35.34475722510557","-0.11212475379911924","U","0.06700663539828465","-0.06700663539828465","-0.9954999857484692","V","0.7039247905938542","-0.7039247905938543","0.0947616925492415","Size","8","Multi","True","30.415293123274612","4.121376624331288","0","25.785481014469585","0.39041568096615903","2","17.571120005172748","-3.707607464029872","2","8.576010122635086","-5.5399607839583025","2","-0.5868467597703831","-4.981772428173046","0","-0","-0","0","12.229024861995857","-0","1","23.453096422778753","4.854818912558636","0"
"IsShading","True"
"Disp3D","True"
"LayerSize","8"
"DispLayerBit","02","00","00","00","00","00","00","00"
"ElementEnd"
"Element"
"Name","フレーム支え"
"PrimitiveId","Extrusion","LineColor","DarkSlateGray","LineThickness","1","LineType","0","Close","True","Reverse","False","DivideAngle","0.2617993877991494","FaceColors","1","DarkSlateGray"
"ExtrusionData","Vector","-5.665538897647979E-15","-10","0","Close","True","Cp","-44.985035026528735","5.000000000000026","-0.11212475379911924","U","0.09476169254924327","-5.368760551446965E-17","-0.9954999857484692","V","0.9954999857484695","-5.640043891865963E-16","0.0947616925492415","Size","8","Multi","True","30.415293123274612","4.121376624331288","0","25.785481014469585","0.39041568096615903","2","17.571120005172748","-3.707607464029872","2","8.576010122635086","-5.5399607839583025","2","-0.5868467597703831","-4.981772428173046","0","-0","-0","0","12.229024861995857","-0","1","23.453096422778753","4.854818912558636","0"
"IsShading","True"
"Disp3D","True"
"LayerSize","8"
"DispLayerBit","02","00","00","00","00","00","00","00"
"ElementEnd"
"Element"
"Name","フレーム支え"
"PrimitiveId","Extrusion","LineColor","DarkSlateGray","LineThickness","1","LineType","0","Close","True","Reverse","False","DivideAngle","0.2617993877991494","FaceColors","1","DarkSlateGray"
"ExtrusionData","Vector","7.071067811865471","-7.071067811865479","0","Close","True","Cp","-35.34475722510558","-28.27368941324007","-0.11212475379911924","U","0.06700663539828469","0.06700663539828461","-0.9954999857484692","V","0.7039247905938546","0.7039247905938538","0.0947616925492415","Size","8","Multi","True","30.415293123274612","4.121376624331288","0","25.785481014469585","0.39041568096615903","2","17.571120005172748","-3.707607464029872","2","8.576010122635086","-5.5399607839583025","2","-0.5868467597703831","-4.981772428173046","0","-0","-0","0","12.229024861995857","-0","1","23.453096422778753","4.854818912558636","0"
"IsShading","True"
"Disp3D","True"
"LayerSize","8"
"DispLayerBit","02","00","00","00","00","00","00","00"
"ElementEnd"
"Element"
"Name","フレーム支え"
"PrimitiveId","Extrusion","LineColor","DarkSlateGray","LineThickness","1","LineType","0","Close","True","Reverse","False","DivideAngle","0.2617993877991494","FaceColors","1","DarkSlateGray"
"ExtrusionData","Vector","10","-1.8369701987210296E-15","0","Close","True","Cp","-5.000000000000008","-44.985035026528735","-0.11212475379911924","U","1.7407440519332452E-17","0.09476169254924327","-0.9954999857484692","V","1.8287038066471484E-16","0.9954999857484695","0.0947616925492415","Size","8","Multi","True","30.415293123274612","4.121376624331288","0","25.785481014469585","0.39041568096615903","2","17.571120005172748","-3.707607464029872","2","8.576010122635086","-5.5399607839583025","2","-0.5868467597703831","-4.981772428173046","0","-0","-0","0","12.229024861995857","-0","1","23.453096422778753","4.854818912558636","0"
"IsShading","True"
"Disp3D","True"
"LayerSize","8"
"DispLayerBit","02","00","00","00","00","00","00","00"
"ElementEnd"
"Element"
"Name","フレーム支え"
"PrimitiveId","Extrusion","LineColor","DarkSlateGray","LineThickness","1","LineType","0","Close","True","Reverse","False","DivideAngle","0.2617993877991494","FaceColors","1","DarkSlateGray"
"ExtrusionData","Vector","7.071067811865477","7.071067811865474","0","Close","True","Cp","28.273689413240085","-35.344757225105575","-0.11212475379911924","U","-0.06700663539828464","0.06700663539828466","-0.9954999857484692","V","-0.703924790593854","0.7039247905938544","0.0947616925492415","Size","8","Multi","True","30.415293123274612","4.121376624331288","0","25.785481014469585","0.39041568096615903","2","17.571120005172748","-3.707607464029872","2","8.576010122635086","-5.5399607839583025","2","-0.5868467597703831","-4.981772428173046","0","-0","-0","0","12.229024861995857","-0","1","23.453096422778753","4.854818912558636","0"
"IsShading","True"
"Disp3D","True"
"LayerSize","8"
"DispLayerBit","02","00","00","00","00","00","00","00"
"ElementEnd"
"Element"
"Name","コイル-回転体"
"PrimitiveId","Revolution","LineColor","DarkGoldenrod","LineThickness","1","LineType","0","Close","True","Reverse","False","DivideAngle","0.20943951023931953","FaceColors","1","DarkGoldenrod"
"RevolutionData","StartAngle","0","EndAngle","6.283185307179586","Close","True","CenterLineSp","-0","0","-9","CenterLineV","0","0","-41","OutLineCp","0","0","0","OutLineU","1","0","0","OutLineV","0","0","-1","OutLineSize","2","OutLine","17","9","17","56"
"IsShading","True"
"Disp3D","True"
"LayerSize","8"
"DispLayerBit","80","00","00","00","00","00","00","00"
"ElementEnd"
"Element"
"Name","マグネットカバー"
"PrimitiveId","Revolution","LineColor","Silver","LineThickness","1","LineType","0","Close","True","Reverse","False","DivideAngle","0.20943951023931953","FaceColors","1","Silver"
"RevolutionData","StartAngle","0","EndAngle","6.283185307179586","Close","True","CenterLineSp","0","0","-70","CenterLineV","0","0","39","OutLineCp","8","0","-65","OutLineU","1","0","0","OutLineV","0","0","1","OutLineSize","5","OutLine","0","0","39","0","39","35","0","35","0","0"
"IsShading","True"
"Disp3D","True"
"LayerSize","8"
"DispLayerBit","00","01","00","00","00","00","00","00"
"ElementEnd"
"Element"
"Name","マグネット"
"PrimitiveId","Revolution","LineColor","DimGray","LineThickness","1","LineType","0","Close","True","Reverse","False","DivideAngle","0.20943951023931953","FaceColors","1","DimGray"
"RevolutionData","StartAngle","0","EndAngle","6.283185307179586","Close","True","CenterLineSp","0","0","-60","CenterLineV","0","0","25","OutLineCp","8.000000000000002","0","-40","OutLineU","1","0","0","OutLineV","0","0","-1","OutLineSize","4","OutLine","0","-0","41.5","-0","41.5","17","-0","17"
"IsShading","True"
"Disp3D","True"
"LayerSize","8"
"DispLayerBit","10","00","00","00","00","00","00","00"
"ElementEnd"
"Element"
"Name","センターキャップ"
"PrimitiveId","Revolution","LineColor","DarkSlateGray","LineThickness","1","LineType","0","Close","False","Reverse","True","DivideAngle","0.2617993877991494","FaceColors","1","DarkSlateGray"
"RevolutionData","StartAngle","0","EndAngle","6.283185307179586","Close","False","CenterLineSp","0","0","-14","CenterLineV","0","0","16","OutLineCp","0","0","0","OutLineU","1","0","0","OutLineV","0","0","-1","OutLineSize","4","OutLine","-4.975127621536122E-15","3","7.009682471526591","3.9228422046710634","13.541666666666647","6.628478647504775","16.999999999999986","8.99999999999999"
"IsShading","True"
"Disp3D","True"
"LayerSize","8"
"DispLayerBit","40","00","00","00","00","00","00","00"
"ElementEnd"
"Element"
"Name","フレームマグネット支え"
"PrimitiveId","Revolution","LineColor","DarkSlateGray","LineThickness","1","LineType","0","Close","True","Reverse","False","DivideAngle","0.20943951023931953","FaceColors","1","DarkSlateGray"
"RevolutionData","StartAngle","0","EndAngle","6.283185307179586","Close","True","CenterLineSp","0","0","-40","CenterLineV","0","0","28","OutLineCp","38","0","-30","OutLineU","0","0","1","OutLineV","-1","0","0","OutLineSize","7","OutLine","0","0","7","0","7","-2","10","-2","10","-4","13","-4","13","21"
"IsShading","True"
"Disp3D","True"
"LayerSize","8"
"DispLayerBit","02","00","00","00","00","00","00","00"
"ElementEnd"
"Element"
"Name","基準線"
"PrimitiveId","Line","LineColor","DarkSlateGray","LineThickness","1","LineType","2","Close","True","Reverse","False","DivideAngle","0.20943951023931953","FaceColors","1","DarkSlateGray"
"LineData","Sp","-9","0","-9","V","-12","0","0"
"IsShading","True"
"Disp3D","True"
"LayerSize","8"
"DispLayerBit","01","00","00","00","00","00","00","00"
"ElementEnd"
"Element"
"Name","基準線"
"PrimitiveId","Line","LineColor","DarkSlateGray","LineThickness","1","LineType","2","Close","True","Reverse","False","DivideAngle","0.20943951023931953","FaceColors","1","DarkSlateGray"
"LineData","Sp","9","0","-9","V","12","0","0"
"IsShading","True"
"Disp3D","True"
"LayerSize","8"
"DispLayerBit","01","00","00","00","00","00","00","00"
"ElementEnd"
"Element"
"Name","中心線"
"PrimitiveId","Line","LineColor","Black","LineThickness","1","LineType","2","Close","True","Reverse","False","DivideAngle","0.20943951023931953","FaceColors","1","Black"
"LineData","Sp","-17","0","-11","V","0","0","4"
"IsShading","True"
"Disp3D","True"
"LayerSize","8"
"DispLayerBit","01","00","00","00","00","00","00","00"
"ElementEnd"
"Element"
"Name","中心線"
"PrimitiveId","Line","LineColor","Black","LineThickness","1","LineType","2","Close","True","Reverse","False","DivideAngle","0.20943951023931953","FaceColors","1","Black"
"LineData","Sp","17","0","-11","V","0","0","4"
"IsShading","True"
"Disp3D","True"
"LayerSize","8"
"DispLayerBit","01","00","00","00","00","00","00","00"
"ElementEnd"
"Element"
"Name","中心線"
"PrimitiveId","Line","LineColor","Black","LineThickness","1","LineType","2","Close","True","Reverse","False","DivideAngle","0.20943951023931953","FaceColors","1","Black"
"LineData","Sp","34","0","-1","V","0","0","10"
"IsShading","True"
"Disp3D","True"
"LayerSize","8"
"DispLayerBit","01","00","00","00","00","00","00","00"
"ElementEnd"
"Element"
"Name","ガスケット-回転体"
"PrimitiveId","Revolution","LineColor","DarkSlateGray","LineThickness","1","LineType","0","Close","True","Reverse","False","DivideAngle","0.20943951023931953","FaceColors","1","DarkSlateGray"
"RevolutionData","StartAngle","0","EndAngle","6.283185307179586","Close","True","CenterLineSp","-0","0","4","CenterLineV","0","0","9","OutLineCp","49.5","0","6","OutLineU","-1","0","0","OutLineV","0","0","1","OutLineSize","5","OutLine","-0","4","3.5","4","3.5","-0","-0","0","-0","4"
"IsShading","True"
"Disp3D","True"
"LayerSize","8"
"DispLayerBit","0C","00","00","00","00","00","00","00"
"ElementEnd"
