﻿"DataManage"
"AppName","Mini3DCad"
"PrimitiveBrush","BurlyWood"
"Face","FRONT"
"ArcDivideAngle","0.2617993877991494"
"RevolutionDivideAngle","0.17453292519943295"
"SweepDivideAngle","0.3490658503988659"
"SurfaceVertex","False"
"ZumenComment",""
"Area","0","-30","-156","136","370","0"
"Layer"
"LayerSize","64"
"DispLayerBit","FE","01","00","00","00","00","00","00"
"LayerAll","False"
"LayerList","0","中心線","1","正面バッフル","2","右側板","3","左側板","4","背板","5","底板","6","天板","7","ダクト","8","台"
"LayerEnd"
"DataManageEnd"
"DataDraw"
"WorldSize","30"
"GridSize","1"
"World","-144.7515677161515","370","280.7515677161515","-30"
"DataDrawEnd"
"Element"
"Name","中心線"
"PrimitiveId","Line","LineColor","BurlyWood","LineThickness","1","LineType","2","Close","True","Reverse","False","DivideAngle","0.20943951023931953","FaceColors","1","BurlyWood"
"LineData","Sp","0","190","0","V","136","0","0"
"IsShading","True"
"Disp3D","True"
"LayerSize","8"
"DispLayerBit","01","00","00","00","00","00","00","00"
"ElementEnd"
"Element"
"Name","中心線"
"PrimitiveId","Line","LineColor","BurlyWood","LineThickness","1","LineType","2","Close","True","Reverse","False","DivideAngle","0.20943951023931953","FaceColors","1","BurlyWood"
"LineData","Sp","0","310","0","V","136","0","0"
"IsShading","True"
"Disp3D","True"
"LayerSize","8"
"DispLayerBit","01","00","00","00","00","00","00","00"
"ElementEnd"
"Element"
"Name","中心線"
"PrimitiveId","Line","LineColor","BurlyWood","LineThickness","1","LineType","2","Close","True","Reverse","False","DivideAngle","0.20943951023931953","FaceColors","1","BurlyWood"
"LineData","Sp","68","370","0","V","0","-370","0"
"IsShading","True"
"Disp3D","True"
"LayerSize","8"
"DispLayerBit","01","00","00","00","00","00","00","00"
"ElementEnd"
"Element"
"Name","正面バッフル"
"PrimitiveId","Extrusion","LineColor","BurlyWood","LineThickness","1","LineType","0","Close","True","Reverse","False","DivideAngle","0.20943951023931953","FaceColors","1","BurlyWood"
"ExtrusionData","Vector","0","0","-12","Close","True","Cp","0","0","0","U","1","0","0","V","0","1","0","Size","10","Multi","True","67.99999999999999","137.5","0","120.5","190","1","68","242.5","0","68","274","0","104","310","1","68","346","0","68","370","0","136","370","0","136","0","0","68","-0","0"
"IsShading","True"
"Disp3D","True"
"LayerSize","8"
"DispLayerBit","02","00","00","00","00","00","00","00"
"ElementEnd"
"Element"
"Name","正面バッフル"
"PrimitiveId","Extrusion","LineColor","BurlyWood","LineThickness","1","LineType","0","Close","True","Reverse","False","DivideAngle","0.20943951023931953","FaceColors","1","BurlyWood"
"ExtrusionData","Vector","0","0","-12","Close","True","Cp","0","0","0","U","1","0","0","V","0","1","0","Size","10","Multi","True","68","-0","0","0","0","0","0","370","0","68","370","0","68","346","0","32","310","1","68","274","0","68","242.5","0","15.5","190","1","67.99999999999997","137.5","0"
"IsShading","True"
"Disp3D","True"
"LayerSize","8"
"DispLayerBit","02","00","00","00","00","00","00","00"
"ElementEnd"
"Element"
"Name","中心線"
"PrimitiveId","Line","LineColor","Black","LineThickness","1","LineType","2","Close","True","Reverse","False","DivideAngle","0.20943951023931953","FaceColors","1","BurlyWood"
"LineData","Sp","57","0","-111","V","0","0","57"
"IsShading","True"
"Disp3D","True"
"LayerSize","8"
"DispLayerBit","01","00","00","00","00","00","00","00"
"ElementEnd"
"Element"
"Name","中心線"
"PrimitiveId","Line","LineColor","Black","LineThickness","1","LineType","2","Close","True","Reverse","False","DivideAngle","0.20943951023931953","FaceColors","1","BurlyWood"
"LineData","Sp","25","0","-83","V","66","0","0"
"IsShading","True"
"Disp3D","True"
"LayerSize","8"
"DispLayerBit","01","00","00","00","00","00","00","00"
"ElementEnd"
"Element"
"Name","背板"
"PrimitiveId","Extrusion","LineColor","BurlyWood","LineThickness","1","LineType","0","Close","True","Reverse","False","DivideAngle","0.20943951023931953","FaceColors","1","BurlyWood"
"ExtrusionData","Vector","0","0","-12","Close","True","Cp","0","0","-144","U","0","1","0","V","1","0","0","Size","4","Multi","False","0","0","370","0","370","136","0","136"
"IsShading","True"
"Disp3D","True"
"LayerSize","8"
"DispLayerBit","10","00","00","00","00","00","00","00"
"ElementEnd"
"Element"
"Name","右側板"
"PrimitiveId","Extrusion","LineColor","BurlyWood","LineThickness","1","LineType","0","Close","True","Reverse","False","DivideAngle","0.20943951023931953","FaceColors","1","BurlyWood"
"ExtrusionData","Vector","12","0","0","Close","True","Cp","124","0","-12","U","0","0","-1","V","0","1","0","Size","4","Multi","False","-0","370","132","370","132","-0","-0","0"
"IsShading","True"
"Disp3D","True"
"LayerSize","8"
"DispLayerBit","04","00","00","00","00","00","00","00"
"ElementEnd"
"Element"
"Name","左側板"
"PrimitiveId","Extrusion","LineColor","BurlyWood","LineThickness","1","LineType","0","Close","True","Reverse","False","DivideAngle","0.20943951023931953","FaceColors","1","BurlyWood"
"ExtrusionData","Vector","12","0","0","Close","True","Cp","0","0","-12","U","0","0","-1","V","0","1","0","Size","4","Multi","False","-0","370","132","370","132","-0","-0","0"
"IsShading","True"
"Disp3D","True"
"LayerSize","8"
"DispLayerBit","08","00","00","00","00","00","00","00"
"ElementEnd"
"Element"
"Name","底板"
"PrimitiveId","Extrusion","LineColor","BurlyWood","LineThickness","1","LineType","0","Close","True","Reverse","False","DivideAngle","0.20943951023931953","FaceColors","1","BurlyWood"
"ExtrusionData","Vector","0","12","0","Close","True","Cp","-1.4210854715202004E-14","0","-6","U","1","0","0","V","0","0","-1","Size","7","Multi","True","56.99999999999999","63.5","0","76.5","83","1","57.00000000000001","102.5","0","57","138","0","124","138","0","124.00000000000001","6","0","57","6","0"
"IsShading","True"
"Disp3D","True"
"LayerSize","8"
"DispLayerBit","20","00","00","00","00","00","00","00"
"ElementEnd"
"Element"
"Name","底板"
"PrimitiveId","Extrusion","LineColor","BurlyWood","LineThickness","1","LineType","0","Close","True","Reverse","False","DivideAngle","0.20943951023931953","FaceColors","1","BurlyWood"
"ExtrusionData","Vector","0","12","0","Close","True","Cp","-1.4210854715202004E-14","0","-6","U","1","0","0","V","0","0","-1","Size","7","Multi","True","57.000000000000014","6","0","12.000000000000014","6","0","12","138","0","57","138","0","57","102.5","0","37.5","83","1","57","63.5","0"
"IsShading","True"
"Disp3D","True"
"LayerSize","8"
"DispLayerBit","20","00","00","00","00","00","00","00"
"ElementEnd"
"Element"
"Name","ポリゴン-押出"
"PrimitiveId","Extrusion","LineColor","BurlyWood","LineThickness","1","LineType","0","Close","True","Reverse","False","DivideAngle","0.20943951023931953","FaceColors","1","BurlyWood"
"ExtrusionData","Vector","0","12","0","Close","True","Cp","0","358","0","U","1","0","0","V","0","0","-1","Size","4","Multi","False","124","144","124","12","12","12","12","144"
"IsShading","True"
"Disp3D","True"
"LayerSize","8"
"DispLayerBit","00","00","00","00","00","00","00","00"
"ElementEnd"
"Element"
"Name","円_1-押出"
"PrimitiveId","Extrusion","LineColor","LightGray","LineThickness","1","LineType","0","Close","True","Reverse","False","DivideAngle","0.2617993877991494","FaceColors","1","LightGray"
"ExtrusionData","Vector","0","90","0","Close","True","Cp","76.39317695968134","0","-89.10682304031866","U","-0.7071067811865476","0","-0.7071067811865474","V","-0.7071067811865471","0","0.7071067811865479","Size","6","Multi","True","27.426093873882802","27.42609387388278","0","27.426093873882785","-0","1","-8.881784197001252E-15","1.0658141036401503E-14","0","2.7528918285498722","2.752891828549954","0","24.673202045332886","2.7528918285499078","1","24.67320204533289","24.673202045332868","0"
"IsShading","True"
"Disp3D","True"
"LayerSize","8"
"DispLayerBit","80","00","00","00","00","00","00","00"
"ElementEnd"
"Element"
"Name","円_2-押出"
"PrimitiveId","Extrusion","LineColor","LightGray","LineThickness","1","LineType","0","Close","True","Reverse","False","DivideAngle","0.2617993877991494","FaceColors","1","LightGray"
"ExtrusionData","Vector","0","90","0","Close","True","Cp","76.39317695968134","0","-89.10682304031866","U","-0.7071067811865476","0","-0.7071067811865474","V","-0.7071067811865471","0","0.7071067811865479","Size","6","Multi","True","24.67320204533289","24.673202045332868","0","2.752891828549915","24.67320204533287","1","2.752891828549914","2.7528918285499118","0","-0","-0","0","1.9539925233402755E-14","27.42609387388279","1","27.426093873882802","27.42609387388278","0"
"IsShading","True"
"Disp3D","True"
"LayerSize","8"
"DispLayerBit","80","00","00","00","00","00","00","00"
"ElementEnd"
"Element"
"Name","台"
"PrimitiveId","Extrusion","LineColor","BurlyWood","LineThickness","1","LineType","0","Close","True","Reverse","False","DivideAngle","0.20943951023931953","FaceColors","1","BurlyWood"
"ExtrusionData","Vector","12","0","0","Close","True","Cp","124","0","0","U","0","0","-1","V","0","-1","0","Size","4","Multi","False","-0","-0","156","0","156","30","0","30"
"IsShading","True"
"Disp3D","True"
"LayerSize","8"
"DispLayerBit","00","01","00","00","00","00","00","00"
"ElementEnd"
"Element"
"Name","台"
"PrimitiveId","Extrusion","LineColor","BurlyWood","LineThickness","1","LineType","0","Close","True","Reverse","False","DivideAngle","0.20943951023931953","FaceColors","1","BurlyWood"
"ExtrusionData","Vector","12","0","0","Close","True","Cp","0","0","-0","U","0","0","-1","V","0","-1","0","Size","4","Multi","False","-0","-0","156","0","156","30","0","30"
"IsShading","True"
"Disp3D","True"
"LayerSize","8"
"DispLayerBit","00","01","00","00","00","00","00","00"
"ElementEnd"
