﻿"DataManage"
"AppName","Mini3DCad"
"PrimitiveBrush","BurlyWood"
"Face","NON"
"ArcDivideAngle","0.2617993877991494"
"RevolutionDivideAngle","0.17453292519943295"
"SweepDivideAngle","0.3490658503988659"
"SurfaceVertex","False"
"WireFrame","False"
"ZumenComment",""
"Memo",""
"Area","0","-30","-156","136","370","10"
"Layer"
"LayerSize","64"
"DispLayerBit","FA","09","FA","03","00","00","00","00"
"LayerAll","False"
"LayerList","0","中心線","1","正面バッフル","2","右側板","3","左側板","4","背板","5","底板","6","天板","7","ダクト","8","台","9","エンクロージャー","10","FT28Dマグネット","11","FT28D","12","FT28D外周フレーム","13","FT28Dコーン","14","FT28Dフレーム","15","FT28Dフレームベース","16","FT28Dマグネットフレーム","17","FW108Nフレーム","19","FW108Nエッジ","20","FW108Nコーン","21","FW108Nコイル","22","FW108Nマグネットカバー","23","FW108Nマグネット","24","FW108Nセンターキャップ","25","FW108Nガスケット","26","FW108N"
"LayerEnd"
"Group"
"GroupList"
"GroupEnd"
"DataManageEnd"
"DataDraw"
"WorldSize","30"
"GridSize","1"
"World","-149.59054420462982","370","285.59054420462985","-30"
"DataDrawEnd"
"Element"
"Name","正面バッフル"
"PrimitiveId","Extrusion","LineColor","BurlyWood","LineThickness","1","LineType","0","Close","True","Reverse","False","DivideAngle","0.20943951023931953","FaceColors","1","BurlyWood"
"ExtrusionData","Vector","0","0","-12","Close","True","Loop","True","Cp","0","0","0","U","1","0","0","V","0","1","0","Size","10","Multi","True","67.99999999999999","137.5","0","120.5","190","1","68","242.5","0","68","274","0","104","310","1","68","346","0","68","370","0","136","370","0","136","0","0","68","-0","0"
"IsShading","True"
"Disp3D","True"
"Group","0"
"LayerSize","8"
"DispLayerBit","02","02","00","00","00","00","00","00"
"ElementEnd"
"Element"
"Name","正面バッフル"
"PrimitiveId","Extrusion","LineColor","BurlyWood","LineThickness","1","LineType","0","Close","True","Reverse","False","DivideAngle","0.20943951023931953","FaceColors","1","BurlyWood"
"ExtrusionData","Vector","0","0","-12","Close","True","Loop","True","Cp","0","0","0","U","1","0","0","V","0","1","0","Size","10","Multi","True","68","-0","0","0","0","0","0","370","0","68","370","0","68","346","0","32","310","1","68","274","0","68","242.5","0","15.5","190","1","67.99999999999997","137.5","0"
"IsShading","True"
"Disp3D","True"
"Group","0"
"LayerSize","8"
"DispLayerBit","02","02","00","00","00","00","00","00"
"ElementEnd"
"Element"
"Name","中心線"
"PrimitiveId","Line","LineColor","Black","LineThickness","1","LineType","2","Close","True","Reverse","False","DivideAngle","0.20943951023931953","FaceColors","1","BurlyWood"
"LineData","Sp","57","0","-111","V","0","0","57"
"IsShading","True"
"Disp3D","True"
"Group","0"
"LayerSize","8"
"DispLayerBit","01","02","00","00","00","00","00","00"
"ElementEnd"
"Element"
"Name","中心線"
"PrimitiveId","Line","LineColor","Black","LineThickness","1","LineType","2","Close","True","Reverse","False","DivideAngle","0.20943951023931953","FaceColors","1","BurlyWood"
"LineData","Sp","25","0","-83","V","66","0","0"
"IsShading","True"
"Disp3D","True"
"Group","0"
"LayerSize","8"
"DispLayerBit","01","02","00","00","00","00","00","00"
"ElementEnd"
"Element"
"Name","背板"
"PrimitiveId","Extrusion","LineColor","BurlyWood","LineThickness","1","LineType","0","Close","True","Reverse","False","DivideAngle","0.20943951023931953","FaceColors","1","BurlyWood"
"ExtrusionData","Vector","0","0","-12","Close","True","Loop","True","Cp","0","0","-144","U","0","1","0","V","1","0","0","Size","4","Multi","False","0","0","370","0","370","136","0","136"
"IsShading","True"
"Disp3D","True"
"Group","0"
"LayerSize","8"
"DispLayerBit","10","02","00","00","00","00","00","00"
"ElementEnd"
"Element"
"Name","右側板"
"PrimitiveId","Extrusion","LineColor","BurlyWood","LineThickness","1","LineType","0","Close","True","Reverse","False","DivideAngle","0.20943951023931953","FaceColors","1","BurlyWood"
"ExtrusionData","Vector","12","0","0","Close","True","Loop","True","Cp","124","0","-12","U","0","0","-1","V","0","1","0","Size","4","Multi","False","-0","370","132","370","132","-0","-0","0"
"IsShading","True"
"Disp3D","True"
"Group","0"
"LayerSize","8"
"DispLayerBit","04","02","00","00","00","00","00","00"
"ElementEnd"
"Element"
"Name","左側板"
"PrimitiveId","Extrusion","LineColor","BurlyWood","LineThickness","1","LineType","0","Close","True","Reverse","False","DivideAngle","0.20943951023931953","FaceColors","1","BurlyWood"
"ExtrusionData","Vector","12","0","0","Close","True","Loop","True","Cp","0","0","-12","U","0","0","-1","V","0","1","0","Size","4","Multi","False","-0","370","132","370","132","-0","-0","0"
"IsShading","True"
"Disp3D","True"
"Group","0"
"LayerSize","8"
"DispLayerBit","08","02","00","00","00","00","00","00"
"ElementEnd"
"Element"
"Name","底板"
"PrimitiveId","Extrusion","LineColor","BurlyWood","LineThickness","1","LineType","0","Close","True","Reverse","False","DivideAngle","0.20943951023931953","FaceColors","1","BurlyWood"
"ExtrusionData","Vector","0","12","0","Close","True","Loop","True","Cp","-1.4210854715202004E-14","0","-6","U","1","0","0","V","0","0","-1","Size","7","Multi","True","56.99999999999999","63.5","0","76.5","83","1","57.00000000000001","102.5","0","57","138","0","124","138","0","124.00000000000001","6","0","57","6","0"
"IsShading","True"
"Disp3D","True"
"Group","0"
"LayerSize","8"
"DispLayerBit","20","02","00","00","00","00","00","00"
"ElementEnd"
"Element"
"Name","底板"
"PrimitiveId","Extrusion","LineColor","BurlyWood","LineThickness","1","LineType","0","Close","True","Reverse","False","DivideAngle","0.20943951023931953","FaceColors","1","BurlyWood"
"ExtrusionData","Vector","0","12","0","Close","True","Loop","True","Cp","-1.4210854715202004E-14","0","-6","U","1","0","0","V","0","0","-1","Size","7","Multi","True","57.000000000000014","6","0","12.000000000000014","6","0","12","138","0","57","138","0","57","102.5","0","37.5","83","1","57","63.5","0"
"IsShading","True"
"Disp3D","True"
"Group","0"
"LayerSize","8"
"DispLayerBit","20","02","00","00","00","00","00","00"
"ElementEnd"
"Element"
"Name","ポリゴン-押出"
"PrimitiveId","Extrusion","LineColor","BurlyWood","LineThickness","1","LineType","0","Close","True","Reverse","False","DivideAngle","0.20943951023931953","FaceColors","1","BurlyWood"
"ExtrusionData","Vector","0","12","0","Close","True","Loop","True","Cp","0","358","0","U","1","0","0","V","0","0","-1","Size","4","Multi","False","124","144","124","12","12","12","12","144"
"IsShading","True"
"Disp3D","True"
"Group","0"
"LayerSize","8"
"DispLayerBit","00","02","00","00","00","00","00","00"
"ElementEnd"
"Element"
"Name","円_1-押出"
"PrimitiveId","Extrusion","LineColor","LightGray","LineThickness","1","LineType","0","Close","True","Reverse","False","DivideAngle","0.2617993877991494","FaceColors","1","LightGray"
"ExtrusionData","Vector","0","90","0","Close","True","Loop","True","Cp","76.39317695968134","0","-89.10682304031866","U","-0.7071067811865476","0","-0.7071067811865474","V","-0.7071067811865471","0","0.7071067811865479","Size","6","Multi","True","27.426093873882802","27.42609387388278","0","27.426093873882785","-0","1","-8.881784197001252E-15","1.0658141036401503E-14","0","2.7528918285498722","2.752891828549954","0","24.673202045332886","2.7528918285499078","1","24.67320204533289","24.673202045332868","0"
"IsShading","True"
"Disp3D","True"
"Group","0"
"LayerSize","8"
"DispLayerBit","80","02","00","00","00","00","00","00"
"ElementEnd"
"Element"
"Name","円_2-押出"
"PrimitiveId","Extrusion","LineColor","LightGray","LineThickness","1","LineType","0","Close","True","Reverse","False","DivideAngle","0.2617993877991494","FaceColors","1","LightGray"
"ExtrusionData","Vector","0","90","0","Close","True","Loop","True","Cp","76.39317695968134","0","-89.10682304031866","U","-0.7071067811865476","0","-0.7071067811865474","V","-0.7071067811865471","0","0.7071067811865479","Size","6","Multi","True","24.67320204533289","24.673202045332868","0","2.752891828549915","24.67320204533287","1","2.752891828549914","2.7528918285499118","0","-0","-0","0","1.9539925233402755E-14","27.42609387388279","1","27.426093873882802","27.42609387388278","0"
"IsShading","True"
"Disp3D","True"
"Group","0"
"LayerSize","8"
"DispLayerBit","80","02","00","00","00","00","00","00"
"ElementEnd"
"Element"
"Name","台"
"PrimitiveId","Extrusion","LineColor","BurlyWood","LineThickness","1","LineType","0","Close","True","Reverse","False","DivideAngle","0.20943951023931953","FaceColors","1","BurlyWood"
"ExtrusionData","Vector","12","0","0","Close","True","Loop","True","Cp","124","0","0","U","0","0","-1","V","0","-1","0","Size","4","Multi","False","-0","-0","156","0","156","30","0","30"
"IsShading","True"
"Disp3D","True"
"Group","0"
"LayerSize","8"
"DispLayerBit","00","03","00","00","00","00","00","00"
"ElementEnd"
"Element"
"Name","台"
"PrimitiveId","Extrusion","LineColor","BurlyWood","LineThickness","1","LineType","0","Close","True","Reverse","False","DivideAngle","0.20943951023931953","FaceColors","1","BurlyWood"
"ExtrusionData","Vector","12","0","0","Close","True","Loop","True","Cp","0","0","-0","U","0","0","-1","V","0","-1","0","Size","4","Multi","False","-0","-0","156","0","156","30","0","30"
"IsShading","True"
"Disp3D","True"
"Group","0"
"LayerSize","8"
"DispLayerBit","00","03","00","00","00","00","00","00"
"ElementEnd"
"Element"
"Name","中心線"
"PrimitiveId","Line","LineColor","BurlyWood","LineThickness","1","LineType","2","Close","True","Reverse","False","DivideAngle","0.20943951023931953","FaceColors","1","BurlyWood"
"LineData","Sp","47","310","0","V","48","0","0"
"IsShading","True"
"Disp3D","True"
"Group","0"
"LayerSize","8"
"DispLayerBit","01","02","00","00","00","00","00","00"
"ElementEnd"
"Element"
"Name","中心線"
"PrimitiveId","Line","LineColor","BurlyWood","LineThickness","1","LineType","2","Close","True","Reverse","False","DivideAngle","0.20943951023931953","FaceColors","1","BurlyWood"
"LineData","Sp","68","332","0","V","0","-43","0"
"IsShading","True"
"Disp3D","True"
"Group","0"
"LayerSize","8"
"DispLayerBit","01","02","00","00","00","00","00","00"
"ElementEnd"
"Element"
"Name","天板"
"PrimitiveId","Extrusion","LineColor","BurlyWood","LineThickness","1","LineType","0","Close","True","Reverse","False","DivideAngle","0.20943951023931953","FaceColors","1","BurlyWood"
"ExtrusionData","Vector","0","12","0","Close","True","Loop","True","Cp","0","358","0","U","1","0","0","V","0","0","-1","Size","4","Multi","False","124.00000000000001","144","124.00000000000001","12.000000000000002","11.999999999999984","12.000000000000002","11.999999999999984","144"
"IsShading","True"
"Disp3D","True"
"Group","0"
"LayerSize","8"
"DispLayerBit","40","02","00","00","00","00","00","00"
"ElementEnd"
"Element"
"Name","マグネット"
"PrimitiveId","Revolution","LineColor","Black","LineThickness","1","LineType","0","Close","True","Reverse","False","DivideAngle","0.20943951023931953","FaceColors","1","Black"
"RevolutionData","StartAngle","0","EndAngle","6.283185307179586","Close","True","CenterLineSp","67.99999999999999","310","-31.999999999999996","CenterLineV","0","-5.684341886080802E-14","45","OutLineCp","67.99999999999997","309.99999999999994","-19.000000000000004","OutLineU","1","0","-0","OutLineV","0","-1.2246467991473532E-16","1","OutLineSize","4","Multi","False","OutLine","0","-0","35.00000000000002","-0","35.00000000000002","15","7.105427357601002E-15","15"
"IsShading","True"
"Disp3D","True"
"Group","0"
"LayerSize","8"
"DispLayerBit","00","0C","00","00","00","00","00","00"
"ElementEnd"
"Element"
"Name","外周フレーム"
"PrimitiveId","BlendPolyline","LineColor","DarkGray","LineThickness","1","LineType","0","Close","True","Reverse","False","DivideAngle","0.20943951023931953","FaceColors","1","DarkSlateGray"
"BlendPolylineData1","Cp","67.99999999999999","349","4","U","-0.9991416896266503","-0.04142323080111634","-5.072882701092918E-18","V","0.04142323080111669","-0.99914168962665","-1.223595672095955E-16","Size","7","Multi","True","0","-0","0","13.462552140438005","1.1102230246251565E-16","1","26.878867179175877","1.114809811289334","0","37.9925674346754","6.291790451159898","1","43.9968387812226","16.981233257579582","0","45.72072500247977","26.986224675091904","1","46.5768820344428","37.10248050938923","0"
"BlendPolylineData2","Cp","36.000000000000014","309.99999999999994","7","U","0.14478794932189742","0.9894627076000184","1.2117423377380361E-16","V","0.9894627076000184","-0.1447879493218979","-1.7731409869217144E-17","Size","7","Multi","True","36.296021021501325","27.029592264899872","0","31.493463339962798","14.269502594874082","1","21.815024242974502","4.666780828755257","0","20.012612104112076","3.6008372612896182","1","18.14434302309962","2.655059354869243","0","9.266428756601455","-0","1","-0","-0","0"
"IsShading","True"
"Disp3D","True"
"Group","0"
"LayerSize","8"
"DispLayerBit","00","18","00","00","00","00","00","00"
"ElementEnd"
"Element"
"Name","外周フレーム"
"PrimitiveId","BlendPolyline","LineColor","DarkGray","LineThickness","1","LineType","0","Close","True","Reverse","True","DivideAngle","0.20943951023931953","FaceColors","1","DarkSlateGray"
"BlendPolylineData1","Cp","67.99999999999999","270.99999999999994","3.999999999999993","U","-0.9991416896266503","0.04142323080111634","5.072882701092918E-18","V","0.041423230801116845","0.99914168962665","1.223595672095955E-16","Size","7","Multi","True","0","-0","0","13.462552140438005","1.1102230246251565E-16","1","26.878867179175877","1.114809811289334","0","37.9925674346754","6.291790451159898","1","43.9968387812226","16.981233257579582","0","45.72072500247977","26.986224675091904","1","46.5768820344428","37.10248050938923","0"
"BlendPolylineData2","Cp","36.000000000000014","309.99999999999994","7","U","0.14478794932189726","-0.9894627076000184","-1.2117423377380361E-16","V","0.9894627076000182","0.1447879493218979","1.7731409869217144E-17","Size","7","Multi","True","36.296021021501325","27.029592264899872","0","31.493463339962798","14.269502594874082","1","21.815024242974502","4.666780828755257","0","20.012612104112076","3.6008372612896182","1","18.14434302309962","2.655059354869243","0","9.266428756601455","-0","1","-0","-0","0"
"IsShading","True"
"Disp3D","True"
"Group","0"
"LayerSize","8"
"DispLayerBit","00","18","00","00","00","00","00","00"
"ElementEnd"
"Element"
"Name","外周フレーム"
"PrimitiveId","BlendPolyline","LineColor","DarkGray","LineThickness","1","LineType","0","Close","True","Reverse","True","DivideAngle","0.20943951023931953","FaceColors","1","DarkSlateGray"
"BlendPolylineData1","Cp","68","349","4.0000000000000036","U","0.9991416896266503","-0.041423230801116394","-5.072882701092924E-18","V","-0.04142323080111657","-0.9991416896266502","-1.2235956720959553E-16","Size","7","Multi","True","0","-0","0","13.462552140438005","1.1102230246251565E-16","1","26.878867179175877","1.114809811289334","0","37.9925674346754","6.291790451159898","1","43.9968387812226","16.981233257579582","0","45.72072500247977","26.986224675091904","1","46.5768820344428","37.10248050938923","0"
"BlendPolylineData2","Cp","99.99999999999999","309.99999999999994","7","U","-0.14478794932189754","0.9894627076000184","1.2117423377380361E-16","V","-0.9894627076000184","-0.14478794932189767","-1.7731409869217116E-17","Size","7","Multi","True","36.296021021501325","27.029592264899872","0","31.493463339962798","14.269502594874082","1","21.815024242974502","4.666780828755257","0","20.012612104112076","3.6008372612896182","1","18.14434302309962","2.655059354869243","0","9.266428756601455","-0","1","-0","-0","0"
"IsShading","True"
"Disp3D","True"
"Group","0"
"LayerSize","8"
"DispLayerBit","00","18","00","00","00","00","00","00"
"ElementEnd"
"Element"
"Name","外周フレーム"
"PrimitiveId","BlendPolyline","LineColor","DarkGray","LineThickness","1","LineType","0","Close","True","Reverse","False","DivideAngle","0.20943951023931953","FaceColors","1","DarkSlateGray"
"BlendPolylineData1","Cp","68","270.99999999999994","3.999999999999993","U","0.9991416896266501","0.041423230801116394","5.072882701092924E-18","V","-0.04142323080111772","0.9991416896266502","1.2235956720959553E-16","Size","7","Multi","True","0","-0","0","13.462552140438005","1.1102230246251565E-16","1","26.878867179175877","1.114809811289334","0","37.9925674346754","6.291790451159898","1","43.9968387812226","16.981233257579582","0","45.72072500247977","26.986224675091904","1","46.5768820344428","37.10248050938923","0"
"BlendPolylineData2","Cp","99.99999999999999","309.99999999999994","7","U","-0.14478794932189737","-0.9894627076000184","-1.2117423377380361E-16","V","-0.9894627076000186","0.14478794932189767","1.7731409869217116E-17","Size","7","Multi","True","36.296021021501325","27.029592264899872","0","31.493463339962798","14.269502594874082","1","21.815024242974502","4.666780828755257","0","20.012612104112076","3.6008372612896182","1","18.14434302309962","2.655059354869243","0","9.266428756601455","-0","1","-0","-0","0"
"IsShading","True"
"Disp3D","True"
"Group","0"
"LayerSize","8"
"DispLayerBit","00","18","00","00","00","00","00","00"
"ElementEnd"
"Element"
"Name","外周フレーム側面"
"PrimitiveId","Extrusion","LineColor","Black","LineThickness","1","LineType","0","Close","False","Reverse","False","DivideAngle","0.20943951023931953","FaceColors","1","DarkGray"
"ExtrusionData","Vector","-7.105427357601002E-15","-4.898587196589413E-16","4","Close","False","Loop","False","Cp","68","349","3.552713678800501E-15","U","0.9965668673342649","-0.08279178057977471","-1.0139068908273109E-17","V","-0.08279178057977285","-0.9965668673342651","-1.220442424217213E-16","Size","9","Multi","True","0","-0","0","26.901975796419183","0","0","31.009467298509684","0.7799825328015482","2","34.865032769110925","2.396916079094874","2","38.300165496101805","4.780132883998966","2","41.164733695717224","7.825474937196479","2","43.33354199191066","11.399846177790224","2","44.66274300593811","15.143430683789731","0","48.07438847265308","35.14047769994657","0"
"IsShading","True"
"Disp3D","True"
"Group","0"
"LayerSize","8"
"DispLayerBit","00","18","00","00","00","00","00","00"
"ElementEnd"
"Element"
"Name","外周フレーム側面"
"PrimitiveId","Extrusion","LineColor","Black","LineThickness","1","LineType","0","Close","False","Reverse","False","DivideAngle","0.20943951023931953","FaceColors","1","DarkGray"
"ExtrusionData","Vector","-7.105427357601002E-15","-4.898587196589413E-16","4","Close","False","Loop","False","Cp","68.00000000000001","270.99999999999994","-7.105427357601002E-15","U","0.9965668673342647","0.08279178057977471","1.0139068908273109E-17","V","-0.08279178057977343","0.9965668673342651","1.220442424217213E-16","Size","9","Multi","True","0","-0","0","26.901975796419183","0","0","31.009467298509684","0.7799825328015482","2","34.865032769110925","2.396916079094874","2","38.300165496101805","4.780132883998966","2","41.164733695717224","7.825474937196479","2","43.33354199191066","11.399846177790224","2","44.66274300593811","15.143430683789731","0","48.07438847265308","35.14047769994657","0"
"IsShading","True"
"Disp3D","True"
"Group","0"
"LayerSize","8"
"DispLayerBit","00","18","00","00","00","00","00","00"
"ElementEnd"
"Element"
"Name","外周フレーム側面"
"PrimitiveId","Extrusion","LineColor","Black","LineThickness","1","LineType","0","Close","False","Reverse","False","DivideAngle","0.20943951023931953","FaceColors","1","DarkGray"
"ExtrusionData","Vector","7.105427357601002E-15","-4.898587196589439E-16","4","Close","False","Loop","False","Cp","67.99999999999997","349","3.552713678800501E-15","U","-0.9965668673342649","-0.08279178057977482","-1.0139068908273123E-17","V","0.08279178057977296","-0.9965668673342649","-1.2204424242172124E-16","Size","9","Multi","True","0","-0","0","26.901975796419183","0","0","31.009467298509684","0.7799825328015482","2","34.865032769110925","2.396916079094874","2","38.300165496101805","4.780132883998966","2","41.164733695717224","7.825474937196479","2","43.33354199191066","11.399846177790224","2","44.66274300593811","15.143430683789731","0","48.07438847265308","35.14047769994657","0"
"IsShading","True"
"Disp3D","True"
"Group","0"
"LayerSize","8"
"DispLayerBit","00","18","00","00","00","00","00","00"
"ElementEnd"
"Element"
"Name","外周フレーム側面"
"PrimitiveId","Extrusion","LineColor","Black","LineThickness","1","LineType","0","Close","False","Reverse","False","DivideAngle","0.20943951023931953","FaceColors","1","DarkGray"
"ExtrusionData","Vector","7.105427357601002E-15","-4.898587196589386E-16","4","Close","False","Loop","False","Cp","67.99999999999999","270.99999999999994","-7.105427357601002E-15","U","-0.9965668673342647","0.08279178057977482","1.0139068908273123E-17","V","0.08279178057977254","0.9965668673342649","1.2204424242172124E-16","Size","9","Multi","True","0","-0","0","26.901975796419183","0","0","31.009467298509684","0.7799825328015482","2","34.865032769110925","2.396916079094874","2","38.300165496101805","4.780132883998966","2","41.164733695717224","7.825474937196479","2","43.33354199191066","11.399846177790224","2","44.66274300593811","15.143430683789731","0","48.07438847265308","35.14047769994657","0"
"IsShading","True"
"Disp3D","True"
"Group","0"
"LayerSize","8"
"DispLayerBit","00","18","00","00","00","00","00","00"
"ElementEnd"
"Element"
"Name","コーン"
"PrimitiveId","Revolution","LineColor","SlateGray","LineThickness","1","LineType","0","Close","True","Reverse","False","DivideAngle","0.20943951023931953","FaceColors","1","SlateGray"
"RevolutionData","StartAngle","0","EndAngle","6.283185307179586","Close","True","CenterLineSp","67.99999999999999","309.99999999999994","13","CenterLineV","0","0","10","OutLineCp","78.99999999999997","309.99999999999994","1","OutLineU","-0.8021308478886223","-7.312957651550917E-17","0.5971483089362976","OutLineV","-0.5971483089362974","2.946980926092462E-16","-0.8021308478886224","OutLineSize","5","Multi","True","OutLine","11.809180871456334","2.557977158856163","0","6.181631121972773","-0","1","-0","-0","0","-0.30747380842848615","-2.098918735237379","1","-2.406392543665866","-1.7914449268088917","0"
"IsShading","True"
"Disp3D","True"
"Group","0"
"LayerSize","8"
"DispLayerBit","00","28","00","00","00","00","00","00"
"ElementEnd"
"Element"
"Name","フレーム"
"PrimitiveId","Revolution","LineColor","SlateGray","LineThickness","1","LineType","0","Close","True","Reverse","False","DivideAngle","0.20943951023931953","FaceColors","1","SlateGray"
"RevolutionData","StartAngle","0","EndAngle","6.283185307179586","Close","True","CenterLineSp","67.99999999999997","309.99999999999994","0","CenterLineV","0","0","10","OutLineCp","67.99999999999997","309.99999999999994","-13","OutLineU","1","0","-0","OutLineV","0","-1.2246467991473532E-16","1","OutLineSize","5","Multi","False","OutLine","21","20","18.313380369924317","18.561478310408702","15.984555301442395","16.595812141258214","14.115305624989404","14.188910536453191","14","14"
"IsShading","True"
"Disp3D","True"
"Group","0"
"LayerSize","8"
"DispLayerBit","00","48","00","00","00","00","00","00"
"ElementEnd"
"Element"
"Name","フレームベース抑え"
"PrimitiveId","Revolution","LineColor","Fuchsia","LineThickness","1","LineType","0","Close","True","Reverse","False","DivideAngle","0.17453292519943295","FaceColors","1","WhiteSmoke"
"RevolutionData","StartAngle","0","EndAngle","6.283185307179586","Close","True","CenterLineSp","67.99999999999999","310","-3","CenterLineV","0","0","13","OutLineCp","67.99999999999999","310","0","OutLineU","1","0","-0","OutLineV","0","-1.2246467991473532E-16","1","OutLineSize","5","Multi","False","OutLine","32.5","7","32.5","6.5","31","6.5","31","7","32.5","7"
"IsShading","True"
"Disp3D","True"
"Group","0"
"LayerSize","8"
"DispLayerBit","00","88","00","00","00","00","00","00"
"ElementEnd"
"Element"
"Name","マグネットフレーム"
"PrimitiveId","Revolution","LineColor","Silver","LineThickness","1","LineType","0","Close","True","Reverse","False","DivideAngle","0.20943951023931953","FaceColors","1","Silver"
"RevolutionData","StartAngle","0","EndAngle","6.283185307179586","Close","True","CenterLineSp","67.99999999999999","310","-31.999999999999996","CenterLineV","0","-5.684341886080802E-14","45","OutLineCp","67.99999999999999","309.99999999999994","0","OutLineU","1","0","-0","OutLineV","0","3.6739403974420594E-16","-1","OutLineSize","4","Multi","False","OutLine","0","0","31.500000000000014","0","31.500000000000014","25","0","25"
"IsShading","True"
"Disp3D","True"
"Group","0"
"LayerSize","8"
"DispLayerBit","00","08","01","00","00","00","00","00"
"ElementEnd"
"Element"
"Name","コーンフレーム"
"PrimitiveId","Revolution","LineColor","Black","LineThickness","1","LineType","0","Close","True","Reverse","False","DivideAngle","0.20943951023931953","FaceColors","1","Black"
"RevolutionData","StartAngle","0","EndAngle","6.283185307179586","Close","True","CenterLineSp","67.99999999999997","309.99999999999994","-2","CenterLineV","0","0","11","OutLineCp","67.99999999999997","309.99999999999994","-13","OutLineU","1","0","-0","OutLineV","0","-1.2246467991473532E-16","1","OutLineSize","2","Multi","False","OutLine","21","20","31","20"
"IsShading","True"
"Disp3D","True"
"Group","0"
"LayerSize","8"
"DispLayerBit","00","28","00","00","00","00","00","00"
"ElementEnd"
"Element"
"Name","フレームベース底板"
"PrimitiveId","Polygon","LineColor","Black","LineThickness","1","LineType","0","Close","True","Reverse","True","DivideAngle","0.20943951023931953","FaceColors","1","DarkGray"
"PolygonData","Cp","36","310","-3.552713678800501E-15","U","0.1045284632676532","0.9945218953682734","1.217938055844715E-16","V","0.9945218953682733","-0.10452846326765342","-1.2801044796052345E-17","Size","19","Multi","True","-0","-0","0","6.689821649129818","-0","2","13.233454644563224","1.390892130339833","2","18.021696568062996","3.388949206826391","0","21.607744990466728","5.54792595950622","0","26.671906902050093","9.919193262066722","2","30.716567149701145","15.247836351844603","2","33.564954672164326","21.30096795615012","2","35.09258126662824","27.81403717772706","2","35.169611476349694","28.479789827219843","0","42.13126474392762","27.748090584346244","0","37.11383529989107","1.31815105499357","0","35.58145937733514","-2.571795374353764","2","33.2738042059487","-6.058138272175881","2","30.291725390079417","-8.988507724508601","2","26.76555408358256","-11.234832524812306","2","22.849400892999263","-12.698937500251372","2","18.923596884378053","-13.30660778514677","0","-1.3588700224795767","-12.928784639787562","0"
"IsShading","True"
"Disp3D","True"
"Group","0"
"LayerSize","8"
"DispLayerBit","00","88","00","00","00","00","00","00"
"ElementEnd"
"Element"
"Name","フレームベース底板"
"PrimitiveId","Polygon","LineColor","Black","LineThickness","1","LineType","0","Close","True","Reverse","True","DivideAngle","0.20943951023931953","FaceColors","1","DarkGray"
"PolygonData","Cp","99.99999999999999","310","1.1368683772161603E-13","U","-0.10452846326765336","-0.9945218953682734","-1.217938055844715E-16","V","-0.9945218953682733","0.10452846326765433","1.2801044796052456E-17","Size","19","Multi","True","-0","-0","0","6.689821649129818","-0","2","13.233454644563224","1.390892130339833","2","18.021696568062996","3.388949206826391","0","21.607744990466728","5.54792595950622","0","26.671906902050093","9.919193262066722","2","30.716567149701145","15.247836351844603","2","33.564954672164326","21.30096795615012","2","35.09258126662824","27.81403717772706","2","35.169611476349694","28.479789827219843","0","42.13126474392762","27.748090584346244","0","37.11383529989107","1.31815105499357","0","35.58145937733514","-2.571795374353764","2","33.2738042059487","-6.058138272175881","2","30.291725390079417","-8.988507724508601","2","26.76555408358256","-11.234832524812306","2","22.849400892999263","-12.698937500251372","2","18.923596884378053","-13.30660778514677","0","-1.3588700224795767","-12.928784639787562","0"
"IsShading","True"
"Disp3D","True"
"Group","0"
"LayerSize","8"
"DispLayerBit","00","88","00","00","00","00","00","00"
"ElementEnd"
"Element"
"Name","フレームベース底板"
"PrimitiveId","Polygon","LineColor","Black","LineThickness","1","LineType","0","Close","True","Reverse","False","DivideAngle","0.20943951023931953","FaceColors","1","DarkGray"
"PolygonData","Cp","36","310","-3.552713678800501E-15","U","0.10452846326765328","-0.9945218953682734","-1.217938055844715E-16","V","0.9945218953682731","0.10452846326765342","1.2801044796052345E-17","Size","19","Multi","True","-0","-0","0","6.689821649129818","-0","2","13.233454644563224","1.390892130339833","2","18.021696568062996","3.388949206826391","0","21.607744990466728","5.54792595950622","0","26.671906902050093","9.919193262066722","2","30.716567149701145","15.247836351844603","2","33.564954672164326","21.30096795615012","2","35.09258126662824","27.81403717772706","2","35.169611476349694","28.479789827219843","0","42.13126474392762","27.748090584346244","0","37.11383529989107","1.31815105499357","0","35.58145937733514","-2.571795374353764","2","33.2738042059487","-6.058138272175881","2","30.291725390079417","-8.988507724508601","2","26.76555408358256","-11.234832524812306","2","22.849400892999263","-12.698937500251372","2","18.923596884378053","-13.30660778514677","0","-1.3588700224795767","-12.928784639787562","0"
"IsShading","True"
"Disp3D","True"
"Group","0"
"LayerSize","8"
"DispLayerBit","00","88","00","00","00","00","00","00"
"ElementEnd"
"Element"
"Name","フレームベース底板"
"PrimitiveId","Polygon","LineColor","Black","LineThickness","1","LineType","0","Close","True","Reverse","False","DivideAngle","0.20943951023931953","FaceColors","1","DarkGray"
"PolygonData","Cp","99.99999999999999","310","1.1368683772161603E-13","U","-0.1045284632676533","0.9945218953682734","1.217938055844715E-16","V","-0.9945218953682733","-0.10452846326765433","-1.2801044796052456E-17","Size","19","Multi","True","-0","-0","0","6.689821649129818","-0","2","13.233454644563224","1.390892130339833","2","18.021696568062996","3.388949206826391","0","21.607744990466728","5.54792595950622","0","26.671906902050093","9.919193262066722","2","30.716567149701145","15.247836351844603","2","33.564954672164326","21.30096795615012","2","35.09258126662824","27.81403717772706","2","35.169611476349694","28.479789827219843","0","42.13126474392762","27.748090584346244","0","37.11383529989107","1.31815105499357","0","35.58145937733514","-2.571795374353764","2","33.2738042059487","-6.058138272175881","2","30.291725390079417","-8.988507724508601","2","26.76555408358256","-11.234832524812306","2","22.849400892999263","-12.698937500251372","2","18.923596884378053","-13.30660778514677","0","-1.3588700224795767","-12.928784639787562","0"
"IsShading","True"
"Disp3D","True"
"Group","0"
"LayerSize","8"
"DispLayerBit","00","88","00","00","00","00","00","00"
"ElementEnd"
"Element"
"Name","フレーム災外周"
"PrimitiveId","Revolution","LineColor","DarkSlateGray","LineThickness","1","LineType","0","Close","False","Reverse","False","DivideAngle","0.1308996938995747","FaceColors","1","DarkSlateGray"
"RevolutionData","StartAngle","0","EndAngle","6.283185307179586","Close","False","CenterLineSp","68","191","-12","CenterLineV","0","0","16","OutLineCp","115","191","0","OutLineU","1","0","0","OutLineV","0","0","1","OutLineSize","5","Multi","False","OutLine","2.5","-0","2.5","7.5","17","5","17","-0","2.5","-0"
"IsShading","True"
"Disp3D","True"
"Group","0"
"LayerSize","8"
"DispLayerBit","00","00","02","04","00","00","00","00"
"ElementEnd"
"Element"
"Name","フレームマグネット支え"
"PrimitiveId","Revolution","LineColor","DarkSlateGray","LineThickness","1","LineType","0","Close","True","Reverse","False","DivideAngle","0.20943951023931953","FaceColors","1","DarkSlateGray"
"RevolutionData","StartAngle","0","EndAngle","6.283185307179586","Close","True","CenterLineSp","68","191","-40","CenterLineV","0","0","28","OutLineCp","106","191","-30","OutLineU","0","0","1","OutLineV","-1","0","0","OutLineSize","7","Multi","False","OutLine","0","0","7","0","7","-2","10","-2","10","-4","13","-4","13","21"
"IsShading","True"
"Disp3D","True"
"Group","0"
"LayerSize","8"
"DispLayerBit","00","00","02","04","00","00","00","00"
"ElementEnd"
"Element"
"Name","マグネット"
"PrimitiveId","Revolution","LineColor","DimGray","LineThickness","1","LineType","0","Close","True","Reverse","False","DivideAngle","0.20943951023931953","FaceColors","1","DimGray"
"RevolutionData","StartAngle","0","EndAngle","6.283185307179586","Close","True","CenterLineSp","68","191","-60","CenterLineV","0","0","25","OutLineCp","76","191","-40","OutLineU","1","0","0","OutLineV","0","0","-1","OutLineSize","4","Multi","False","OutLine","0","-0","41.5","-0","41.5","17","-0","17"
"IsShading","True"
"Disp3D","True"
"Group","0"
"LayerSize","8"
"DispLayerBit","00","00","80","04","00","00","00","00"
"ElementEnd"
"Element"
"Name","マグネットカバー"
"PrimitiveId","Revolution","LineColor","Silver","LineThickness","1","LineType","0","Close","True","Reverse","False","DivideAngle","0.20943951023931953","FaceColors","1","Silver"
"RevolutionData","StartAngle","0","EndAngle","6.283185307179586","Close","True","CenterLineSp","68","191","-70","CenterLineV","0","0","39","OutLineCp","76","191","-65","OutLineU","1","0","0","OutLineV","0","0","1","OutLineSize","5","Multi","False","OutLine","0","0","39","0","39","35","0","35","0","0"
"IsShading","True"
"Disp3D","True"
"Group","0"
"LayerSize","8"
"DispLayerBit","00","00","40","04","00","00","00","00"
"ElementEnd"
"Element"
"Name","メインコーン"
"PrimitiveId","Revolution","LineColor","DarkSlateGray","LineThickness","1","LineType","0","Close","False","Reverse","False","DivideAngle","0.20943951023931953","FaceColors","1","DarkSlateGray"
"RevolutionData","StartAngle","0","EndAngle","6.283185307179586","Close","False","CenterLineSp","68","191","-11","CenterLineV","0","0","13","OutLineCp","68","191","0","OutLineU","1","0","0","OutLineV","0","0","-1","OutLineSize","2","Multi","False","OutLine","34.00000000000002","-5.9999999999999964","17.000000000000004","8.999999999999995"
"IsShading","True"
"Disp3D","True"
"Group","0"
"LayerSize","8"
"DispLayerBit","00","00","10","04","00","00","00","00"
"ElementEnd"
"Element"
"Name","センターキャップ"
"PrimitiveId","Revolution","LineColor","DarkSlateGray","LineThickness","1","LineType","0","Close","False","Reverse","True","DivideAngle","0.2617993877991494","FaceColors","1","DarkSlateGray"
"RevolutionData","StartAngle","0","EndAngle","6.283185307179586","Close","False","CenterLineSp","68","191","-14","CenterLineV","0","0","16","OutLineCp","68","191","0","OutLineU","1","0","0","OutLineV","0","0","-1","OutLineSize","4","Multi","False","OutLine","-4.975127621536122E-15","3","7.009682471526591","3.9228422046710634","13.541666666666647","6.628478647504775","16.999999999999986","8.99999999999999"
"IsShading","True"
"Disp3D","True"
"Group","0"
"LayerSize","8"
"DispLayerBit","00","00","00","05","00","00","00","00"
"ElementEnd"
"Element"
"Name","コイル-回転体"
"PrimitiveId","Revolution","LineColor","DarkGoldenrod","LineThickness","1","LineType","0","Close","True","Reverse","False","DivideAngle","0.20943951023931953","FaceColors","1","DarkGoldenrod"
"RevolutionData","StartAngle","0","EndAngle","6.283185307179586","Close","True","CenterLineSp","68","191","-9","CenterLineV","0","0","-41","OutLineCp","68","191","0","OutLineU","1","0","0","OutLineV","0","0","-1","OutLineSize","2","Multi","False","OutLine","17","9","17","56"
"IsShading","True"
"Disp3D","True"
"Group","0"
"LayerSize","8"
"DispLayerBit","00","00","20","04","00","00","00","00"
"ElementEnd"
"Element"
"Name","ガスケット-回転体"
"PrimitiveId","Revolution","LineColor","DarkSlateGray","LineThickness","1","LineType","0","Close","True","Reverse","False","DivideAngle","0.20943951023931953","FaceColors","1","DarkSlateGray"
"RevolutionData","StartAngle","0","EndAngle","6.283185307179586","Close","True","CenterLineSp","68","191","4","CenterLineV","0","0","9","OutLineCp","117.5","191","6","OutLineU","-1","0","0","OutLineV","0","0","1","OutLineSize","5","Multi","False","OutLine","-0","4","3.5","4","3.5","-0","-0","0","-0","4"
"IsShading","True"
"Disp3D","True"
"Group","0"
"LayerSize","8"
"DispLayerBit","00","00","00","06","00","00","00","00"
"ElementEnd"
"Element"
"Name","エッジ"
"PrimitiveId","Revolution","LineColor","DarkSlateGray","LineThickness","1","LineType","0","Close","False","Reverse","False","DivideAngle","0.20943951023931953","FaceColors","1","DarkSlateGray"
"RevolutionData","StartAngle","0","EndAngle","6.283185307179586","Close","False","CenterLineSp","68","191","-10","CenterLineV","0","0","12","OutLineCp","68","191","0","OutLineU","1","0","0","OutLineV","0","0","-1","OutLineSize","10","Multi","False","OutLine","33.99913358876563","-5.997919597288725","34.850117318191266","-7.465943565358241","36.05205704179864","-8.663695033480222","37.52304255372322","-9.50954921848004","39.16282862224584","-9.945862555490091","40.85966653667129","-9.942901011635028","42.49791959728872","-9.500866411234385","43.96594356535824","-8.649882681808752","45.16369503348022","-7.44794295820138","46.000866411234384","-5.997919597288733"
"IsShading","True"
"Disp3D","True"
"Group","0"
"LayerSize","8"
"DispLayerBit","00","00","08","04","00","00","00","00"
"ElementEnd"
"Element"
"Name","フレーム内周"
"PrimitiveId","Revolution","LineColor","DarkSlateGray","LineThickness","1","LineType","0","Close","False","Reverse","False","DivideAngle","0.20943951023931953","FaceColors","1","DarkSlateGray"
"RevolutionData","StartAngle","0","EndAngle","6.283185307179586","Close","False","CenterLineSp","68","191","-14","CenterLineV","0","0","17","OutLineCp","117.5","191","0","OutLineU","-1","0","0","OutLineV","0","0","1","OutLineSize","5","Multi","False","OutLine","-1.7763568394002505E-15","6.000000000000002","3.5000000000000018","6.000000000000002","3.5000000000000018","-1.7763568394002505E-15","-1.7763568394002505E-15","-1.7763568394002505E-15","-1.7763568394002505E-15","6.000000000000002"
"IsShading","True"
"Disp3D","True"
"Group","0"
"LayerSize","8"
"DispLayerBit","00","00","02","04","00","00","00","00"
"ElementEnd"
"Element"
"Name","フレーム支え"
"PrimitiveId","Extrusion","LineColor","DarkSlateGray","LineThickness","1","LineType","0","Close","True","Reverse","False","DivideAngle","0.2617993877991494","FaceColors","1","DarkSlateGray"
"ExtrusionData","Vector","0","10","0","Close","True","Loop","True","Cp","112.98503502652873","186","-0.11212475379912235","U","-0.09476169254924327","0","-0.9954999857484692","V","-0.9954999857484695","0","0.0947616925492415","Size","8","Multi","True","30.415293123274612","4.121376624331288","0","25.785481014469585","0.39041568096615903","2","17.571120005172748","-3.707607464029872","2","8.576010122635086","-5.5399607839583025","2","-0.5868467597703831","-4.981772428173046","0","-0","-0","0","12.229024861995857","-0","1","23.453096422778753","4.854818912558636","0"
"IsShading","True"
"Disp3D","True"
"Group","0"
"LayerSize","8"
"DispLayerBit","00","00","02","04","00","00","00","00"
"ElementEnd"
"Element"
"Name","フレーム支え"
"PrimitiveId","Extrusion","LineColor","DarkSlateGray","LineThickness","1","LineType","0","Close","True","Reverse","False","DivideAngle","0.2617993877991494","FaceColors","1","DarkSlateGray"
"ExtrusionData","Vector","-7.0710678118654755","7.0710678118654755","0","Close","True","Loop","True","Cp","103.34475722510557","219.2736894132401","-0.11212475379912235","U","-0.06700663539828465","-0.06700663539828465","-0.9954999857484692","V","-0.7039247905938543","-0.7039247905938543","0.0947616925492415","Size","8","Multi","True","30.415293123274612","4.121376624331288","0","25.785481014469585","0.39041568096615903","2","17.571120005172748","-3.707607464029872","2","8.576010122635086","-5.5399607839583025","2","-0.5868467597703831","-4.981772428173046","0","-0","-0","0","12.229024861995857","-0","1","23.453096422778753","4.854818912558636","0"
"IsShading","True"
"Disp3D","True"
"Group","0"
"LayerSize","8"
"DispLayerBit","00","00","02","04","00","00","00","00"
"ElementEnd"
"Element"
"Name","フレーム支え"
"PrimitiveId","Extrusion","LineColor","DarkSlateGray","LineThickness","1","LineType","0","Close","True","Reverse","False","DivideAngle","0.2617993877991494","FaceColors","1","DarkSlateGray"
"ExtrusionData","Vector","-10","-1.6081226496766366E-15","0","Close","True","Loop","True","Cp","73","235.98503502652875","-0.11212475379912235","U","1.5238842411013187E-17","-0.09476169254924327","-0.9954999857484692","V","1.6008860748348829E-16","-0.9954999857484695","0.0947616925492415","Size","8","Multi","True","30.415293123274612","4.121376624331288","0","25.785481014469585","0.39041568096615903","2","17.571120005172748","-3.707607464029872","2","8.576010122635086","-5.5399607839583025","2","-0.5868467597703831","-4.981772428173046","0","-0","-0","0","12.229024861995857","-0","1","23.453096422778753","4.854818912558636","0"
"IsShading","True"
"Disp3D","True"
"Group","0"
"LayerSize","8"
"DispLayerBit","00","00","02","04","00","00","00","00"
"ElementEnd"
"Element"
"Name","フレーム支え"
"PrimitiveId","Extrusion","LineColor","DarkSlateGray","LineThickness","1","LineType","0","Close","True","Reverse","False","DivideAngle","0.2617993877991494","FaceColors","1","DarkSlateGray"
"ExtrusionData","Vector","-7.0710678118654755","-7.071067811865475","0","Close","True","Loop","True","Cp","39.72631058675991","226.34475722510558","-0.11212475379912235","U","0.06700663539828465","-0.06700663539828465","-0.9954999857484692","V","0.7039247905938542","-0.7039247905938543","0.0947616925492415","Size","8","Multi","True","30.415293123274612","4.121376624331288","0","25.785481014469585","0.39041568096615903","2","17.571120005172748","-3.707607464029872","2","8.576010122635086","-5.5399607839583025","2","-0.5868467597703831","-4.981772428173046","0","-0","-0","0","12.229024861995857","-0","1","23.453096422778753","4.854818912558636","0"
"IsShading","True"
"Disp3D","True"
"Group","0"
"LayerSize","8"
"DispLayerBit","00","00","02","04","00","00","00","00"
"ElementEnd"
"Element"
"Name","フレーム支え"
"PrimitiveId","Extrusion","LineColor","DarkSlateGray","LineThickness","1","LineType","0","Close","True","Reverse","False","DivideAngle","0.2617993877991494","FaceColors","1","DarkSlateGray"
"ExtrusionData","Vector","-5.665538897647979E-15","-10","0","Close","True","Loop","True","Cp","23.014964973471265","196.00000000000003","-0.11212475379912235","U","0.09476169254924327","-5.368760551446965E-17","-0.9954999857484692","V","0.9954999857484695","-5.640043891865963E-16","0.0947616925492415","Size","8","Multi","True","30.415293123274612","4.121376624331288","0","25.785481014469585","0.39041568096615903","2","17.571120005172748","-3.707607464029872","2","8.576010122635086","-5.5399607839583025","2","-0.5868467597703831","-4.981772428173046","0","-0","-0","0","12.229024861995857","-0","1","23.453096422778753","4.854818912558636","0"
"IsShading","True"
"Disp3D","True"
"Group","0"
"LayerSize","8"
"DispLayerBit","00","00","02","04","00","00","00","00"
"ElementEnd"
"Element"
"Name","フレーム支え"
"PrimitiveId","Extrusion","LineColor","DarkSlateGray","LineThickness","1","LineType","0","Close","True","Reverse","False","DivideAngle","0.2617993877991494","FaceColors","1","DarkSlateGray"
"ExtrusionData","Vector","7.071067811865471","-7.071067811865479","0","Close","True","Loop","True","Cp","32.65524277489442","162.72631058675992","-0.11212475379912235","U","0.06700663539828469","0.06700663539828461","-0.9954999857484692","V","0.7039247905938546","0.7039247905938538","0.0947616925492415","Size","8","Multi","True","30.415293123274612","4.121376624331288","0","25.785481014469585","0.39041568096615903","2","17.571120005172748","-3.707607464029872","2","8.576010122635086","-5.5399607839583025","2","-0.5868467597703831","-4.981772428173046","0","-0","-0","0","12.229024861995857","-0","1","23.453096422778753","4.854818912558636","0"
"IsShading","True"
"Disp3D","True"
"Group","0"
"LayerSize","8"
"DispLayerBit","00","00","02","04","00","00","00","00"
"ElementEnd"
"Element"
"Name","フレーム支え"
"PrimitiveId","Extrusion","LineColor","DarkSlateGray","LineThickness","1","LineType","0","Close","True","Reverse","False","DivideAngle","0.2617993877991494","FaceColors","1","DarkSlateGray"
"ExtrusionData","Vector","10","-1.8369701987210296E-15","0","Close","True","Loop","True","Cp","62.999999999999986","146.01496497347125","-0.11212475379912235","U","1.7407440519332452E-17","0.09476169254924327","-0.9954999857484692","V","1.8287038066471484E-16","0.9954999857484695","0.0947616925492415","Size","8","Multi","True","30.415293123274612","4.121376624331288","0","25.785481014469585","0.39041568096615903","2","17.571120005172748","-3.707607464029872","2","8.576010122635086","-5.5399607839583025","2","-0.5868467597703831","-4.981772428173046","0","-0","-0","0","12.229024861995857","-0","1","23.453096422778753","4.854818912558636","0"
"IsShading","True"
"Disp3D","True"
"Group","0"
"LayerSize","8"
"DispLayerBit","00","00","02","04","00","00","00","00"
"ElementEnd"
"Element"
"Name","フレーム支え"
"PrimitiveId","Extrusion","LineColor","DarkSlateGray","LineThickness","1","LineType","0","Close","True","Reverse","False","DivideAngle","0.2617993877991494","FaceColors","1","DarkSlateGray"
"ExtrusionData","Vector","7.071067811865477","7.071067811865474","0","Close","True","Loop","True","Cp","96.27368941324008","155.65524277489442","-0.11212475379912235","U","-0.06700663539828464","0.06700663539828466","-0.9954999857484692","V","-0.703924790593854","0.7039247905938544","0.0947616925492415","Size","8","Multi","True","30.415293123274612","4.121376624331288","0","25.785481014469585","0.39041568096615903","2","17.571120005172748","-3.707607464029872","2","8.576010122635086","-5.5399607839583025","2","-0.5868467597703831","-4.981772428173046","0","-0","-0","0","12.229024861995857","-0","1","23.453096422778753","4.854818912558636","0"
"IsShading","True"
"Disp3D","True"
"Group","0"
"LayerSize","8"
"DispLayerBit","00","00","02","04","00","00","00","00"
"ElementEnd"
"Element"
"Name","中心線"
"PrimitiveId","Line","LineColor","BurlyWood","LineThickness","1","LineType","2","Close","True","Reverse","False","DivideAngle","0.20943951023931953","FaceColors","1","BurlyWood"
"LineData","Sp","38","191","0","V","53","0","0"
"IsShading","True"
"Disp3D","True"
"Group","0"
"LayerSize","8"
"DispLayerBit","01","00","00","00","00","00","00","00"
"ElementEnd"
"Element"
"Name","中心線"
"PrimitiveId","Line","LineColor","BurlyWood","LineThickness","1","LineType","2","Close","True","Reverse","False","DivideAngle","0.20943951023931953","FaceColors","1","BurlyWood"
"LineData","Sp","68","218","0","V","0","-58","0"
"IsShading","True"
"Disp3D","True"
"Group","0"
"LayerSize","8"
"DispLayerBit","01","00","00","00","00","00","00","00"
"ElementEnd"
