﻿"DataManage"
"PrimitiveBrush","Blue"
"Face","NON"
"ArcDivideAngle","0.2617993877991494"
"RevolutionDivideAngle","0.17453292519943295"
"SweepDivideAngle","0.3490658503988659"
"Area","0","0","-350","240","675","1.4210854715202004E-14"
"Layer"
"LayerSize","64"
"DispLayerBit","FB","FF","FF","FF","FF","FF","FF","FF"
"LayerAll","False"
"LayerList","0","前面バッフル","1","左側板","2","右側板","3","背板","4","天板","5","底板","6","中板"
"LayerEnd"
"DataManageEnd"
"DataDraw"
"WorldSize","30"
"GridSize","1"
"World","-266.18739551500863","675","506.18739551500863","0"
"DataDrawEnd"
"Element"
"Name","線分"
"PrimitiveId","Line","PrimitiveFace","FRONT","LineColor","Blue","LineThickness","1","LineType","2","FaceColors","1","Blue"
"LineData","Sp","120","675","0","V","0","-360","0"
"IsShading","True"
"Disp3D","False"
"LayerSize","8"
"DispLayerBit","00","00","00","00","00","00","00","00"
"ElementEnd"
"Element"
"Name","線分"
"PrimitiveId","Line","PrimitiveFace","FRONT","LineColor","Blue","LineThickness","1","LineType","2","FaceColors","1","Blue"
"LineData","Sp","20.00000000000008","515","0","V","200","0","0"
"IsShading","True"
"Disp3D","False"
"LayerSize","8"
"DispLayerBit","00","00","00","00","00","00","00","00"
"ElementEnd"
"Element"
"Name","押出"
"PrimitiveId","Extrusion","PrimitiveFace","FRONT","LineColor","Blue","LineThickness","1","LineType","0","FaceColors","1","AntiqueWhite"
"ExtrusionData","Vector","0","0","-350","SrcFace","XY","Close","True","Cp","0","0","0","U","1","0","0","V","0","1","0","Size","4","20","655","20","675","220","675","220","655"
"IsShading","True"
"Disp3D","True"
"LayerSize","8"
"DispLayerBit","10","00","00","00","00","00","00","00"
"ElementEnd"
"Element"
"Name","左側板"
"PrimitiveId","Extrusion","PrimitiveFace","FRONT","LineColor","Blue","LineThickness","1","LineType","0","FaceColors","1","AntiqueWhite"
"ExtrusionData","Vector","0","0","-350","SrcFace","XY","Close","True","Cp","0","0","0","U","1","0","0","V","0","1","0","Size","4","0","0","0","675","20","675","20","0"
"IsShading","True"
"Disp3D","True"
"LayerSize","8"
"DispLayerBit","02","00","00","00","00","00","00","00"
"ElementEnd"
"Element"
"Name","背板"
"PrimitiveId","Extrusion","PrimitiveFace","TOP","LineColor","Blue","LineThickness","1","LineType","0","FaceColors","1","AntiqueWhite"
"ExtrusionData","Vector","200","0","0","SrcFace","XY","Close","True","Cp","20","0","0","U","0","0","-1","V","0","1","0","Size","4","330","20","330","655","350","655","350","20"
"IsShading","True"
"Disp3D","True"
"LayerSize","8"
"DispLayerBit","08","00","00","00","00","00","00","00"
"ElementEnd"
"Element"
"Name","前面上バッフル"
"PrimitiveId","Extrusion","PrimitiveFace","FRONT","LineColor","Blue","LineThickness","1","LineType","0","FaceColors","1","AntiqueWhite"
"ExtrusionData","Vector","0","0","-20","SrcFace","XY","Close","True","Cp","195","515","0","U","-0.13052619222005138","0.9914448613738105","0","V","-0.9914448613738092","-0.13052619222006182","0","Size","17","-3.2631548055015447","-24.786121534345256","135.5391257868317","-43.05978844515245","161.64436423084408","155.22918382960964","22.842083638510815","173.50285074041682","19.578928833009268","148.71672920607153","38.49072184388701","143.64932954138223","55.44657159215929","133.8598651248784","69.29096493834771","120.0154717786898","79.08042935485149","103.05962203041747","84.14782901954052","84.14782901953963","84.1478290195403","64.5689001865319","79.08042935485085","45.65710717565403","69.29096493834686","28.701257427381734","55.44657159215804","14.856864081193155","38.490721843885645","5.0673996646892805","19.57892883300779","-0","-0","-0"
"IsShading","True"
"Disp3D","True"
"LayerSize","8"
"DispLayerBit","01","00","00","00","00","00","00","00"
"ElementEnd"
"Element"
"Name","前面下バッフル"
"PrimitiveId","Extrusion","PrimitiveFace","FRONT","LineColor","Blue","LineThickness","1","LineType","0","FaceColors","1","AntiqueWhite"
"ExtrusionData","Vector","0","0","-20","SrcFace","XY","Close","True","Cp","220","515","0","U","0","-1","0","V","-1","0","0","Size","17","1.1368683772161603E-13","25.00000000000003","19.411428382689166","27.555563028319966","37.500000000000114","35.048094716167185","53.03300858899115","46.96699141100902","64.95190528383296","62.500000000000085","72.44443697168015","80.58857161731098","75","100.00000000000003","72.44443697168015","119.41142838268905","64.9519052838329","137.5","53.033008588991095","153.03300858899104","37.5","164.9519052838329","19.411428382689053","172.44443697168012","0","175","0","200","200","200","200","0","-0","-0"
"IsShading","True"
"Disp3D","True"
"LayerSize","8"
"DispLayerBit","01","00","00","00","00","00","00","00"
"ElementEnd"
"Element"
"Name","底板"
"PrimitiveId","Extrusion","PrimitiveFace","FRONT","LineColor","Blue","LineThickness","1","LineType","0","FaceColors","1","AntiqueWhite"
"ExtrusionData","Vector","0","0","-350","SrcFace","XY","Close","True","Cp","0","-655","0","U","1","0","0","V","0","1","0","Size","4","20","655","20","675","220","675","220","655"
"IsShading","True"
"Disp3D","True"
"LayerSize","8"
"DispLayerBit","20","00","00","00","00","00","00","00"
"ElementEnd"
"Element"
"Name","右側板"
"PrimitiveId","Extrusion","PrimitiveFace","FRONT","LineColor","Blue","LineThickness","1","LineType","0","FaceColors","1","AntiqueWhite"
"ExtrusionData","Vector","0","0","-350","SrcFace","XY","Close","True","Cp","220","0","0","U","1","0","0","V","0","1","0","Size","4","0","0","0","675","20","675","20","0"
"IsShading","True"
"Disp3D","True"
"LayerSize","8"
"DispLayerBit","04","00","00","00","00","00","00","00"
"ElementEnd"
"Element"
"Name","要素名-押出"
"PrimitiveId","Extrusion","PrimitiveFace","RIGHT","LineColor","Blue","LineThickness","1","LineType","0","FaceColors","1","AliceBlue"
"ExtrusionData","Vector","200","0","0","SrcFace","XY","Close","True","Cp","21","-100","0","U","0","0","-1","V","0","1","0","Size","4","105","415","105","400","0","400","0","415"
"IsShading","True"
"Disp3D","True"
"LayerSize","8"
"DispLayerBit","40","00","00","00","00","00","00","00"
"ElementEnd"
"Element"
"Name","要素名-押出"
"PrimitiveId","Extrusion","PrimitiveFace","RIGHT","LineColor","Blue","LineThickness","1","LineType","0","FaceColors","1","AliceBlue"
"ExtrusionData","Vector","200","0","0","SrcFace","XY","Close","True","Cp","21","0","0","U","0","0","-1","V","0","1","0","Size","4","120","615","120","215","105","215","105","615"
"IsShading","True"
"Disp3D","True"
"LayerSize","8"
"DispLayerBit","40","00","00","00","00","00","00","00"
"ElementEnd"
"Element"
"Name","要素名-押出"
"PrimitiveId","Extrusion","PrimitiveFace","RIGHT","LineColor","Blue","LineThickness","1","LineType","0","FaceColors","1","AliceBlue"
"ExtrusionData","Vector","200","0","0","SrcFace","XY","Close","True","Cp","21","0","0","U","0","0","-1","V","0","1","0","Size","4","170","655","170","275","155","275","155","655"
"IsShading","True"
"Disp3D","True"
"LayerSize","8"
"DispLayerBit","40","00","00","00","00","00","00","00"
"ElementEnd"
"Element"
"Name","要素名-押出"
"PrimitiveId","Extrusion","PrimitiveFace","RIGHT","LineColor","Blue","LineThickness","1","LineType","0","FaceColors","1","AliceBlue"
"ExtrusionData","Vector","200","0","0","SrcFace","XY","Close","True","Cp","21","0","0","U","0","0","-1","V","0","1","0","Size","4","240","585","240","215","225","215","225","585"
"IsShading","True"
"Disp3D","True"
"LayerSize","8"
"DispLayerBit","40","00","00","00","00","00","00","00"
"ElementEnd"
"Element"
"Name","要素名-押出"
"PrimitiveId","Extrusion","PrimitiveFace","RIGHT","LineColor","Blue","LineThickness","1","LineType","0","FaceColors","1","AliceBlue"
"ExtrusionData","Vector","200","0","0","SrcFace","XY","Close","True","Cp","21","200","-105","U","0","0","-1","V","0","1","0","Size","4","-0","15","135","15","135","-0","-0","0"
"IsShading","True"
"Disp3D","True"
"LayerSize","8"
"DispLayerBit","40","00","00","00","00","00","00","00"
"ElementEnd"
"Element"
"Name","要素名-押出"
"PrimitiveId","Extrusion","PrimitiveFace","RIGHT","LineColor","Blue","LineThickness","1","LineType","0","FaceColors","1","AliceBlue"
"ExtrusionData","Vector","200","0","0","SrcFace","XY","Close","True","Cp","21","200","-105","U","0","0.6896551724137931","0.7241379310344828","V","0","0.7241379310344822","-0.6896551724137936","Size","4","0","0","145","-1.4210854715202004E-14","129.25000000000003","14.999999999999972","14.285714285714262","14.999999999999964"
"IsShading","True"
"Disp3D","True"
"LayerSize","8"
"DispLayerBit","40","00","00","00","00","00","00","00"
"ElementEnd"
"Element"
"Name","要素名-押出"
"PrimitiveId","Extrusion","PrimitiveFace","RIGHT","LineColor","Blue","LineThickness","1","LineType","0","FaceColors","1","AntiqueWhite"
"ExtrusionData","Vector","200","0","0","SrcFace","XY","Close","True","Cp","20","109.99999999999997","-330","U","0","-0.7071067811865472","0.7071067811865477","V","0","-0.7071067811865485","-0.7071067811865466","Size","4","14.999999999999982","15.000000000000005","112.27922061357853","15.000000000000016","127.27922061357853","-0","-0","-0"
"IsShading","True"
"Disp3D","True"
"LayerSize","8"
"DispLayerBit","40","00","00","00","00","00","00","00"
"ElementEnd"
