﻿"DataManage"
"PrimitiveBrush","Sienna"
"Face","NON"
"Area","0","0","-110","140","200","10"
"DataManageEnd"
"DataDraw"
"WorldSize","30"
"GridSize","10"
"World","-40.11875409952802","200","180.11875409952802","0"
"DataDrawEnd"
"Element"
"Name","押出"
"PrimitiveId","Extrusion","PrimitiveFace","XY","LineColor","Sienna","LineThickness","1","LineType","0","FaceColors","1","Sienna"
"ExtrusionData","Vector","0","0","10","SrcFace","XY","Close","True","Cp","0","0","0","U","1","0","0","V","0","1","0","Size","21","70","-0","140","-0","140","200","70","200","70","170.00000000000006","74.18113853070614","169.7808758147309","82.36067977499789","168.04226065180612","90","164.64101615137756","96.76522425435434","159.72579301909573","102.36067977499789","153.51141009169893","106.54181830570403","146.269465723032","109.12590402935223","138.31646763271038","110","130","109.78087581473092","125.81886146929394","108.04226065180619","117.63932022500217","104.64101615137757","110.00000000000004","99.7257930190958","103.2347757456457","93.51141009169893","97.63932022500212","86.26946572303203","93.45818169429597","78.31646763271038","90.87409597064777","69.99999999999999","90"
"IsShading","True"
"Disp3D","True"
"ElementEnd"
"Element"
"Name","押出"
"PrimitiveId","Extrusion","PrimitiveFace","XY","LineColor","Sienna","LineThickness","1","LineType","0","FaceColors","1","Sienna"
"ExtrusionData","Vector","0","0","10","SrcFace","XY","Close","True","Cp","0","0","0","U","1","0","0","V","0","1","0","Size","20","70","90.00000000000001","61.68353236728956","90.87409597064776","53.73053427696789","93.45818169429594","46.48858990830104","97.63932022500211","40.27420698090424","103.23477574564569","35.35898384862247","110.00000000000003","31.957739348193854","117.63932022500214","30.21912418526898","125.81886146929388","30.219124185269038","134.18113853070616","31.957739348193826","142.36067977499792","35.35898384862243","150","40.274206980904246","156.76522425435434","46.48858990830107","162.3606797749979","53.73053427696799","166.54181830570403","61.68353236728963","169.12590402935223","70","170","70","200","-0","200","-0","-0","70","-0"
"IsShading","True"
"Disp3D","True"
"ElementEnd"
"Element"
"Name","押出"
"PrimitiveId","Extrusion","PrimitiveFace","ZX","LineColor","Sienna","LineThickness","1","LineType","0","FaceColors","1","Sienna"
"ExtrusionData","Vector","0","200","0","SrcFace","ZX","Close","True","Cp","0","0","0","U","0","0","1","V","1","0","0","Size","4","-110","0","-110","140","-100","140","-100","0"
"IsShading","True"
"Disp3D","True"
"ElementEnd"
"Element"
"Name","押出"
"PrimitiveId","Extrusion","PrimitiveFace","YZ","LineColor","Sienna","LineThickness","1","LineType","0","FaceColors","1","Sienna"
"ExtrusionData","Vector","130","0","0","SrcFace","YZ","Close","True","Cp","0","0","0","U","0","1","0","V","0","0","1","Size","4","10","0","10","-100","-0","-100","-0","0"
"IsShading","True"
"Disp3D","True"
"ElementEnd"
"Element"
"Name","押出"
"PrimitiveId","Extrusion","PrimitiveFace","YZ","LineColor","Sienna","LineThickness","1","LineType","0","FaceColors","1","Sienna"
"ExtrusionData","Vector","130","0","0","SrcFace","XY","Close","True","Cp","0","190","0","U","0","1","0","V","0","0","1","Size","4","10","0","10","-100","-0","-100","-0","0"
"IsShading","True"
"Disp3D","True"
"ElementEnd"
"Element"
"Name","押出"
"PrimitiveId","Extrusion","PrimitiveFace","ZX","LineColor","SteelBlue","LineThickness","1","LineType","0","FaceColors","1","SteelBlue"
"ExtrusionData","Vector","0","200","0","SrcFace","XY","Close","True","Cp","0","0","0","U","0","0","1","V","1","0","0","Size","4","-100","0","-100","10","-0","10","-0","0"
"IsShading","True"
"Disp3D","True"
"ElementEnd"
"Element"
"Name","押出"
"PrimitiveId","Extrusion","PrimitiveFace","ZX","LineColor","SteelBlue","LineThickness","1","LineType","0","FaceColors","1","SteelBlue"
"ExtrusionData","Vector","0","200","0","SrcFace","XY","Close","True","Cp","130","0","0","U","0","0","1","V","1","0","0","Size","4","-100","0","-100","10","-0","10","-0","0"
"IsShading","True"
"Disp3D","True"
"ElementEnd"
