﻿"DataManage"
"AppName","Mini3DCad"
"PrimitiveBrush","Green"
"Face","FRONT"
"ArcDivideAngle","0.2617993877991494"
"RevolutionDivideAngle","0.17453292519943295"
"SweepDivideAngle","0.3490658503988659"
"SurfaceVertex","False"
"ZumenComment",""
"Area","0","5","0","50","30","40"
"Layer"
"LayerSize","64"
"DispLayerBit","00","00","00","00","00","00","00","00"
"LayerAll","True"
"LayerList"
"LayerEnd"
"DataManageEnd"
"DataDraw"
"WorldSize","30"
"GridSize","1"
"World","3.552713678800501E-15","40.14065401490035","50","-5.140654014900356"
"DataDrawEnd"
"Element"
"Name","押出"
"PrimitiveId","Extrusion","PrimitiveFace","XY","LineColor","Green","LineThickness","1","LineType","0","Reverse","False","DivideAngle","0.20943951023931953","FaceColors","1","Green"
"ExtrusionData","Vector","0","0","10","SrcFace","XY","Close","True","Cp","0","0","0","U","1","0","0","V","0","1","0","Size","17","Multi","False","25","19.99999999999999","24.829629131445337","18.705904774487387","24.33012701892219","17.499999999999993","23.535533905932734","16.46446609406726","22.499999999999996","15.669872981077805","21.294095225512603","15.170370868554658","20","15","18.705904774487397","15.17037086855466","17.5","15.669872981077805","16.464466094067262","16.464466094067262","15.669872981077807","17.5","15.17037086855466","18.705904774487397","15","20","-0","20","-0","10","50","10","50","20"
"IsShading","True"
"Disp3D","True"
"LayerSize","8"
"DispLayerBit","00","00","00","00","00","00","00","00"
"ElementEnd"
"Element"
"Name","押出"
"PrimitiveId","Extrusion","PrimitiveFace","XY","LineColor","Green","LineThickness","1","LineType","0","Reverse","False","DivideAngle","0.20943951023931953","FaceColors","1","Green"
"ExtrusionData","Vector","0","0","10","SrcFace","XY","Close","True","Cp","0","0","0","U","1","0","0","V","0","1","0","Size","22","Multi","False","50","20","49.65925826289068","22.588190451025206","48.66025403784439","25","47.071067811865476","27.071067811865476","45","28.66025403784439","42.58819045102521","29.65925826289068","40","30","-0","30","-0","20","14.999999999999998","20","15.17037086855466","21.294095225512603","15.669872981077804","22.5","16.464466094067262","23.535533905932738","17.5","24.330127018922195","18.705904774487397","24.829629131445344","20","25","21.294095225512606","24.82962913144534","22.5","24.33012701892219","23.535533905932738","23.535533905932738","24.330127018922195","22.5","24.82962913144534","21.294095225512603","25","20"
"IsShading","True"
"Disp3D","True"
"LayerSize","8"
"DispLayerBit","00","00","00","00","00","00","00","00"
"ElementEnd"
"Element"
"Name","押出"
"PrimitiveId","Extrusion","PrimitiveFace","XY","LineColor","Green","LineThickness","1","LineType","0","Reverse","False","DivideAngle","0.20943951023931953","FaceColors","1","LightSteelBlue"
"ExtrusionData","Vector","0","0","40","SrcFace","XY","Close","True","Cp","0","0","0","U","1","0","0","V","0","1","0","Size","4","Multi","False","50","10","50","5","-0","5","-0","10"
"IsShading","True"
"Disp3D","True"
"LayerSize","8"
"DispLayerBit","00","00","00","00","00","00","00","00"
"ElementEnd"
