﻿"DataManage"
"AppName","Mini3DCad"
"PrimitiveBrush","Brown"
"Face","FRONT"
"ArcDivideAngle","0.2617993877991494"
"RevolutionDivideAngle","0.17453292519943295"
"SweepDivideAngle","0.3490658503988659"
"SurfaceVertex","False"
"WireFrame","False"
"ZumenComment",""
"Memo","正四面体の内接円"
"Area","-16","0.42202012430728075","-1.5369969260092222","15","25","2.5421805416899312"
"Layer"
"LayerSize","64"
"DispLayerBit","00","00","00","00","00","00","00","00"
"LayerAll","True"
"LayerList"
"LayerEnd"
"Group"
"GroupList"
"GroupEnd"
"DataManageEnd"
"DataDraw"
"WorldSize","30"
"GridSize","1"
"World","-16","27.54903942492606","15","-2.1270193006187803"
"DataDrawEnd"
"Element"
"Name","ポリライン-掃引"
"PrimitiveId","Sweep","LineColor","Blue","LineThickness","1","LineType","0","Close","True","Reverse","False","DivideAngle","0.20943951023931953","FaceColors","1","Blue"
"SweepData","StartAngle","0","EndAngle","6.283185307179586","Close","True","OutLine1Cp","0","0","0","OutLine1U","1","0","0","OutLine1V","0","1","0","OutLine1Size","4","Multi1","False","OutLine1","4","24","4","22","5","21","5","19","OutLine2Cp","0","0","0","OutLine2U","1","0","0","OutLine2V","0","1","0","OutLine2Size","4","Multi2","False","OutLine2","5","24","5","22","6","21","6","19"
"IsShading","True"
"Disp3D","True"
"Group","0"
"LayerSize","8"
"DispLayerBit","00","00","00","00","00","00","00","00"
"ElementEnd"
"Element"
"Name","ポリライン-掃引"
"PrimitiveId","Sweep","LineColor","Brown","LineThickness","1","LineType","0","Close","True","Reverse","False","DivideAngle","0.20943951023931953","FaceColors","1","Brown"
"SweepData","StartAngle","0","EndAngle","6.283185307179586","Close","True","OutLine1Cp","0","0","0","OutLine1U","1","0","0","OutLine1V","0","1","0","OutLine1Size","4","Multi1","False","OutLine1","10","25","10","24","11","22","11","21","OutLine2Cp","0","0","0","OutLine2U","1","0","0","OutLine2V","0","1","0","OutLine2Size","4","Multi2","False","OutLine2","10.894427190999917","25","10.894427190999917","24.211145618000167","11.894427190999917","22.211145618000167","11.894427190999917","21"
"IsShading","True"
"Disp3D","True"
"Group","0"
"LayerSize","8"
"DispLayerBit","00","00","00","00","00","00","00","00"
"ElementEnd"
"Element"
"Name","掃引"
"PrimitiveId","Sweep","LineColor","Blue","LineThickness","1","LineType","0","Close","True","Reverse","False","DivideAngle","0.20943951023931953","FaceColors","1","Aqua"
"SweepData","StartAngle","0","EndAngle","3.141592653589793","Close","True","OutLine1Cp","0","-0.312197610382972","2.542180541689927","OutLine1U","1","0","0","OutLine1V","0","1","0","OutLine1Size","8","Multi1","False","OutLine1","2","15","6","15","7","16","7","19","8","20","12","20","14","21","14","25","OutLine2Cp","0","-0.312197610382972","2.542180541689927","OutLine2U","1","0","0","OutLine2V","0","1","0","OutLine2Size","8","Multi2","False","OutLine2","2","14","6.414213562373096","14","8","15.585786437626902","8","18.585786437626904","8.414213562373094","19","12.236067977499792","19","15","20.381966011250103","15","25"
"IsShading","True"
"Disp3D","True"
"Group","0"
"LayerSize","8"
"DispLayerBit","00","00","00","00","00","00","00","00"
"ElementEnd"
"Element"
"Name","掃引"
"PrimitiveId","Sweep","LineColor","Blue","LineThickness","1","LineType","0","Close","True","Reverse","False","DivideAngle","0.20943951023931953","FaceColors","1","Aqua"
"SweepData","StartAngle","0","EndAngle","3.141592653589793","Close","True","OutLine1Cp","0","25.42202012430728","2.542180541689933","OutLine1U","1","0","-0","OutLine1V","0","-1","-1.2246467991473532E-16","OutLine1Size","8","Multi1","False","OutLine1","2","14","6.414213562373096","14","8","15.585786437626902","8","18.585786437626904","8.414213562373094","19","12.236067977499792","19","15","20.381966011250103","15","25","OutLine2Cp","0","25.42202012430728","2.542180541689933","OutLine2U","1","0","-0","OutLine2V","0","-1","-1.2246467991473532E-16","OutLine2Size","8","Multi2","False","OutLine2","2","15","6","15","7","16","7","19","8","20","12","20","14","21","14","25"
"IsShading","True"
"Disp3D","True"
"Group","0"
"LayerSize","8"
"DispLayerBit","00","00","00","00","00","00","00","00"
"ElementEnd"
"Element"
"Name","ポリライン-掃引"
"PrimitiveId","Sweep","LineColor","Black","LineThickness","1","LineType","0","Close","True","Reverse","False","DivideAngle","0.5235987755982988","FaceColors","1","Transparent"
"SweepData","StartAngle","0","EndAngle","6.283185307179586","Close","True","OutLine1Cp","0","-10","0","OutLine1U","1","0","0","OutLine1V","0","1","0","OutLine1Size","4","Multi1","False","OutLine1","-16","20","-10","20","-6","22","-1","22","OutLine2Cp","0","-10","0","OutLine2U","1","0","0","OutLine2V","0","1","0","OutLine2Size","4","Multi2","False","OutLine2","-16","22","-11","22","-7","25","-1","25"
"IsShading","True"
"Disp3D","True"
"Group","0"
"LayerSize","8"
"DispLayerBit","00","00","00","00","00","00","00","00"
"ElementEnd"
