﻿"DataManage"
"AppName","Mini3DCad"
"PrimitiveBrush","Blue"
"Face","FRONT"
"ArcDivideAngle","0.2617993877991494"
"RevolutionDivideAngle","0.17453292519943295"
"SweepDivideAngle","0.3490658503988659"
"SurfaceVertex","True"
"ZumenComment",""
"Area","2","14","-0.497260947684139","15","25","0.4972609476841391"
"Layer"
"LayerSize","64"
"DispLayerBit","00","00","00","00","00","00","00","00"
"LayerAll","True"
"LayerList"
"LayerEnd"
"DataManageEnd"
"DataDraw"
"WorldSize","30"
"GridSize","1"
"World","2","25.84314361869077","15","13.156856381309229"
"DataDrawEnd"
"Element"
"Name","掃引"
"PrimitiveId","Sweep","PrimitiveFace","FRONT","LineColor","Blue","LineThickness","1","LineType","0","Reverse","False","DivideAngle","0.20943951023931953","FaceColors","1","Aqua"
"SweepData","StartAngle","0","EndAngle","6.283185307179586","Close","True","OutLine1Cp","0","0","0","OutLine1U","1","0","0","OutLine1V","0","1","0","OutLine1Size","8","OutLine1","2","15","6","15","7","16","7","19","8","20","12","20","14","21","14","25","OutLine2Cp","0","0","0","OutLine2U","1","0","0","OutLine2V","0","1","0","OutLine2Size","8","OutLine2","2","14","6.414213562373096","14","8","15.585786437626902","8","18.585786437626904","8.414213562373094","19","12.236067977499792","19","15","20.381966011250103","15","25"
"IsShading","True"
"Disp3D","True"
"LayerSize","8"
"DispLayerBit","00","00","00","00","00","00","00","00"
"ElementEnd"
