﻿"DataManage"
"PrimitiveBrush","SeaGreen"
"Face","FRONT"
"ArcDivideAngle","0.2617993877991494"
"RevolutionDivideAngle","0.17453292519943295"
"SweepDivideAngle","0.3490658503988659"
"Area","-6.499999999999999","0","-10","10","12.059452055558472","1.624215174546289"
"Layer"
"LayerSize","64"
"DispLayerBit","FF","FF","FF","FF","FF","FF","FF","FF"
"LayerAll","True"
"LayerList","0","BaseLayer","1","SecondLayer","2","TestLayer"
"LayerEnd"
"DataManageEnd"
"DataDraw"
"WorldSize","30"
"GridSize","1"
"World","-6.499999999999999","13.23963249374982","10","-1.180180438191349"
"DataDrawEnd"
"Element"
"Name","分割ポリライン"
"PrimitiveId","Polyline","PrimitiveFace","FRONT","LineColor","DodgerBlue","LineThickness","1","LineType","0","FaceColors","1","DodgerBlue"
"PolylineData","Cp","0","0","0","U","1","0","0","V","0","1","0","Size","5","10","-0","0","0","0","10","10","10","10","-0"
"IsShading","True"
"Disp3D","True"
"LayerSize","8"
"DispLayerBit","00","00","00","00","00","00","00","00"
"ElementEnd"
"Element"
"Name","分割ポリライン"
"PrimitiveId","Polyline","PrimitiveFace","TOP","LineColor","Green","LineThickness","1","LineType","0","FaceColors","1","Green"
"PolylineData","Cp","0","0","0","U","1","0","0","V","0","0","-1","Size","5","10","-0","0","0","0","10","10","10","10","-0"
"IsShading","True"
"Disp3D","True"
"LayerSize","8"
"DispLayerBit","00","00","00","00","00","00","00","00"
"ElementEnd"
"Element"
"Name","分割ポリライン"
"PrimitiveId","Polyline","PrimitiveFace","RIGHT","LineColor","Red","LineThickness","1","LineType","0","FaceColors","1","Red"
"PolylineData","Cp","0","0","0","U","0","0","-1","V","0","1","0","Size","5","10","10","10","0","0","0","0","10","10","10"
"IsShading","True"
"Disp3D","True"
"LayerSize","8"
"DispLayerBit","00","00","00","00","00","00","00","00"
"ElementEnd"
"Element"
"Name","分割ポリライン"
"PrimitiveId","Polyline","PrimitiveFace","FRONT","LineColor","DodgerBlue","LineThickness","1","LineType","0","FaceColors","1","DodgerBlue"
"PolylineData","Cp","0","0","-10","U","1","0","0","V","0","1","0","Size","5","10","-0","0","0","0","10","10","10","10","-0"
"IsShading","True"
"Disp3D","True"
"LayerSize","8"
"DispLayerBit","00","00","00","00","00","00","00","00"
"ElementEnd"
"Element"
"Name","分割ポリライン"
"PrimitiveId","Polyline","PrimitiveFace","RIGHT","LineColor","Red","LineThickness","1","LineType","0","FaceColors","1","Red"
"PolylineData","Cp","10","0","0","U","0","0","-1","V","0","1","0","Size","5","10","10","10","0","0","0","0","10","10","10"
"IsShading","True"
"Disp3D","True"
"LayerSize","8"
"DispLayerBit","00","00","00","00","00","00","00","00"
"ElementEnd"
"Element"
"Name","四角形"
"PrimitiveId","Polygon","PrimitiveFace","FRONT","LineColor","Silver","LineThickness","1","LineType","0","FaceColors","1","Silver"
"PolygonData","Cp","0","0","0","U","1","0","0","V","0","0.7071067811865474","-0.7071067811865477","Size","4","0","0","0","10","10","10","10","0"
"IsShading","True"
"Disp3D","True"
"LayerSize","8"
"DispLayerBit","00","00","00","00","00","00","00","00"
"ElementEnd"
"Element"
"Name","線分"
"PrimitiveId","Line","PrimitiveFace","RIGHT","LineColor","Red","LineThickness","1","LineType","0","FaceColors","1","Red"
"LineData","Sp","5","5","-2","V","0","-1.5","-1.5"
"IsShading","True"
"Disp3D","True"
"LayerSize","8"
"DispLayerBit","00","00","00","00","00","00","00","00"
"ElementEnd"
"Element"
"Name","線分"
"PrimitiveId","Line","PrimitiveFace","RIGHT","LineColor","Red","LineThickness","1","LineType","0","FaceColors","1","Red"
"LineData","Sp","5","5","-3","V","0","-5","-3"
"IsShading","True"
"Disp3D","True"
"LayerSize","8"
"DispLayerBit","00","00","00","00","00","00","00","00"
"ElementEnd"
"Element"
"Name","線分"
"PrimitiveId","Line","PrimitiveFace","RIGHT","LineColor","SeaGreen","LineThickness","1","LineType","0","FaceColors","1","SeaGreen"
"LineData","Sp","3","6","-3","V","2","-6","-3"
"IsShading","True"
"Disp3D","True"
"LayerSize","8"
"DispLayerBit","00","00","00","00","00","00","00","00"
"ElementEnd"
"Element"
"Name","円"
"PrimitiveId","Arc","PrimitiveFace","FRONT","LineColor","Sienna","LineThickness","1","LineType","0","FaceColors","1","SeaGreen"
"ArcData","Cp","-5","9.309692375196198","0.46642162492006767","R","3","U","1","0","0","V","0","0.9216353751380653","0.3880570000581329","Sa","0","Ea","2.0943951023931953"
"IsShading","True"
"Disp3D","True"
"LayerSize","8"
"DispLayerBit","00","00","00","00","00","00","00","00"
"ElementEnd"
