﻿"DataManage"
"AppName","Mini3DCad"
"PrimitiveBrush","DarkViolet"
"Face","FRONT"
"ArcDivideAngle","0.2617993877991494"
"RevolutionDivideAngle","0.17453292519943295"
"SweepDivideAngle","0.3490658503988659"
"SurfaceVertex","False"
"WireFrame","False"
"ZumenComment","正四面体を展開図から作成"
"Memo","三面図\\nサンプル"
"Area","0","0","-10","15.000000000000007","17.320508075688775","8.660254037844387"
"Layer"
"LayerSize","64"
"DispLayerBit","29","00","00","00","00","00","00","00"
"LayerAll","False"
"LayerList","0","補助線","1","正3角形","2","正３角形a","3","正３角形b","4","正３角形c","5","正３角形d"
"LayerEnd"
"Group"
"GroupList","2","正四面体"
"GroupEnd"
"DataManageEnd"
"DataDraw"
"WorldSize","30"
"GridSize","1"
"BaseBackColor","Cornsilk"
"World","-1.9219469452245121","17.320508075688775","16.92194694522452","0"
"DataDrawEnd"
"Element"
"Name","補助線"
"PrimitiveId","Arc","LineColor","DarkViolet","LineThickness","1","LineType","1","Close","True","Reverse","False","DivideAngle","0.2617993877991494","FaceColors","1","DarkViolet"
"ArcData","Cp","0","8.660254037844387","0","R","8.660254037844387","U","0","0","-1","V","0","1","0","Sa","0","Ea","6.283185307179586"
"IsShading","True"
"Disp3D","True"
"Group","1"
"LayerSize","8"
"DispLayerBit","01","00","00","00","00","00","00","00"
"ElementEnd"
"Element"
"Name","中心線"
"PrimitiveId","Line","LineColor","Black","LineThickness","1","LineType","2","Close","True","Reverse","False","DivideAngle","0.20943951023931953","FaceColors","1","Black"
"LineData","Sp","10.000000000000004","11.547005383792513","2","V","0","0","-12"
"IsShading","True"
"Disp3D","True"
"Group","1"
"LayerSize","8"
"DispLayerBit","01","00","00","00","00","00","00","00"
"ElementEnd"
"Element"
"Name","補助線"
"PrimitiveId","Line","LineColor","Black","LineThickness","1","LineType","0","Close","True","Reverse","False","DivideAngle","0.20943951023931953","FaceColors","1","Black"
"LineData","Sp","10.000000000000004","8.660254037844384","0","V","-5.329070518200751E-15","8.660254037844387","0"
"IsShading","True"
"Disp3D","True"
"Group","0"
"LayerSize","8"
"DispLayerBit","01","00","00","00","00","00","00","00"
"ElementEnd"
"Element"
"Name","補助線"
"PrimitiveId","Line","LineColor","Black","LineThickness","1","LineType","0","Close","True","Reverse","False","DivideAngle","0.20943951023931953","FaceColors","1","Black"
"LineData","Sp","12.5","12.99038105676658","0","V","-7.5","-4.330127018922202","0"
"IsShading","True"
"Disp3D","True"
"Group","0"
"LayerSize","8"
"DispLayerBit","01","00","00","00","00","00","00","00"
"ElementEnd"
"Element"
"Name","補助線"
"PrimitiveId","Line","LineColor","Black","LineThickness","1","LineType","0","Close","True","Reverse","False","DivideAngle","0.20943951023931953","FaceColors","1","Black"
"LineData","Sp","7.5","12.990381056766577","0","V","7.5000000000000036","-4.330127018922184","0"
"IsShading","True"
"Disp3D","True"
"Group","0"
"LayerSize","8"
"DispLayerBit","01","00","00","00","00","00","00","00"
"ElementEnd"
"Element"
"Name","正3角形"
"PrimitiveId","Polygon","LineColor","Yellow","LineThickness","1","LineType","0","Close","True","Reverse","False","DivideAngle","0.20943951023931953","FaceColors","1","Yellow"
"PolygonData","Cp","5.000000000000001","14.433756729740642","8.164965809277263","U","0.4999999999999997","0.2886751345948127","-0.8164965809277261","V","-0.2886751345948127","-0.8333333333333335","-0.4714045207910313","Size","3","Multi","False","10","0","4.999999999999999","8.660254037844387","15","8.660254037844386"
"IsShading","True"
"Disp3D","True"
"Group","2"
"LayerSize","8"
"DispLayerBit","22","00","00","00","00","00","00","00"
"ElementEnd"
"Element"
"Name","正3角形"
"PrimitiveId","Polygon","LineColor","Blue","LineThickness","1","LineType","0","Close","True","Reverse","False","DivideAngle","0.20943951023931953","FaceColors","1","Blue"
"PolygonData","Cp","15.000000000000007","8.660254037844387","0","U","-0.5000000000000007","0.8660254037844382","0","V","0.28867513459481253","0.1666666666666668","0.9428090415820635","Size","3","Multi","False","5","-8.660254037844387","-8.881784197001252E-16","0","10","-1.7763568394002505E-15"
"IsShading","True"
"Disp3D","True"
"Group","2"
"LayerSize","8"
"DispLayerBit","12","00","00","00","00","00","00","00"
"ElementEnd"
"Element"
"Name","正3角形"
"PrimitiveId","Polygon","LineColor","Brown","LineThickness","1","LineType","0","Close","True","Reverse","False","DivideAngle","0.20943951023931953","FaceColors","1","Brown"
"PolygonData","Cp","15.000000000000007","8.660254037844387","0","U","-0.5000000000000007","0.8660254037844382","0","V","-0.8660254037844382","-0.5000000000000007","0","Size","3","Multi","False","4.999999999999999","8.660254037844387","10","0","0","0"
"IsShading","True"
"Disp3D","True"
"Group","2"
"LayerSize","8"
"DispLayerBit","06","00","00","00","00","00","00","00"
"ElementEnd"
"Element"
"Name","正3角形"
"PrimitiveId","Polygon","LineColor","Red","LineThickness","1","LineType","0","Close","True","Reverse","False","DivideAngle","0.20943951023931953","FaceColors","1","Red"
"PolygonData","Cp","15.000000000000007","8.660254037844375","8.373826446313466E-15","U","-0.5000000000000007","-0.2886751345948129","0.8164965809277255","V","-0.8660254037844382","0.16666666666666702","-0.47140452079103223","Size","3","Multi","False","-5.000000000000002","8.660254037844386","4.999999999999999","8.660254037844387","0","0"
"IsShading","True"
"Disp3D","True"
"Group","2"
"LayerSize","8"
"DispLayerBit","0A","00","00","00","00","00","00","00"
"ElementEnd"
