﻿"DataManage"
"AppName","Mini3DCad"
"PrimitiveBrush","SeaGreen"
"Face","FRONT"
"ArcDivideAngle","0.20943951023931953"
"RevolutionDivideAngle","0.17453292519943295"
"SweepDivideAngle","0.3490658503988659"
"SurfaceVertex","False"
"ZumenComment",""
"Area","-8","0","-16","19","20","3"
"Layer"
"LayerSize","64"
"DispLayerBit","F9","FF","FF","FF","FF","FF","FF","FF"
"LayerAll","False"
"LayerList","0","BaseLayer","1","SecondLayer","2","TestLayer"
"LayerEnd"
"DataManageEnd"
"DataDraw"
"WorldSize","30"
"GridSize","1"
"World","-8","22.910333924921474","19","-2.910333924921474"
"DataDrawEnd"
"Element"
"Name","分割ポリライン"
"PrimitiveId","Polyline","PrimitiveFace","FRONT","LineColor","DodgerBlue","LineThickness","1","LineType","0","Reverse","False","DivideAngle","0.20943951023931953","FaceColors","1","DodgerBlue"
"PolylineData","Cp","0","0","0","U","1","0","0","V","0","1","0","Size","5","Multi","False","10","-0","0","0","0","10","10","10","10","-0"
"IsShading","True"
"Disp3D","True"
"LayerSize","8"
"DispLayerBit","00","00","00","00","00","00","00","00"
"ElementEnd"
"Element"
"Name","分割ポリライン"
"PrimitiveId","Polyline","PrimitiveFace","TOP","LineColor","Green","LineThickness","1","LineType","0","Reverse","False","DivideAngle","0.20943951023931953","FaceColors","1","Green"
"PolylineData","Cp","0","0","0","U","1","0","0","V","0","0","-1","Size","5","Multi","False","10","-0","0","0","0","10","10","10","10","-0"
"IsShading","True"
"Disp3D","True"
"LayerSize","8"
"DispLayerBit","00","00","00","00","00","00","00","00"
"ElementEnd"
"Element"
"Name","分割ポリライン"
"PrimitiveId","Polyline","PrimitiveFace","RIGHT","LineColor","Red","LineThickness","1","LineType","0","Reverse","False","DivideAngle","0.20943951023931953","FaceColors","1","Red"
"PolylineData","Cp","0","0","0","U","0","0","-1","V","0","1","0","Size","5","Multi","False","10","10","10","0","0","0","0","10","10","10"
"IsShading","True"
"Disp3D","True"
"LayerSize","8"
"DispLayerBit","00","00","00","00","00","00","00","00"
"ElementEnd"
"Element"
"Name","分割ポリライン"
"PrimitiveId","Polyline","PrimitiveFace","FRONT","LineColor","DodgerBlue","LineThickness","1","LineType","0","Reverse","False","DivideAngle","0.20943951023931953","FaceColors","1","DodgerBlue"
"PolylineData","Cp","0","0","-10","U","1","0","0","V","0","1","0","Size","5","Multi","False","10","-0","0","0","0","10","10","10","10","-0"
"IsShading","True"
"Disp3D","True"
"LayerSize","8"
"DispLayerBit","00","00","00","00","00","00","00","00"
"ElementEnd"
"Element"
"Name","分割ポリライン"
"PrimitiveId","Polyline","PrimitiveFace","RIGHT","LineColor","Red","LineThickness","1","LineType","0","Reverse","False","DivideAngle","0.20943951023931953","FaceColors","1","Red"
"PolylineData","Cp","10","0","0","U","0","0","-1","V","0","1","0","Size","5","Multi","False","10","10","10","0","0","0","0","10","10","10"
"IsShading","True"
"Disp3D","True"
"LayerSize","8"
"DispLayerBit","00","00","00","00","00","00","00","00"
"ElementEnd"
"Element"
"Name","四角形"
"PrimitiveId","Polygon","PrimitiveFace","FRONT","LineColor","Silver","LineThickness","1","LineType","0","Reverse","False","DivideAngle","0.20943951023931953","FaceColors","1","Silver"
"PolygonData","Cp","0","0","0","U","1","0","0","V","0","0.7071067811865474","-0.7071067811865477","Size","4","Multi","False","0","0","0","10","10","10","10","0"
"IsShading","True"
"Disp3D","True"
"LayerSize","8"
"DispLayerBit","00","00","00","00","00","00","00","00"
"ElementEnd"
"Element"
"Name","線分"
"PrimitiveId","Line","PrimitiveFace","RIGHT","LineColor","Red","LineThickness","1","LineType","0","Reverse","False","DivideAngle","0.20943951023931953","FaceColors","1","Red"
"LineData","Sp","5","5","-2","V","0","-1.5","-1.5"
"IsShading","True"
"Disp3D","True"
"LayerSize","8"
"DispLayerBit","00","00","00","00","00","00","00","00"
"ElementEnd"
"Element"
"Name","線分"
"PrimitiveId","Line","PrimitiveFace","RIGHT","LineColor","Red","LineThickness","1","LineType","0","Reverse","False","DivideAngle","0.20943951023931953","FaceColors","1","Red"
"LineData","Sp","5","5","-3","V","0","-5","-3"
"IsShading","True"
"Disp3D","True"
"LayerSize","8"
"DispLayerBit","00","00","00","00","00","00","00","00"
"ElementEnd"
"Element"
"Name","線分"
"PrimitiveId","Line","PrimitiveFace","RIGHT","LineColor","SeaGreen","LineThickness","1","LineType","0","Reverse","False","DivideAngle","0.20943951023931953","FaceColors","1","SeaGreen"
"LineData","Sp","3","6","-3","V","2","-6","-3"
"IsShading","True"
"Disp3D","True"
"LayerSize","8"
"DispLayerBit","00","00","00","00","00","00","00","00"
"ElementEnd"
"Element"
"Name","円"
"PrimitiveId","Arc","PrimitiveFace","FRONT","LineColor","Sienna","LineThickness","1","LineType","0","Reverse","False","DivideAngle","0.20943951023931953","FaceColors","1","SeaGreen"
"ArcData","Cp","-5","9.309692375196198","0.46642162492006767","R","3","U","1","0","0","V","0","0.9216353751380653","0.3880570000581329","Sa","0","Ea","2.0943951023931953"
"IsShading","True"
"Disp3D","True"
"LayerSize","8"
"DispLayerBit","01","00","00","00","00","00","00","00"
"ElementEnd"
"Element"
"Name","要素名"
"PrimitiveId","Line","PrimitiveFace","FRONT","LineColor","Black","LineThickness","1","LineType","0","Reverse","False","DivideAngle","0.20943951023931953","FaceColors","1","Black"
"LineData","Sp","3.43413","14.3465","-1","V","1.5658699999999999","0","0"
"IsShading","True"
"Disp3D","True"
"LayerSize","8"
"DispLayerBit","00","00","00","00","00","00","00","00"
"ElementEnd"
"Element"
"Name","要素名"
"PrimitiveId","Line","PrimitiveFace","FRONT","LineColor","Black","LineThickness","1","LineType","0","Reverse","False","DivideAngle","0.20943951023931953","FaceColors","1","Black"
"LineData","Sp","3.425681","13.6535","-1","V","1.574319","0","0"
"IsShading","True"
"Disp3D","True"
"LayerSize","8"
"DispLayerBit","00","00","00","00","00","00","00","00"
"ElementEnd"
"Element"
"Name","要素名"
"PrimitiveId","Line","PrimitiveFace","FRONT","LineColor","Black","LineThickness","1","LineType","0","Reverse","False","DivideAngle","0.20943951023931953","FaceColors","1","Black"
"LineData","Sp","3","15","-1","V","0","-2","0"
"IsShading","True"
"Disp3D","True"
"LayerSize","8"
"DispLayerBit","00","00","00","00","00","00","00","00"
"ElementEnd"
"Element"
"Name","要素名"
"PrimitiveId","Line","PrimitiveFace","FRONT","LineColor","Black","LineThickness","1","LineType","0","Reverse","False","DivideAngle","0.20943951023931953","FaceColors","1","Black"
"LineData","Sp","2.3","14.938758","-1","V","0.7000000000000002","0.06124200000000002","0"
"IsShading","True"
"Disp3D","True"
"LayerSize","8"
"DispLayerBit","00","00","00","00","00","00","00","00"
"ElementEnd"
"Element"
"Name","要素名"
"PrimitiveId","Line","PrimitiveFace","FRONT","LineColor","Black","LineThickness","1","LineType","0","Reverse","False","DivideAngle","0.20943951023931953","FaceColors","1","Black"
"LineData","Sp","2.3","13.061242","-1","V","0.7000000000000002","-0.06124200000000002","0"
"IsShading","True"
"Disp3D","True"
"LayerSize","8"
"DispLayerBit","00","00","00","00","00","00","00","00"
"ElementEnd"
"Element"
"Name","要素名"
"PrimitiveId","Line","PrimitiveFace","FRONT","LineColor","Black","LineThickness","1","LineType","0","Reverse","False","DivideAngle","0.20943951023931953","FaceColors","1","Black"
"LineData","Sp","2.6","14.125","-1","V","0","-0.25","0"
"IsShading","True"
"Disp3D","True"
"LayerSize","8"
"DispLayerBit","00","00","00","00","00","00","00","00"
"ElementEnd"
"Element"
"Name","要素名"
"PrimitiveId","Line","PrimitiveFace","FRONT","LineColor","Black","LineThickness","1","LineType","0","Reverse","False","DivideAngle","0.20943951023931953","FaceColors","1","Black"
"LineData","Sp","2.3","13.875","-1","V","0.2999999999999998","0","0"
"IsShading","True"
"Disp3D","True"
"LayerSize","8"
"DispLayerBit","00","00","00","00","00","00","00","00"
"ElementEnd"
"Element"
"Name","要素名"
"PrimitiveId","Line","PrimitiveFace","FRONT","LineColor","Black","LineThickness","1","LineType","0","Reverse","False","DivideAngle","0.20943951023931953","FaceColors","1","Black"
"LineData","Sp","2.3","14.125","-1","V","0.2999999999999998","0","0"
"IsShading","True"
"Disp3D","True"
"LayerSize","8"
"DispLayerBit","00","00","00","00","00","00","00","00"
"ElementEnd"
"Element"
"Name","要素名"
"PrimitiveId","Line","PrimitiveFace","FRONT","LineColor","Black","LineThickness","1","LineType","0","Reverse","False","DivideAngle","0.20943951023931953","FaceColors","1","Black"
"LineData","Sp","2.3","14.938758","-1","V","0","-0.813758","0"
"IsShading","True"
"Disp3D","True"
"LayerSize","8"
"DispLayerBit","00","00","00","00","00","00","00","00"
"ElementEnd"
"Element"
"Name","要素名"
"PrimitiveId","Line","PrimitiveFace","FRONT","LineColor","Black","LineThickness","1","LineType","0","Reverse","False","DivideAngle","0.20943951023931953","FaceColors","1","Black"
"LineData","Sp","2.3","13.875","-1","V","0","-0.813758","0"
"IsShading","True"
"Disp3D","True"
"LayerSize","8"
"DispLayerBit","00","00","00","00","00","00","00","00"
"ElementEnd"
"Element"
"Name","要素名"
"PrimitiveId","Arc","PrimitiveFace","FRONT","LineColor","Black","LineThickness","1","LineType","0","Reverse","False","DivideAngle","0.20943951023931953","FaceColors","1","Black"
"ArcData","Cp","3.12","14.42","-1","R","0.12","U","1","0","0","V","0","1","0","Sa","3.141592653589793","Ea","4.71238898038469"
"IsShading","True"
"Disp3D","True"
"LayerSize","8"
"DispLayerBit","00","00","00","00","00","00","00","00"
"ElementEnd"
"Element"
"Name","要素名"
"PrimitiveId","Line","PrimitiveFace","FRONT","LineColor","Black","LineThickness","1","LineType","0","Reverse","False","DivideAngle","0.20943951023931953","FaceColors","1","Black"
"LineData","Sp","3.12","14.3","-1","V","0.20143600000000017","0","0"
"IsShading","True"
"Disp3D","True"
"LayerSize","8"
"DispLayerBit","00","00","00","00","00","00","00","00"
"ElementEnd"
"Element"
"Name","要素名"
"PrimitiveId","Arc","PrimitiveFace","FRONT","LineColor","Black","LineThickness","1","LineType","0","Reverse","False","DivideAngle","0.20943951023931953","FaceColors","1","Black"
"ArcData","Cp","3.321436","14.42","-1","R","0.12","U","1","0","0","V","0","1","0","Sa","4.71238898038469","Ea","5.323254218582705"
"IsShading","True"
"Disp3D","True"
"LayerSize","8"
"DispLayerBit","00","00","00","00","00","00","00","00"
"ElementEnd"
"Element"
"Name","要素名"
"PrimitiveId","Line","PrimitiveFace","FRONT","LineColor","Black","LineThickness","1","LineType","0","Reverse","False","DivideAngle","0.20943951023931953","FaceColors","1","Black"
"LineData","Sp","3.390265","14.321702","-1","V","0.2546360000000001","0.17829799999999985","0"
"IsShading","True"
"Disp3D","True"
"LayerSize","8"
"DispLayerBit","00","00","00","00","00","00","00","00"
"ElementEnd"
"Element"
"Name","要素名"
"PrimitiveId","Line","PrimitiveFace","FRONT","LineColor","Black","LineThickness","1","LineType","0","Reverse","False","DivideAngle","0.20943951023931953","FaceColors","1","Black"
"LineData","Sp","3.644901","14.5","-1","V","0","-1","0"
"IsShading","True"
"Disp3D","True"
"LayerSize","8"
"DispLayerBit","00","00","00","00","00","00","00","00"
"ElementEnd"
"Element"
"Name","要素名"
"PrimitiveId","Arc","PrimitiveFace","FRONT","LineColor","Black","LineThickness","1","LineType","0","Reverse","False","DivideAngle","0.20943951023931953","FaceColors","1","Black"
"ArcData","Cp","3.12","13.58","-1","R","0.12","U","1","0","0","V","0","1","0","Sa","1.5707963267948966","Ea","3.141592653589793"
"IsShading","True"
"Disp3D","True"
"LayerSize","8"
"DispLayerBit","00","00","00","00","00","00","00","00"
"ElementEnd"
"Element"
"Name","要素名"
"PrimitiveId","Line","PrimitiveFace","FRONT","LineColor","Black","LineThickness","1","LineType","0","Reverse","False","DivideAngle","0.20943951023931953","FaceColors","1","Black"
"LineData","Sp","3.12","13.7","-1","V","0.20143600000000017","0","0"
"IsShading","True"
"Disp3D","True"
"LayerSize","8"
"DispLayerBit","00","00","00","00","00","00","00","00"
"ElementEnd"
"Element"
"Name","要素名"
"PrimitiveId","Arc","PrimitiveFace","FRONT","LineColor","Black","LineThickness","1","LineType","0","Reverse","False","DivideAngle","0.20943951023931953","FaceColors","1","Black"
"ArcData","Cp","3.321436","13.58","-1","R","0.12","U","1","0","0","V","0","1","0","Sa","0.9599310885968813","Ea","1.5707963267948966"
"IsShading","True"
"Disp3D","True"
"LayerSize","8"
"DispLayerBit","00","00","00","00","00","00","00","00"
"ElementEnd"
"Element"
"Name","要素名"
"PrimitiveId","Line","PrimitiveFace","FRONT","LineColor","Black","LineThickness","1","LineType","0","Reverse","False","DivideAngle","0.20943951023931953","FaceColors","1","Black"
"LineData","Sp","3.390265","13.678298","-1","V","0.2546360000000001","-0.17829799999999985","0"
"IsShading","True"
"Disp3D","True"
"LayerSize","8"
"DispLayerBit","00","00","00","00","00","00","00","00"
"ElementEnd"
"Element"
"Name","要素名"
"PrimitiveId","Line","PrimitiveFace","FRONT","LineColor","Black","LineThickness","1","LineType","0","Reverse","False","DivideAngle","0.20943951023931953","FaceColors","1","Black"
"LineData","Sp","4.846499999999999","13.5","-1","V","-1.201598999999999","0","0"
"IsShading","True"
"Disp3D","True"
"LayerSize","8"
"DispLayerBit","00","00","00","00","00","00","00","00"
"ElementEnd"
"Element"
"Name","要素名"
"PrimitiveId","Line","PrimitiveFace","FRONT","LineColor","Black","LineThickness","1","LineType","0","Reverse","False","DivideAngle","0.20943951023931953","FaceColors","1","Black"
"LineData","Sp","4.846499999999999","13.5","-1","V","0.15350000000000108","0.1534999999999993","0"
"IsShading","True"
"Disp3D","True"
"LayerSize","8"
"DispLayerBit","00","00","00","00","00","00","00","00"
"ElementEnd"
"Element"
"Name","要素名"
"PrimitiveId","Line","PrimitiveFace","FRONT","LineColor","Black","LineThickness","1","LineType","0","Reverse","False","DivideAngle","0.20943951023931953","FaceColors","1","Black"
"LineData","Sp","5","14.3465","-1","V","0","-0.6929999999999996","0"
"IsShading","True"
"Disp3D","True"
"LayerSize","8"
"DispLayerBit","00","00","00","00","00","00","00","00"
"ElementEnd"
"Element"
"Name","要素名"
"PrimitiveId","Line","PrimitiveFace","FRONT","LineColor","Black","LineThickness","1","LineType","0","Reverse","False","DivideAngle","0.20943951023931953","FaceColors","1","Black"
"LineData","Sp","4.846499999999999","14.5","-1","V","0.15350000000000108","-0.1534999999999993","0"
"IsShading","True"
"Disp3D","True"
"LayerSize","8"
"DispLayerBit","00","00","00","00","00","00","00","00"
"ElementEnd"
"Element"
"Name","要素名"
"PrimitiveId","Line","PrimitiveFace","FRONT","LineColor","Black","LineThickness","1","LineType","0","Reverse","False","DivideAngle","0.20943951023931953","FaceColors","1","Black"
"LineData","Sp","3.644901","14.5","-1","V","1.201598999999999","0","0"
"IsShading","True"
"Disp3D","True"
"LayerSize","8"
"DispLayerBit","00","00","00","00","00","00","00","00"
"ElementEnd"
"Element"
"Name","要素名"
"PrimitiveId","Line","PrimitiveFace","FRONT","LineColor","Black","LineThickness","1","LineType","0","Reverse","False","DivideAngle","0.20943951023931953","FaceColors","1","Black"
"LineData","Sp","4.846499999999999","14.5","-1","V","0","-1","0"
"IsShading","True"
"Disp3D","True"
"LayerSize","8"
"DispLayerBit","00","00","00","00","00","00","00","00"
"ElementEnd"
"Element"
"Name","要素名"
"PrimitiveId","Line","PrimitiveFace","FRONT","LineColor","Blue","LineThickness","1","LineType","2","Reverse","False","DivideAngle","0.20943951023931953","FaceColors","1","Blue"
"LineData","Sp","2","14","-1","V","3.299999999999999","0","0"
"IsShading","True"
"Disp3D","True"
"LayerSize","8"
"DispLayerBit","00","00","00","00","00","00","00","00"
"ElementEnd"
"Element"
"Name","要素名"
"PrimitiveId","Line","PrimitiveFace","FRONT","LineColor","Red","LineThickness","1","LineType","1","Reverse","False","DivideAngle","0.20943951023931953","FaceColors","1","Red"
"LineData","Sp","4","13","-1","V","0","2","0"
"IsShading","True"
"Disp3D","True"
"LayerSize","8"
"DispLayerBit","00","00","00","00","00","00","00","00"
"ElementEnd"
"Element"
"Name","要素名"
"PrimitiveId","Line","PrimitiveFace","RIGHT","LineColor","Black","LineThickness","1","LineType","0","Reverse","False","DivideAngle","0.20943951023931953","FaceColors","1","Black"
"LineData","Sp","1","14.3465","-3.1341300000000007","V","0","0","-1.5658700000000003"
"IsShading","True"
"Disp3D","True"
"LayerSize","8"
"DispLayerBit","00","00","00","00","00","00","00","00"
"ElementEnd"
"Element"
"Name","要素名"
"PrimitiveId","Line","PrimitiveFace","RIGHT","LineColor","Black","LineThickness","1","LineType","0","Reverse","False","DivideAngle","0.20943951023931953","FaceColors","1","Black"
"LineData","Sp","1","13.6535","-3.125681000000001","V","0","0","-1.574319"
"IsShading","True"
"Disp3D","True"
"LayerSize","8"
"DispLayerBit","00","00","00","00","00","00","00","00"
"ElementEnd"
"Element"
"Name","要素名"
"PrimitiveId","Line","PrimitiveFace","RIGHT","LineColor","Black","LineThickness","1","LineType","0","Reverse","False","DivideAngle","0.20943951023931953","FaceColors","1","Black"
"LineData","Sp","1","13.061242","-2.000000000000001","V","0","-0.06124200000000002","-0.7000000000000002"
"IsShading","True"
"Disp3D","True"
"LayerSize","8"
"DispLayerBit","00","00","00","00","00","00","00","00"
"ElementEnd"
"Element"
"Name","要素名"
"PrimitiveId","Line","PrimitiveFace","RIGHT","LineColor","Black","LineThickness","1","LineType","0","Reverse","False","DivideAngle","0.20943951023931953","FaceColors","1","Black"
"LineData","Sp","1","13.875","-2.000000000000001","V","0","0","-0.2999999999999998"
"IsShading","True"
"Disp3D","True"
"LayerSize","8"
"DispLayerBit","00","00","00","00","00","00","00","00"
"ElementEnd"
"Element"
"Name","要素名"
"PrimitiveId","Line","PrimitiveFace","RIGHT","LineColor","Black","LineThickness","1","LineType","0","Reverse","False","DivideAngle","0.20943951023931953","FaceColors","1","Black"
"LineData","Sp","1","13.875","-2.000000000000001","V","0","-0.813758","0"
"IsShading","True"
"Disp3D","True"
"LayerSize","8"
"DispLayerBit","00","00","00","00","00","00","00","00"
"ElementEnd"
"Element"
"Name","要素名"
"PrimitiveId","Line","PrimitiveFace","RIGHT","LineColor","Black","LineThickness","1","LineType","0","Reverse","False","DivideAngle","0.20943951023931953","FaceColors","1","Black"
"LineData","Sp","1","14.5","-3.344901000000001","V","0","-1","0"
"IsShading","True"
"Disp3D","True"
"LayerSize","8"
"DispLayerBit","00","00","00","00","00","00","00","00"
"ElementEnd"
"Element"
"Name","要素名"
"PrimitiveId","Arc","PrimitiveFace","RIGHT","LineColor","Black","LineThickness","1","LineType","0","Reverse","False","DivideAngle","0.20943951023931953","FaceColors","1","Black"
"ArcData","Cp","1","13.58","-2.820000000000001","R","0.12","U","0","0","-1","V","0","1","0","Sa","1.5707963267948966","Ea","3.141592653589793"
"IsShading","True"
"Disp3D","True"
"LayerSize","8"
"DispLayerBit","00","00","00","00","00","00","00","00"
"ElementEnd"
"Element"
"Name","要素名"
"PrimitiveId","Line","PrimitiveFace","RIGHT","LineColor","Black","LineThickness","1","LineType","0","Reverse","False","DivideAngle","0.20943951023931953","FaceColors","1","Black"
"LineData","Sp","1","13.7","-2.820000000000001","V","0","0","-0.20143600000000017"
"IsShading","True"
"Disp3D","True"
"LayerSize","8"
"DispLayerBit","00","00","00","00","00","00","00","00"
"ElementEnd"
"Element"
"Name","要素名"
"PrimitiveId","Arc","PrimitiveFace","RIGHT","LineColor","Black","LineThickness","1","LineType","0","Reverse","False","DivideAngle","0.20943951023931953","FaceColors","1","Black"
"ArcData","Cp","1","13.58","-3.0214360000000013","R","0.12","U","0","0","-1","V","0","1","0","Sa","0.9599310885968813","Ea","1.5707963267948966"
"IsShading","True"
"Disp3D","True"
"LayerSize","8"
"DispLayerBit","00","00","00","00","00","00","00","00"
"ElementEnd"
"Element"
"Name","要素名"
"PrimitiveId","Line","PrimitiveFace","RIGHT","LineColor","Black","LineThickness","1","LineType","0","Reverse","False","DivideAngle","0.20943951023931953","FaceColors","1","Black"
"LineData","Sp","1","13.678298","-3.0902650000000014","V","0","-0.17829799999999985","-0.25463599999999964"
"IsShading","True"
"Disp3D","True"
"LayerSize","8"
"DispLayerBit","00","00","00","00","00","00","00","00"
"ElementEnd"
"Element"
"Name","要素名"
"PrimitiveId","Line","PrimitiveFace","RIGHT","LineColor","Black","LineThickness","1","LineType","0","Reverse","False","DivideAngle","0.20943951023931953","FaceColors","1","Black"
"LineData","Sp","1","13.5","-4.5465","V","0","0","1.201598999999999"
"IsShading","True"
"Disp3D","True"
"LayerSize","8"
"DispLayerBit","00","00","00","00","00","00","00","00"
"ElementEnd"
"Element"
"Name","要素名"
"PrimitiveId","Line","PrimitiveFace","RIGHT","LineColor","Black","LineThickness","1","LineType","0","Reverse","False","DivideAngle","0.20943951023931953","FaceColors","1","Black"
"LineData","Sp","1","13.5","-4.5465","V","0","0.1534999999999993","-0.15350000000000108"
"IsShading","True"
"Disp3D","True"
"LayerSize","8"
"DispLayerBit","00","00","00","00","00","00","00","00"
"ElementEnd"
"Element"
"Name","要素名"
"PrimitiveId","Line","PrimitiveFace","RIGHT","LineColor","Black","LineThickness","1","LineType","0","Reverse","False","DivideAngle","0.20943951023931953","FaceColors","1","Black"
"LineData","Sp","1","14.5","-4.5465","V","0","-1","0"
"IsShading","True"
"Disp3D","True"
"LayerSize","8"
"DispLayerBit","00","00","00","00","00","00","00","00"
"ElementEnd"
"Element"
"Name","要素名"
"PrimitiveId","Line","PrimitiveFace","RIGHT","LineColor","Blue","LineThickness","1","LineType","2","Reverse","False","DivideAngle","0.20943951023931953","FaceColors","1","Blue"
"LineData","Sp","1","14","-1.700000000000001","V","0","0","-3.299999999999999"
"IsShading","True"
"Disp3D","True"
"LayerSize","8"
"DispLayerBit","00","00","00","00","00","00","00","00"
"ElementEnd"
"Element"
"Name","要素名"
"PrimitiveId","Line","PrimitiveFace","RIGHT","LineColor","Red","LineThickness","1","LineType","1","Reverse","False","DivideAngle","0.20943951023931953","FaceColors","1","Red"
"LineData","Sp","1","13","-3.700000000000001","V","0","2","0"
"IsShading","True"
"Disp3D","True"
"LayerSize","8"
"DispLayerBit","00","00","00","00","00","00","00","00"
"ElementEnd"
"Element"
"Name","分割線分"
"PrimitiveId","Line","PrimitiveFace","RIGHT","LineColor","Black","LineThickness","1","LineType","0","Reverse","False","DivideAngle","0.20943951023931953","FaceColors","1","Black"
"LineData","Sp","1","14","-2.3000000000000007","V","0","-0.125","0"
"IsShading","True"
"Disp3D","True"
"LayerSize","8"
"DispLayerBit","00","00","00","00","00","00","00","00"
"ElementEnd"
"Element"
"Name","分割線分"
"PrimitiveId","Line","PrimitiveFace","RIGHT","LineColor","Black","LineThickness","1","LineType","0","Reverse","False","DivideAngle","0.20943951023931953","FaceColors","1","Black"
"LineData","Sp","1","14.407381674445796","-2.700000000000001","V","0","-1.407381674445796","0"
"IsShading","True"
"Disp3D","True"
"LayerSize","8"
"DispLayerBit","00","00","00","00","00","00","00","00"
"ElementEnd"
"Element"
"Name","分割線分"
"PrimitiveId","Line","PrimitiveFace","RIGHT","LineColor","Black","LineThickness","1","LineType","0","Reverse","False","DivideAngle","0.20943951023931953","FaceColors","1","Black"
"LineData","Sp","1","14","-4.700000000000001","V","0","-0.3464999999999989","0"
"IsShading","True"
"Disp3D","True"
"LayerSize","8"
"DispLayerBit","00","00","00","00","00","00","00","00"
"ElementEnd"
"Element"
"Name","ポリライン"
"PrimitiveId","Polyline","PrimitiveFace","RIGHT","LineColor","Gray","LineThickness","1","LineType","0","Reverse","False","DivideAngle","0.20943951023931953","FaceColors","1","LightGray"
"PolylineData","Cp","1","14","-4.700000000000001","U","0","1","0","V","0","0","1","Size","24","Multi","False","-0","-0","0.3465000000000007","-0","0.5","0.15350000000000108","0.5","1.355099","0.32170200000000015","1.6097349999999997","0.32170175468532136","1.6097348276378742","0.31037454508288853","1.6297556028309037","0.3026222879119427","1.6536145971018685","0.3000000000000007","1.6785639999999997","0.3000000000000007","1.88","0.3006573725558077","1.892543415592118","0.30587321804458156","1.9170820393249937","0.3160769515458668","1.9399999999999995","0.33082262094271186","1.9602956727630634","0.34946576972490284","1.9770820393249933","0.3711916028309048","1.9896254549171122","0.3950505971018696","1.9973777120880563","0.41999999999999993","2","0.4073816744457961","2","1","2","0.938758","2.7","0.125","2.7","0.125","2.4000000000000004","-0","2.4000000000000004"
"IsShading","True"
"Disp3D","True"
"LayerSize","8"
"DispLayerBit","00","00","00","00","00","00","00","00"
"ElementEnd"
"Element"
"Name","円弧"
"PrimitiveId","Arc","PrimitiveFace","FRONT","LineColor","SeaGreen","LineThickness","1","LineType","0","Reverse","False","DivideAngle","0.20943951023931953","FaceColors","1","SeaGreen"
"ArcData","Cp","-6","16","3","R","1","U","1","0","0","V","0","1","0","Sa","0","Ea","3.141592653589793"
"IsShading","True"
"Disp3D","True"
"LayerSize","8"
"DispLayerBit","00","00","00","00","00","00","00","00"
"ElementEnd"
"Element"
"Name","ポリライン"
"PrimitiveId","Polyline","PrimitiveFace","FRONT","LineColor","SeaGreen","LineThickness","1","LineType","0","Reverse","False","DivideAngle","0.20943951023931953","FaceColors","1","SeaGreen"
"PolylineData","Cp","-1","0","3","U","1","0","0","V","0","1","0","Size","4","Multi","False","-6","16","-7","16","-7","18","-3","18"
"IsShading","True"
"Disp3D","True"
"LayerSize","8"
"DispLayerBit","00","00","00","00","00","00","00","00"
"ElementEnd"
"Element"
"Name","線分"
"PrimitiveId","Line","PrimitiveFace","FRONT","LineColor","SeaGreen","LineThickness","1","LineType","0","Reverse","False","DivideAngle","0.20943951023931953","FaceColors","1","SeaGreen"
"LineData","Sp","-5","16","3","V","1","0","0"
"IsShading","True"
"Disp3D","True"
"LayerSize","8"
"DispLayerBit","00","00","00","00","00","00","00","00"
"ElementEnd"
"Element"
"Name","線分"
"PrimitiveId","Line","PrimitiveFace","FRONT","LineColor","SeaGreen","LineThickness","1","LineType","0","Reverse","False","DivideAngle","0.20943951023931953","FaceColors","1","SeaGreen"
"LineData","Sp","-3","17","3","V","5","0","0"
"IsShading","True"
"Disp3D","True"
"LayerSize","8"
"DispLayerBit","00","00","00","00","00","00","00","00"
"ElementEnd"
"Element"
"Name","ポリライン"
"PrimitiveId","Polyline","PrimitiveFace","FRONT","LineColor","SeaGreen","LineThickness","1","LineType","0","Reverse","False","DivideAngle","0.20943951023931953","FaceColors","1","SeaGreen"
"PolylineData","Cp","0","0","0","U","1","0","0","V","0","1","0","Size","7","Multi","True","17","18","0","15.687680416877022","16.359600521096276","0","15.153124057461095","13.63584821252901","1","17.0816035471556","11.63946548428146","0","19","11","0","15","4","0","12","7","0"
"IsShading","True"
"Disp3D","True"
"LayerSize","8"
"DispLayerBit","00","00","00","00","00","00","00","00"
"ElementEnd"
"Element"
"Name","四角形"
"PrimitiveId","Polygon","PrimitiveFace","FRONT","LineColor","SeaGreen","LineThickness","1","LineType","0","Reverse","False","DivideAngle","0.20943951023931953","FaceColors","1","SeaGreen"
"PolygonData","Cp","0","0","0","U","1","0","0","V","0","1","0","Size","6","Multi","True","11","20","0","11","16","0","5","16","0","5","17","0","5.878679656440358","19.121320343559642","1","8","20","0"
"IsShading","True"
"Disp3D","True"
"LayerSize","8"
"DispLayerBit","00","00","00","00","00","00","00","00"
"ElementEnd"
"Element"
"Name","ポリゴン"
"PrimitiveId","Polygon","PrimitiveFace","FRONT","LineColor","SeaGreen","LineThickness","1","LineType","0","Reverse","False","DivideAngle","0.20943951023931953","FaceColors","1","SeaGreen"
"PolygonData","Cp","0","0","0","U","1","0","0","V","0","1","0","Size","8","Multi","True","-5.178262027749206","8.428983963001059","0","-4.206615175578934","8.81414250767295","1","-3.422483019027256","8.123069811838581","0","-3","6.75","0","-2","5.5","0","-3","3","0","-6","3","0","-7","6","0"
"IsShading","True"
"Disp3D","True"
"LayerSize","8"
"DispLayerBit","00","00","00","00","00","00","00","00"
"ElementEnd"
"Element"
"Name","四角形-押出"
"PrimitiveId","Extrusion","PrimitiveFace","RIGHT","LineColor","SeaGreen","LineThickness","1","LineType","0","Reverse","False","DivideAngle","0.20943951023931953","FaceColors","1","SeaGreen"
"ExtrusionData","Vector","-1","0","0","SrcFace","RIGHT","Close","True","Cp","-3","1","0","U","0","0","-1","V","0","1","0","Size","12","Multi","True","14.999999999999996","19","0","15.707106781186544","18.70710678118655","1","15.999999999999998","18","0","16","12","0","15.707106781186548","11.292893218813454","1","15.000000000000002","11","0","9","11","0","8.292893218813452","11.292893218813452","1","8","12","0","8","18","0","8.292893218813452","18.707106781186546","1","9","19","0"
"IsShading","True"
"Disp3D","True"
"LayerSize","8"
"DispLayerBit","00","00","00","00","00","00","00","00"
"ElementEnd"
