﻿"DataManage"
"AppName","Mini3DCad"
"PrimitiveBrush","SeaGreen"
"Face","FRONT"
"ArcDivideAngle","0.20943951023931953"
"RevolutionDivideAngle","0.17453292519943295"
"SweepDivideAngle","0.3490658503988659"
"SurfaceVertex","False"
"WireFrame","True"
"ZumenComment",""
"Area","-18","-1","-30","10","27.99942373437721","3"
"Layer"
"LayerSize","64"
"DispLayerBit","F9","FF","FF","FF","FF","FF","FF","FF"
"LayerAll","False"
"LayerList","0","BaseLayer","1","SecondLayer","2","TestLayer"
"LayerEnd"
"DataManageEnd"
"DataDraw"
"WorldSize","30"
"GridSize","1"
"BaseBackColor","AliceBlue"
"World","-19.42418215588431","27.99942373437721","11.424182155884308","-1"
"DataDrawEnd"
"Element"
"Name","分割ポリライン"
"PrimitiveId","Polyline","LineColor","DodgerBlue","LineThickness","1","LineType","0","Close","True","Reverse","False","DivideAngle","0.20943951023931953","FaceColors","1","DodgerBlue"
"PolylineData","Cp","0","0","0","U","1","0","0","V","0","1","0","Size","5","Multi","False","10","-0","0","0","0","10","10","10","10","-0"
"IsShading","True"
"Disp3D","True"
"LayerSize","8"
"DispLayerBit","00","00","00","00","00","00","00","00"
"ElementEnd"
"Element"
"Name","分割ポリライン"
"PrimitiveId","Polyline","LineColor","Green","LineThickness","1","LineType","0","Close","True","Reverse","False","DivideAngle","0.20943951023931953","FaceColors","1","Green"
"PolylineData","Cp","0","0","0","U","1","0","0","V","0","0","-1","Size","5","Multi","False","10","-0","0","0","0","10","10","10","10","-0"
"IsShading","True"
"Disp3D","True"
"LayerSize","8"
"DispLayerBit","00","00","00","00","00","00","00","00"
"ElementEnd"
"Element"
"Name","分割ポリライン"
"PrimitiveId","Polyline","LineColor","Red","LineThickness","1","LineType","0","Close","True","Reverse","False","DivideAngle","0.20943951023931953","FaceColors","1","Red"
"PolylineData","Cp","0","0","0","U","0","0","-1","V","0","1","0","Size","5","Multi","False","10","10","10","0","0","0","0","10","10","10"
"IsShading","True"
"Disp3D","True"
"LayerSize","8"
"DispLayerBit","00","00","00","00","00","00","00","00"
"ElementEnd"
"Element"
"Name","分割ポリライン"
"PrimitiveId","Polyline","LineColor","DodgerBlue","LineThickness","1","LineType","0","Close","True","Reverse","False","DivideAngle","0.20943951023931953","FaceColors","1","DodgerBlue"
"PolylineData","Cp","0","0","-10","U","1","0","0","V","0","1","0","Size","5","Multi","False","10","-0","0","0","0","10","10","10","10","-0"
"IsShading","True"
"Disp3D","True"
"LayerSize","8"
"DispLayerBit","00","00","00","00","00","00","00","00"
"ElementEnd"
"Element"
"Name","分割ポリライン"
"PrimitiveId","Polyline","LineColor","Red","LineThickness","1","LineType","0","Close","True","Reverse","False","DivideAngle","0.20943951023931953","FaceColors","1","Red"
"PolylineData","Cp","10","0","0","U","0","0","-1","V","0","1","0","Size","5","Multi","False","10","10","10","0","0","0","0","10","10","10"
"IsShading","True"
"Disp3D","True"
"LayerSize","8"
"DispLayerBit","00","00","00","00","00","00","00","00"
"ElementEnd"
"Element"
"Name","四角形"
"PrimitiveId","Polygon","LineColor","Silver","LineThickness","1","LineType","0","Close","True","Reverse","False","DivideAngle","0.20943951023931953","FaceColors","1","Silver"
"PolygonData","Cp","0","0","0","U","1","0","0","V","0","0.7071067811865474","-0.7071067811865477","Size","4","Multi","False","0","0","0","10","10","10","10","0"
"IsShading","True"
"Disp3D","True"
"LayerSize","8"
"DispLayerBit","00","00","00","00","00","00","00","00"
"ElementEnd"
"Element"
"Name","線分"
"PrimitiveId","Line","LineColor","Red","LineThickness","1","LineType","0","Close","True","Reverse","False","DivideAngle","0.20943951023931953","FaceColors","1","Red"
"LineData","Sp","5","5","-2","V","0","-1.5","-1.5"
"IsShading","True"
"Disp3D","True"
"LayerSize","8"
"DispLayerBit","00","00","00","00","00","00","00","00"
"ElementEnd"
"Element"
"Name","線分"
"PrimitiveId","Line","LineColor","Red","LineThickness","1","LineType","0","Close","True","Reverse","False","DivideAngle","0.20943951023931953","FaceColors","1","Red"
"LineData","Sp","5","5","-3","V","0","-5","-3"
"IsShading","True"
"Disp3D","True"
"LayerSize","8"
"DispLayerBit","00","00","00","00","00","00","00","00"
"ElementEnd"
"Element"
"Name","線分"
"PrimitiveId","Line","LineColor","SeaGreen","LineThickness","1","LineType","0","Close","True","Reverse","False","DivideAngle","0.20943951023931953","FaceColors","1","SeaGreen"
"LineData","Sp","3","6","-3","V","2","-6","-3"
"IsShading","True"
"Disp3D","True"
"LayerSize","8"
"DispLayerBit","00","00","00","00","00","00","00","00"
"ElementEnd"
"Element"
"Name","要素名"
"PrimitiveId","Line","LineColor","Black","LineThickness","1","LineType","0","Close","True","Reverse","False","DivideAngle","0.20943951023931953","FaceColors","1","Black"
"LineData","Sp","3.43413","14.3465","-1","V","1.5658699999999999","0","0"
"IsShading","True"
"Disp3D","True"
"LayerSize","8"
"DispLayerBit","00","00","00","00","00","00","00","00"
"ElementEnd"
"Element"
"Name","要素名"
"PrimitiveId","Line","LineColor","Black","LineThickness","1","LineType","0","Close","True","Reverse","False","DivideAngle","0.20943951023931953","FaceColors","1","Black"
"LineData","Sp","3.425681","13.6535","-1","V","1.574319","0","0"
"IsShading","True"
"Disp3D","True"
"LayerSize","8"
"DispLayerBit","00","00","00","00","00","00","00","00"
"ElementEnd"
"Element"
"Name","要素名"
"PrimitiveId","Line","LineColor","Black","LineThickness","1","LineType","0","Close","True","Reverse","False","DivideAngle","0.20943951023931953","FaceColors","1","Black"
"LineData","Sp","3","15","-1","V","0","-2","0"
"IsShading","True"
"Disp3D","True"
"LayerSize","8"
"DispLayerBit","00","00","00","00","00","00","00","00"
"ElementEnd"
"Element"
"Name","要素名"
"PrimitiveId","Line","LineColor","Black","LineThickness","1","LineType","0","Close","True","Reverse","False","DivideAngle","0.20943951023931953","FaceColors","1","Black"
"LineData","Sp","2.3","14.938758","-1","V","0.7000000000000002","0.06124200000000002","0"
"IsShading","True"
"Disp3D","True"
"LayerSize","8"
"DispLayerBit","00","00","00","00","00","00","00","00"
"ElementEnd"
"Element"
"Name","要素名"
"PrimitiveId","Line","LineColor","Black","LineThickness","1","LineType","0","Close","True","Reverse","False","DivideAngle","0.20943951023931953","FaceColors","1","Black"
"LineData","Sp","2.3","13.061242","-1","V","0.7000000000000002","-0.06124200000000002","0"
"IsShading","True"
"Disp3D","True"
"LayerSize","8"
"DispLayerBit","00","00","00","00","00","00","00","00"
"ElementEnd"
"Element"
"Name","要素名"
"PrimitiveId","Line","LineColor","Black","LineThickness","1","LineType","0","Close","True","Reverse","False","DivideAngle","0.20943951023931953","FaceColors","1","Black"
"LineData","Sp","2.6","14.125","-1","V","0","-0.25","0"
"IsShading","True"
"Disp3D","True"
"LayerSize","8"
"DispLayerBit","00","00","00","00","00","00","00","00"
"ElementEnd"
"Element"
"Name","要素名"
"PrimitiveId","Line","LineColor","Black","LineThickness","1","LineType","0","Close","True","Reverse","False","DivideAngle","0.20943951023931953","FaceColors","1","Black"
"LineData","Sp","2.3","13.875","-1","V","0.2999999999999998","0","0"
"IsShading","True"
"Disp3D","True"
"LayerSize","8"
"DispLayerBit","00","00","00","00","00","00","00","00"
"ElementEnd"
"Element"
"Name","要素名"
"PrimitiveId","Line","LineColor","Black","LineThickness","1","LineType","0","Close","True","Reverse","False","DivideAngle","0.20943951023931953","FaceColors","1","Black"
"LineData","Sp","2.3","14.125","-1","V","0.2999999999999998","0","0"
"IsShading","True"
"Disp3D","True"
"LayerSize","8"
"DispLayerBit","00","00","00","00","00","00","00","00"
"ElementEnd"
"Element"
"Name","要素名"
"PrimitiveId","Line","LineColor","Black","LineThickness","1","LineType","0","Close","True","Reverse","False","DivideAngle","0.20943951023931953","FaceColors","1","Black"
"LineData","Sp","2.3","14.938758","-1","V","0","-0.813758","0"
"IsShading","True"
"Disp3D","True"
"LayerSize","8"
"DispLayerBit","00","00","00","00","00","00","00","00"
"ElementEnd"
"Element"
"Name","要素名"
"PrimitiveId","Line","LineColor","Black","LineThickness","1","LineType","0","Close","True","Reverse","False","DivideAngle","0.20943951023931953","FaceColors","1","Black"
"LineData","Sp","2.3","13.875","-1","V","0","-0.813758","0"
"IsShading","True"
"Disp3D","True"
"LayerSize","8"
"DispLayerBit","00","00","00","00","00","00","00","00"
"ElementEnd"
"Element"
"Name","要素名"
"PrimitiveId","Arc","LineColor","Black","LineThickness","1","LineType","0","Close","True","Reverse","False","DivideAngle","0.20943951023931953","FaceColors","1","Black"
"ArcData","Cp","3.12","14.42","-1","R","0.12","U","1","0","0","V","0","1","0","Sa","3.141592653589793","Ea","4.71238898038469"
"IsShading","True"
"Disp3D","True"
"LayerSize","8"
"DispLayerBit","00","00","00","00","00","00","00","00"
"ElementEnd"
"Element"
"Name","要素名"
"PrimitiveId","Line","LineColor","Black","LineThickness","1","LineType","0","Close","True","Reverse","False","DivideAngle","0.20943951023931953","FaceColors","1","Black"
"LineData","Sp","3.12","14.3","-1","V","0.20143600000000017","0","0"
"IsShading","True"
"Disp3D","True"
"LayerSize","8"
"DispLayerBit","00","00","00","00","00","00","00","00"
"ElementEnd"
"Element"
"Name","要素名"
"PrimitiveId","Arc","LineColor","Black","LineThickness","1","LineType","0","Close","True","Reverse","False","DivideAngle","0.20943951023931953","FaceColors","1","Black"
"ArcData","Cp","3.321436","14.42","-1","R","0.12","U","1","0","0","V","0","1","0","Sa","4.71238898038469","Ea","5.323254218582705"
"IsShading","True"
"Disp3D","True"
"LayerSize","8"
"DispLayerBit","00","00","00","00","00","00","00","00"
"ElementEnd"
"Element"
"Name","要素名"
"PrimitiveId","Line","LineColor","Black","LineThickness","1","LineType","0","Close","True","Reverse","False","DivideAngle","0.20943951023931953","FaceColors","1","Black"
"LineData","Sp","3.390265","14.321702","-1","V","0.2546360000000001","0.17829799999999985","0"
"IsShading","True"
"Disp3D","True"
"LayerSize","8"
"DispLayerBit","00","00","00","00","00","00","00","00"
"ElementEnd"
"Element"
"Name","要素名"
"PrimitiveId","Line","LineColor","Black","LineThickness","1","LineType","0","Close","True","Reverse","False","DivideAngle","0.20943951023931953","FaceColors","1","Black"
"LineData","Sp","3.644901","14.5","-1","V","0","-1","0"
"IsShading","True"
"Disp3D","True"
"LayerSize","8"
"DispLayerBit","00","00","00","00","00","00","00","00"
"ElementEnd"
"Element"
"Name","要素名"
"PrimitiveId","Arc","LineColor","Black","LineThickness","1","LineType","0","Close","True","Reverse","False","DivideAngle","0.20943951023931953","FaceColors","1","Black"
"ArcData","Cp","3.12","13.58","-1","R","0.12","U","1","0","0","V","0","1","0","Sa","1.5707963267948966","Ea","3.141592653589793"
"IsShading","True"
"Disp3D","True"
"LayerSize","8"
"DispLayerBit","00","00","00","00","00","00","00","00"
"ElementEnd"
"Element"
"Name","要素名"
"PrimitiveId","Line","LineColor","Black","LineThickness","1","LineType","0","Close","True","Reverse","False","DivideAngle","0.20943951023931953","FaceColors","1","Black"
"LineData","Sp","3.12","13.7","-1","V","0.20143600000000017","0","0"
"IsShading","True"
"Disp3D","True"
"LayerSize","8"
"DispLayerBit","00","00","00","00","00","00","00","00"
"ElementEnd"
"Element"
"Name","要素名"
"PrimitiveId","Arc","LineColor","Black","LineThickness","1","LineType","0","Close","True","Reverse","False","DivideAngle","0.20943951023931953","FaceColors","1","Black"
"ArcData","Cp","3.321436","13.58","-1","R","0.12","U","1","0","0","V","0","1","0","Sa","0.9599310885968813","Ea","1.5707963267948966"
"IsShading","True"
"Disp3D","True"
"LayerSize","8"
"DispLayerBit","00","00","00","00","00","00","00","00"
"ElementEnd"
"Element"
"Name","要素名"
"PrimitiveId","Line","LineColor","Black","LineThickness","1","LineType","0","Close","True","Reverse","False","DivideAngle","0.20943951023931953","FaceColors","1","Black"
"LineData","Sp","3.390265","13.678298","-1","V","0.2546360000000001","-0.17829799999999985","0"
"IsShading","True"
"Disp3D","True"
"LayerSize","8"
"DispLayerBit","00","00","00","00","00","00","00","00"
"ElementEnd"
"Element"
"Name","要素名"
"PrimitiveId","Line","LineColor","Black","LineThickness","1","LineType","0","Close","True","Reverse","False","DivideAngle","0.20943951023931953","FaceColors","1","Black"
"LineData","Sp","4.846499999999999","13.5","-1","V","-1.201598999999999","0","0"
"IsShading","True"
"Disp3D","True"
"LayerSize","8"
"DispLayerBit","00","00","00","00","00","00","00","00"
"ElementEnd"
"Element"
"Name","要素名"
"PrimitiveId","Line","LineColor","Black","LineThickness","1","LineType","0","Close","True","Reverse","False","DivideAngle","0.20943951023931953","FaceColors","1","Black"
"LineData","Sp","4.846499999999999","13.5","-1","V","0.15350000000000108","0.1534999999999993","0"
"IsShading","True"
"Disp3D","True"
"LayerSize","8"
"DispLayerBit","00","00","00","00","00","00","00","00"
"ElementEnd"
"Element"
"Name","要素名"
"PrimitiveId","Line","LineColor","Black","LineThickness","1","LineType","0","Close","True","Reverse","False","DivideAngle","0.20943951023931953","FaceColors","1","Black"
"LineData","Sp","5","14.3465","-1","V","0","-0.6929999999999996","0"
"IsShading","True"
"Disp3D","True"
"LayerSize","8"
"DispLayerBit","00","00","00","00","00","00","00","00"
"ElementEnd"
"Element"
"Name","要素名"
"PrimitiveId","Line","LineColor","Black","LineThickness","1","LineType","0","Close","True","Reverse","False","DivideAngle","0.20943951023931953","FaceColors","1","Black"
"LineData","Sp","4.846499999999999","14.5","-1","V","0.15350000000000108","-0.1534999999999993","0"
"IsShading","True"
"Disp3D","True"
"LayerSize","8"
"DispLayerBit","00","00","00","00","00","00","00","00"
"ElementEnd"
"Element"
"Name","要素名"
"PrimitiveId","Line","LineColor","Black","LineThickness","1","LineType","0","Close","True","Reverse","False","DivideAngle","0.20943951023931953","FaceColors","1","Black"
"LineData","Sp","3.644901","14.5","-1","V","1.201598999999999","0","0"
"IsShading","True"
"Disp3D","True"
"LayerSize","8"
"DispLayerBit","00","00","00","00","00","00","00","00"
"ElementEnd"
"Element"
"Name","要素名"
"PrimitiveId","Line","LineColor","Black","LineThickness","1","LineType","0","Close","True","Reverse","False","DivideAngle","0.20943951023931953","FaceColors","1","Black"
"LineData","Sp","4.846499999999999","14.5","-1","V","0","-1","0"
"IsShading","True"
"Disp3D","True"
"LayerSize","8"
"DispLayerBit","00","00","00","00","00","00","00","00"
"ElementEnd"
"Element"
"Name","要素名"
"PrimitiveId","Line","LineColor","Blue","LineThickness","1","LineType","2","Close","True","Reverse","False","DivideAngle","0.20943951023931953","FaceColors","1","Blue"
"LineData","Sp","2","14","-1","V","3.299999999999999","0","0"
"IsShading","True"
"Disp3D","True"
"LayerSize","8"
"DispLayerBit","00","00","00","00","00","00","00","00"
"ElementEnd"
"Element"
"Name","要素名"
"PrimitiveId","Line","LineColor","Red","LineThickness","1","LineType","1","Close","True","Reverse","False","DivideAngle","0.20943951023931953","FaceColors","1","Red"
"LineData","Sp","4","13","-1","V","0","2","0"
"IsShading","True"
"Disp3D","True"
"LayerSize","8"
"DispLayerBit","00","00","00","00","00","00","00","00"
"ElementEnd"
"Element"
"Name","要素名"
"PrimitiveId","Line","LineColor","Black","LineThickness","1","LineType","0","Close","True","Reverse","False","DivideAngle","0.20943951023931953","FaceColors","1","Black"
"LineData","Sp","1","14.3465","-3.1341300000000007","V","0","0","-1.5658700000000003"
"IsShading","True"
"Disp3D","True"
"LayerSize","8"
"DispLayerBit","00","00","00","00","00","00","00","00"
"ElementEnd"
"Element"
"Name","要素名"
"PrimitiveId","Line","LineColor","Black","LineThickness","1","LineType","0","Close","True","Reverse","False","DivideAngle","0.20943951023931953","FaceColors","1","Black"
"LineData","Sp","1","13.6535","-3.125681000000001","V","0","0","-1.574319"
"IsShading","True"
"Disp3D","True"
"LayerSize","8"
"DispLayerBit","00","00","00","00","00","00","00","00"
"ElementEnd"
"Element"
"Name","要素名"
"PrimitiveId","Line","LineColor","Black","LineThickness","1","LineType","0","Close","True","Reverse","False","DivideAngle","0.20943951023931953","FaceColors","1","Black"
"LineData","Sp","1","13.061242","-2.000000000000001","V","0","-0.06124200000000002","-0.7000000000000002"
"IsShading","True"
"Disp3D","True"
"LayerSize","8"
"DispLayerBit","00","00","00","00","00","00","00","00"
"ElementEnd"
"Element"
"Name","要素名"
"PrimitiveId","Line","LineColor","Black","LineThickness","1","LineType","0","Close","True","Reverse","False","DivideAngle","0.20943951023931953","FaceColors","1","Black"
"LineData","Sp","1","13.875","-2.000000000000001","V","0","0","-0.2999999999999998"
"IsShading","True"
"Disp3D","True"
"LayerSize","8"
"DispLayerBit","00","00","00","00","00","00","00","00"
"ElementEnd"
"Element"
"Name","要素名"
"PrimitiveId","Line","LineColor","Black","LineThickness","1","LineType","0","Close","True","Reverse","False","DivideAngle","0.20943951023931953","FaceColors","1","Black"
"LineData","Sp","1","13.875","-2.000000000000001","V","0","-0.813758","0"
"IsShading","True"
"Disp3D","True"
"LayerSize","8"
"DispLayerBit","00","00","00","00","00","00","00","00"
"ElementEnd"
"Element"
"Name","要素名"
"PrimitiveId","Line","LineColor","Black","LineThickness","1","LineType","0","Close","True","Reverse","False","DivideAngle","0.20943951023931953","FaceColors","1","Black"
"LineData","Sp","1","14.5","-3.344901000000001","V","0","-1","0"
"IsShading","True"
"Disp3D","True"
"LayerSize","8"
"DispLayerBit","00","00","00","00","00","00","00","00"
"ElementEnd"
"Element"
"Name","要素名"
"PrimitiveId","Arc","LineColor","Black","LineThickness","1","LineType","0","Close","True","Reverse","False","DivideAngle","0.20943951023931953","FaceColors","1","Black"
"ArcData","Cp","1","13.58","-2.820000000000001","R","0.12","U","0","0","-1","V","0","1","0","Sa","1.5707963267948966","Ea","3.141592653589793"
"IsShading","True"
"Disp3D","True"
"LayerSize","8"
"DispLayerBit","00","00","00","00","00","00","00","00"
"ElementEnd"
"Element"
"Name","要素名"
"PrimitiveId","Line","LineColor","Black","LineThickness","1","LineType","0","Close","True","Reverse","False","DivideAngle","0.20943951023931953","FaceColors","1","Black"
"LineData","Sp","1","13.7","-2.820000000000001","V","0","0","-0.20143600000000017"
"IsShading","True"
"Disp3D","True"
"LayerSize","8"
"DispLayerBit","00","00","00","00","00","00","00","00"
"ElementEnd"
"Element"
"Name","要素名"
"PrimitiveId","Arc","LineColor","Black","LineThickness","1","LineType","0","Close","True","Reverse","False","DivideAngle","0.20943951023931953","FaceColors","1","Black"
"ArcData","Cp","1","13.58","-3.0214360000000013","R","0.12","U","0","0","-1","V","0","1","0","Sa","0.9599310885968813","Ea","1.5707963267948966"
"IsShading","True"
"Disp3D","True"
"LayerSize","8"
"DispLayerBit","00","00","00","00","00","00","00","00"
"ElementEnd"
"Element"
"Name","要素名"
"PrimitiveId","Line","LineColor","Black","LineThickness","1","LineType","0","Close","True","Reverse","False","DivideAngle","0.20943951023931953","FaceColors","1","Black"
"LineData","Sp","1","13.678298","-3.0902650000000014","V","0","-0.17829799999999985","-0.25463599999999964"
"IsShading","True"
"Disp3D","True"
"LayerSize","8"
"DispLayerBit","00","00","00","00","00","00","00","00"
"ElementEnd"
"Element"
"Name","要素名"
"PrimitiveId","Line","LineColor","Black","LineThickness","1","LineType","0","Close","True","Reverse","False","DivideAngle","0.20943951023931953","FaceColors","1","Black"
"LineData","Sp","1","13.5","-4.5465","V","0","0","1.201598999999999"
"IsShading","True"
"Disp3D","True"
"LayerSize","8"
"DispLayerBit","00","00","00","00","00","00","00","00"
"ElementEnd"
"Element"
"Name","要素名"
"PrimitiveId","Line","LineColor","Black","LineThickness","1","LineType","0","Close","True","Reverse","False","DivideAngle","0.20943951023931953","FaceColors","1","Black"
"LineData","Sp","1","13.5","-4.5465","V","0","0.1534999999999993","-0.15350000000000108"
"IsShading","True"
"Disp3D","True"
"LayerSize","8"
"DispLayerBit","00","00","00","00","00","00","00","00"
"ElementEnd"
"Element"
"Name","要素名"
"PrimitiveId","Line","LineColor","Black","LineThickness","1","LineType","0","Close","True","Reverse","False","DivideAngle","0.20943951023931953","FaceColors","1","Black"
"LineData","Sp","1","14.5","-4.5465","V","0","-1","0"
"IsShading","True"
"Disp3D","True"
"LayerSize","8"
"DispLayerBit","00","00","00","00","00","00","00","00"
"ElementEnd"
"Element"
"Name","要素名"
"PrimitiveId","Line","LineColor","Blue","LineThickness","1","LineType","2","Close","True","Reverse","False","DivideAngle","0.20943951023931953","FaceColors","1","Blue"
"LineData","Sp","1","14","-1.700000000000001","V","0","0","-3.299999999999999"
"IsShading","True"
"Disp3D","True"
"LayerSize","8"
"DispLayerBit","00","00","00","00","00","00","00","00"
"ElementEnd"
"Element"
"Name","要素名"
"PrimitiveId","Line","LineColor","Red","LineThickness","1","LineType","1","Close","True","Reverse","False","DivideAngle","0.20943951023931953","FaceColors","1","Red"
"LineData","Sp","1","13","-3.700000000000001","V","0","2","0"
"IsShading","True"
"Disp3D","True"
"LayerSize","8"
"DispLayerBit","00","00","00","00","00","00","00","00"
"ElementEnd"
"Element"
"Name","分割線分"
"PrimitiveId","Line","LineColor","Black","LineThickness","1","LineType","0","Close","True","Reverse","False","DivideAngle","0.20943951023931953","FaceColors","1","Black"
"LineData","Sp","1","14","-2.3000000000000007","V","0","-0.125","0"
"IsShading","True"
"Disp3D","True"
"LayerSize","8"
"DispLayerBit","00","00","00","00","00","00","00","00"
"ElementEnd"
"Element"
"Name","分割線分"
"PrimitiveId","Line","LineColor","Black","LineThickness","1","LineType","0","Close","True","Reverse","False","DivideAngle","0.20943951023931953","FaceColors","1","Black"
"LineData","Sp","1","14.407381674445796","-2.700000000000001","V","0","-1.407381674445796","0"
"IsShading","True"
"Disp3D","True"
"LayerSize","8"
"DispLayerBit","00","00","00","00","00","00","00","00"
"ElementEnd"
"Element"
"Name","分割線分"
"PrimitiveId","Line","LineColor","Black","LineThickness","1","LineType","0","Close","True","Reverse","False","DivideAngle","0.20943951023931953","FaceColors","1","Black"
"LineData","Sp","1","14","-4.700000000000001","V","0","-0.3464999999999989","0"
"IsShading","True"
"Disp3D","True"
"LayerSize","8"
"DispLayerBit","00","00","00","00","00","00","00","00"
"ElementEnd"
"Element"
"Name","ポリライン"
"PrimitiveId","Polyline","LineColor","Gray","LineThickness","1","LineType","0","Close","True","Reverse","False","DivideAngle","0.20943951023931953","FaceColors","1","LightGray"
"PolylineData","Cp","1","14","-4.700000000000001","U","0","1","0","V","0","0","1","Size","24","Multi","False","-0","-0","0.3465000000000007","-0","0.5","0.15350000000000108","0.5","1.355099","0.32170200000000015","1.6097349999999997","0.32170175468532136","1.6097348276378742","0.31037454508288853","1.6297556028309037","0.3026222879119427","1.6536145971018685","0.3000000000000007","1.6785639999999997","0.3000000000000007","1.88","0.3006573725558077","1.892543415592118","0.30587321804458156","1.9170820393249937","0.3160769515458668","1.9399999999999995","0.33082262094271186","1.9602956727630634","0.34946576972490284","1.9770820393249933","0.3711916028309048","1.9896254549171122","0.3950505971018696","1.9973777120880563","0.41999999999999993","2","0.4073816744457961","2","1","2","0.938758","2.7","0.125","2.7","0.125","2.4000000000000004","-0","2.4000000000000004"
"IsShading","True"
"Disp3D","True"
"LayerSize","8"
"DispLayerBit","00","00","00","00","00","00","00","00"
"ElementEnd"
"Element"
"Name","ポリライン"
"PrimitiveId","Polyline","LineColor","SeaGreen","LineThickness","1","LineType","0","Close","True","Reverse","False","DivideAngle","0.20943951023931953","FaceColors","1","SeaGreen"
"PolylineData","Cp","-1","-3","3","U","1","0","0","V","0","1","0","Size","4","Multi","False","-6","16","-7","16","-7","18","-3","18"
"IsShading","True"
"Disp3D","True"
"LayerSize","8"
"DispLayerBit","00","00","00","00","00","00","00","00"
"ElementEnd"
"Element"
"Name","円弧"
"PrimitiveId","Arc","LineColor","SeaGreen","LineThickness","1","LineType","0","Close","True","Reverse","False","DivideAngle","0.20943951023931953","FaceColors","1","SeaGreen"
"ArcData","Cp","-6","13","3","R","1","U","1","0","0","V","0","1","0","Sa","0","Ea","3.141592653589793"
"IsShading","True"
"Disp3D","True"
"LayerSize","8"
"DispLayerBit","00","00","00","00","00","00","00","00"
"ElementEnd"
"Element"
"Name","線分"
"PrimitiveId","Line","LineColor","SeaGreen","LineThickness","1","LineType","0","Close","True","Reverse","False","DivideAngle","0.20943951023931953","FaceColors","1","SeaGreen"
"LineData","Sp","-5","13","3","V","1","0","0"
"IsShading","True"
"Disp3D","True"
"LayerSize","8"
"DispLayerBit","00","00","00","00","00","00","00","00"
"ElementEnd"
"Element"
"Name","ポリゴン-押出"
"PrimitiveId","Extrusion","LineColor","Goldenrod","LineThickness","1","LineType","0","Close","True","Reverse","False","DivideAngle","0.20943951023931953","FaceColors","1","Goldenrod"
"ExtrusionData","Vector","-2","0","0","Close","True","Loop","True","Cp","-2","22","-17.847759065022572","U","0","-1","-1.1842378929335002E-15","V","0","-4.259392367272771E-15","1","Size","28","Multi","True","-0","0","0","3","0","0","5.013669746062924","0.8340893189596544","1","5.847759065022563","2.847759065022583","0","5.847759065022538","8.847759065022583","0","5.013669746062877","10.861428811085503","1","2.999999999999954","11.695518130045151","0","-3.000000000000046","11.695518130045144","0","-5.01366974606297","10.86142881108549","1","-5.847759065022613","8.84775906502256","0","-5.847759065022588","2.847759065022567","0","-5.013669746062931","0.8340893189596462","1","-3","-3.552713678800501E-15","0","-0","0","0","-7.870330858116223E-15","1.847759065022574","0","-3.000000000000008","1.8477590650225704","0","-3.707106781186559","2.1406522838360234","1","-4.000000000000012","2.847759065022571","0","-4.000000000000037","8.847759065022567","0","-3.707106781186587","9.554865846209116","1","-3.0000000000000417","9.847759065022569","0","2.9999999999999583","9.847759065022576","0","3.7071067811865053","9.554865846209124","1","3.9999999999999623","8.847759065022577","0","3.999999999999988","2.8477590650225753","0","3.707106781186537","2.1406522838360287","1","2.999999999999992","1.8477590650225757","0","-7.870330858116223E-15","1.847759065022574","0"
"IsShading","True"
"Disp3D","True"
"LayerSize","8"
"DispLayerBit","00","00","00","00","00","00","00","00"
"ElementEnd"
"Element"
"Name","四角形-押出"
"PrimitiveId","Extrusion","LineColor","SeaGreen","LineThickness","1","LineType","0","Close","True","Reverse","False","DivideAngle","0.20943951023931953","FaceColors","1","SeaGreen"
"ExtrusionData","Vector","0","0","-10","Close","True","Loop","True","Cp","-10","4","0","U","0","1","0","V","-1","0","0","Size","12","Multi","False","-0","2","4","2","4","7","-3","7","-3","2","-0","2","0","-0","-5","-0","-5","8","6","8","6","-0","0","-0"
"IsShading","True"
"Disp3D","True"
"LayerSize","8"
"DispLayerBit","00","00","00","00","00","00","00","00"
"ElementEnd"
"Element"
"Name","ポリライン-押出"
"PrimitiveId","Extrusion","LineColor","SeaGreen","LineThickness","1","LineType","0","Close","False","Reverse","False","DivideAngle","0.20943951023931953","FaceColors","1","SeaGreen"
"ExtrusionData","Vector","0","0","-4","Close","False","Loop","True","Cp","4.000000000000001","27","0","U","0.8090169943749459","0.587785252292475","0","V","0.5877852522924717","-0.8090169943749486","0","Size","10","Multi","True","0","0","0","0.15181994790989956","0","2","1.1895997745795506","0.12503197457940673","2","2.178706012885329","0.46309825898871315","2","3.0759099739549516","0.9994237343772152","2","3.8419995394274062","1.7105684038952744","2","4.4434929191859585","2.5654518330342158","2","4.854101966249691","3.5267115137548495","0","3.0907462093722757","5.953762496879687","0","-1.7633557568774159","2.4270509831248375","0"
"IsShading","True"
"Disp3D","True"
"LayerSize","8"
"DispLayerBit","00","00","00","00","00","00","00","00"
"ElementEnd"
"Element"
"Name","ポリライン"
"PrimitiveId","Polyline","LineColor","SeaGreen","LineThickness","1","LineType","0","Close","True","Reverse","False","DivideAngle","0.20943951023931953","FaceColors","1","SeaGreen"
"PolylineData","Cp","0","0","0","U","0","0","-1","V","0","1","0","Size","4","Multi","False","26","20","30","20","30","15","26","15"
"IsShading","True"
"Disp3D","True"
"LayerSize","8"
"DispLayerBit","00","00","00","00","00","00","00","00"
"ElementEnd"
"Element"
"Name","円弧-押出"
"PrimitiveId","Extrusion","LineColor","SeaGreen","LineThickness","1","LineType","0","Close","True","Reverse","False","DivideAngle","0.20943951023931953","FaceColors","1","SeaGreen"
"ExtrusionData","Vector","0","0","-2","Close","True","Loop","False","Cp","-14","25","-15","U","0.18144079264513308","-0.9834018704295339","0","V","0.9834018704295335","0.18144079264513568","0","Size","11","Multi","False","-0","0","0.7478979597858543","-2.7755575615628914E-17","1.4794525547440998","0.15549672937822961","2.1626913386866353","0.4596942349047688","2.7677534982117464","0.8992976258865227","3.2681949135378097","1.4550941246864815","3.64214389343074","2.1027927572995866","3.873257073062922","2.8140859854777744","3.9514336974803506","3.5578868819860707","3.873257073062924","4.3016877784943635","3.85740957451428","4.372686974212273"
"IsShading","True"
"Disp3D","True"
"LayerSize","8"
"DispLayerBit","00","00","00","00","00","00","00","00"
"ElementEnd"
