﻿"DataManage"
"PrimitiveBrush","DodgerBlue"
"Face","XY"
"DataManageEnd"
"DataDraw"
"WorldSize","30"
"GridSize","1"
"World","-16","14.563104500118317","20","-15.563104500118317"
"DataDrawEnd"
"Element"
"Name","円"
"PrimitiveId","Arc","PrimitiveFace","XY","LineColor","Green","LineThickness","1","FaceColors","1","Green"
"ArcData","Cp","-0","-0","0","R","2.8284271247461903","U","1","0","0","V","0","1","0","Sa","0","Ea","6.283185307179586"
"IsShading","True"
"Disp3D","True"
"ElementEnd"
"Element"
"Name","ポリゴン"
"PrimitiveId","Polygon","PrimitiveFace","XY","LineColor","DodgerBlue","LineThickness","1","FaceColors","1","DodgerBlue"
"PolygonData","Cp","0","0","0","U","1","0","0","V","0","1","0","Size","8","-10","7","-10","2","-12","2","-12","-1","-10","-1","-10","-8","-16","-8","-16","7"
"IsShading","True"
"Disp3D","True"
"ElementEnd"
"Element"
"Name","四角形"
"PrimitiveId","Polygon","PrimitiveFace","FRONT","LineColor","DodgerBlue","LineThickness","1","FaceColors","1","DodgerBlue"
"PolygonData","Cp","0","0","0","U","1","0","0","V","0","1","0","Size","4","1","1","1","10","20","10","20","1"
"IsShading","True"
"Disp3D","True"
"ElementEnd"
"Element"
"Name","四角形"
"PrimitiveId","Polygon","PrimitiveFace","TOP","LineColor","DodgerBlue","LineThickness","1","FaceColors","1","DodgerBlue"
"PolygonData","Cp","0","0","0","U","1","0","0","V","0","0","-1","Size","4","1","1","1","10","20","10","20","1"
"IsShading","True"
"Disp3D","True"
"ElementEnd"
"Element"
"Name","四角形"
"PrimitiveId","Polygon","PrimitiveFace","RIGHT","LineColor","DodgerBlue","LineThickness","1","FaceColors","1","DodgerBlue"
"PolygonData","Cp","0","0","0","U","0","0","-1","V","0","1","0","Size","4","1","1","1","10","20","10","20","1"
"IsShading","True"
"Disp3D","True"
"ElementEnd"
"Element"
"Name","押出"
"PrimitiveId","Extrusion","PrimitiveFace","FRONT","LineColor","Firebrick","LineThickness","1","FaceColors","1","Firebrick"
"ExtrusionData","Vector","0","0","-1","SrcFace","FRONT","Close","True","Cp","0","0","0","U","1","0","0","V","0","1","0","Size","37","12","-6.000000000000001","11.956295201467611","-6.415823381635517","11.827090915285202","-6.8134732861515985","11.618033988749895","-7.175570504584946","11.338261212717716","-7.486289650954788","11","-7.732050807568877","10.618033988749895","-7.902113032590307","10.209056926535306","-7.989043790736549","9.79094307346469","-7.989043790736545","9.381966011250103","-7.9021130325903","8.999999999999998","-7.732050807568875","8.661738787282282","-7.486289650954788","8.381966011250103","-7.175570504584947","8.172909084714798","-6.813473286151591","8.043704798532389","-6.415823381635519","7.999999999999999","-6","8.043704798532389","-5.5841766183644665","8.1729090847148","-5.1865267138484015","8.381966011250105","-4.824429495415053","8.661738787282282","-4.513710349045212","9","-4.267949192431118","9.381966011250105","-4.097886967409693","9.790943073464693","-4.010956209263455","10.209056926535307","-4.010956209263455","10.618033988749895","-4.097886967409693","11","-4.267949192431123","11.338261212717716","-4.513710349045213","11.618033988749895","-4.824429495415052","11.827090915285202","-5.1865267138484","11.956295201467611","-5.584176618364482","12","-6","14","-6","14","-2","6","-2","6","-11","14","-11","14","-6"
"IsShading","True"
"Disp3D","True"
"ElementEnd"
