﻿"DataManage"
"PrimitiveBrush","HotPink"
"Face","FRONT"
"DataManageEnd"
"DataDraw"
"WorldSize","30"
"GridSize","1"
"World","-1.3704619160074007","4.3355748741298274","9.429538083992597","-4.702287825941163"
"DataDrawEnd"
"Element"
"Name","回転体"
"PrimitiveId","Revolution","PrimitiveFace","XY","LineColor","Green","LineThickness","1","FaceColors","1","Green"
"RevolutionData","CenterLineSp","1","3","0","CenterLineVector","0","-3","0","StartAngle","0","EndAngle","6.283185307179586","DivideNo","20","Close","True","OutLineSize","6","OutLine","1","0","0","2","1","0","2","2","0","3","2","0","3","3","0","2","3","0"
"IsShading","True"
"Disp3D","True"
"ElementEnd"
"Element"
"Name","回転体"
"PrimitiveId","Revolution","PrimitiveFace","XY","LineColor","HotPink","LineThickness","1","FaceColors","1","HotPink"
"RevolutionData","CenterLineSp","7","-2.0000000000000004","0","CenterLineVector","-5","6.123233995736766E-16","0","StartAngle","0","EndAngle","6.283185307179586","DivideNo","20","Close","True","OutLineSize","5","OutLine","7","-3","0","6","-4","0","5","-4","0","4","-3","0","2","-2.9999999999999996","0"
"IsShading","True"
"Disp3D","True"
"ElementEnd"
