﻿"DataManage"
"PrimitiveBrush","LightSlateGray"
"Face","NON"
"Area","-8.29848450049413","-18","-4.999878153526974","26","16","4.998903417374228"
"DataManageEnd"
"DataDraw"
"WorldSize","30"
"GridSize","1"
"World","-19.431600206934522","23.494189837780954","34.955851675093434","-25.895627842930597"
"DataDrawEnd"
"Element"
"Name","掃引"
"PrimitiveId","Sweep","PrimitiveFace","FRONT","LineColor","IndianRed","LineThickness","1","LineType","0","FaceColors","1","IndianRed"
"SweepData","StartAngle","0","EndAngle","6.283185307179586","DivideAngle","0.5235987755982988","Close","True","OutLine1Cp","17","-29","0","OutLine1U","6.123233995736766E-17","1","0","OutLine1V","-1","6.123233995736766E-17","0","OutLine1Size","7","OutLine1","11","22","15","19","15","12","11","8","11","1","15","-3","15","-9","OutLine2Cp","17","-29","0","OutLine2U","6.123233995736766E-17","1","0","OutLine2V","-1","6.123233995736766E-17","0","OutLine2Size","7","OutLine2","13.473863375370597","25.29848450049413","19.12310562561766","21.061552812808834","19.12310562561766","10.292153730772363","15.123105625617661","6.292153730772361","15.123105625617661","2.707846269227638","19.12310562561766","-1.2921537307723618","19.12310562561766","-9"
"IsShading","True"
"Disp3D","True"
"ElementEnd"
"Element"
"Name","回転体"
"PrimitiveId","Revolution","PrimitiveFace","XY","LineColor","LightSlateGray","LineThickness","1","LineType","0","FaceColors","1","LightYellow"
"RevolutionData","StartAngle","0","EndAngle","6.283185307179586","DivideAngle","0.1954768762233649","Close","True","CenterLineSp","2","17","0","CenterLineV","0","-10","0","OutLineCp","0","0","0","OutLineU","1","0","0","OutLineV","0","1","0","OutLineSize","6","OutLine","6","10","6","16","7","16","7","9","6","8","3","8"
"IsShading","True"
"Disp3D","True"
"ElementEnd"
