﻿"DataManage"
"AppName","Mini3DCad"
"PrimitiveBrush","Crimson"
"Face","FRONT"
"ArcDivideAngle","0.2617993877991494"
"RevolutionDivideAngle","0.17453292519943295"
"SweepDivideAngle","0.3490658503988659"
"SurfaceVertex","True"
"ZumenComment",""
"Area","0","10","-9.945218953682733","20","27","9.945218953682733"
"Layer"
"LayerSize","64"
"DispLayerBit","00","00","00","00","00","00","00","00"
"LayerAll","True"
"LayerList"
"LayerEnd"
"DataManageEnd"
"DataDraw"
"WorldSize","30"
"GridSize","1"
"World","-6.648727002557202","34.18523289078597","27.911272997442794","0.45922620433164846"
"DataDrawEnd"
"Element"
"Name","回転体"
"PrimitiveId","Revolution","PrimitiveFace","FRONT","LineColor","DarkSeaGreen","LineThickness","1","LineType","0","Reverse","False","DivideAngle","0.20943951023931953","FaceColors","1","Honeydew"
"RevolutionData","StartAngle","0","EndAngle","6.283185307179586","Close","True","CenterLineSp","10","32","0","CenterLineV","0","-30.000000000000004","0","OutLineCp","10","13","0","OutLineU","1","0","0","OutLineV","0","1","0","OutLineSize","10","OutLine","-0","-0","6","-0","7","1","7","13","8","14","9","14","10","13","10","-1","8","-3","0","-3"
"IsShading","True"
"Disp3D","True"
"LayerSize","8"
"DispLayerBit","00","00","00","00","00","00","00","00"
"ElementEnd"
