﻿"DataManage"
"PrimitiveBrush","Crimson"
"Face","FRONT"
"ArcDivideAngle","0.2617993877991494"
"RevolutionDivideAngle","0.17453292519943295"
"SweepDivideAngle","0.3490658503988659"
"Area","0","10","-10","20","27","10"
"Layer"
"LayerSize","64"
"DispLayerBit","00","00","00","00","00","00","00","00"
"LayerAll","True"
"LayerList"
"LayerEnd"
"DataManageEnd"
"DataDraw"
"WorldSize","30"
"GridSize","1"
"World","0","28.32209527184264","20","8.677904728157356"
"DataDrawEnd"
"Element"
"Name","回転体"
"PrimitiveId","Revolution","PrimitiveFace","FRONT","LineColor","DarkSeaGreen","LineThickness","1","LineType","0","FaceColors","1","Honeydew"
"RevolutionData","StartAngle","0","EndAngle","6.283185307179586","DivideAngle","0.17453292519943295","Close","True","CenterLineSp","10","32","0","CenterLineV","0","-30.000000000000004","0","OutLineCp","10","13","0","OutLineU","1","0","0","OutLineV","0","1","0","OutLineSize","10","OutLine","-0","-0","6","-0","7","1","7","13","8","14","9","14","10","13","10","-1","8","-3","0","-3"
"IsShading","True"
"Disp3D","True"
"LayerSize","8"
"DispLayerBit","00","00","00","00","00","00","00","00"
"ElementEnd"
