﻿"DataManage"
"AppName","Mini3DCad"
"PrimitiveBrush","Crimson"
"Face","FRONT"
"ArcDivideAngle","0.2617993877991494"
"RevolutionDivideAngle","0.17453292519943295"
"SweepDivideAngle","0.3490658503988659"
"SurfaceVertex","True"
"ZumenComment",""
"Area","0","-5","-9.945218953682733","26","27","9.945218953682733"
"Layer"
"LayerSize","64"
"DispLayerBit","00","00","00","00","00","00","00","00"
"LayerAll","True"
"LayerList"
"LayerEnd"
"DataManageEnd"
"DataDraw"
"WorldSize","30"
"GridSize","1"
"World","-4.368646410959446","25.79997844259871","29.86181351700703","-5.200021557401286"
"DataDrawEnd"
"Element"
"Name","回転体"
"PrimitiveId","Revolution","LineColor","DarkSeaGreen","LineThickness","1","LineType","0","Close","True","Reverse","False","DivideAngle","0.20943951023931953","FaceColors","1","Honeydew"
"RevolutionData","StartAngle","0","EndAngle","4.886921905584122","Close","True","CenterLineSp","10","32","0","CenterLineV","0","-30.000000000000004","0","OutLineCp","10","13","0","OutLineU","1","0","0","OutLineV","0","1","0","OutLineSize","10","OutLine","-0","-0","6","-0","7","1","7","13","8","14","9","14","10","13","10","-1","8","-3","0","-3"
"IsShading","True"
"Disp3D","True"
"LayerSize","8"
"DispLayerBit","00","00","00","00","00","00","00","00"
"ElementEnd"
"Element"
"Name","ポリライン"
"PrimitiveId","Polyline","LineColor","Crimson","LineThickness","1","LineType","0","Close","True","Reverse","False","DivideAngle","0.20943951023931953","FaceColors","1","Crimson"
"PolylineData","Cp","7","8","0","U","0","-1","0","V","6.123233995736766E-17","-1","0","Size","2","Multi","False","-0","0","13","-0"
"IsShading","True"
"Disp3D","True"
"LayerSize","8"
"DispLayerBit","00","00","00","00","00","00","00","00"
"ElementEnd"
"Element"
"Name","ポリライン"
"PrimitiveId","Polyline","LineColor","Crimson","LineThickness","1","LineType","0","Close","True","Reverse","False","DivideAngle","0.20943951023931953","FaceColors","1","Crimson"
"PolylineData","Cp","16","3","0","U","0","1","0","V","1","0","0","Size","9","Multi","False","0","0","2","0","2","10","-7","10","-7","0","-5","0","-5","8","0","8","0","0"
"IsShading","True"
"Disp3D","True"
"LayerSize","8"
"DispLayerBit","00","00","00","00","00","00","00","00"
"ElementEnd"
