﻿"DataManage"
"AppName","Mini3DCad"
"PrimitiveBrush","Green"
"Face","FRONT"
"ArcDivideAngle","0.2617993877991494"
"RevolutionDivideAngle","0.17453292519943295"
"SweepDivideAngle","0.3490658503988659"
"SurfaceVertex","True"
"WireFrame","False"
"ZumenComment",""
"Area","10","10","-10.000000000000002","40","60","10"
"Layer"
"LayerSize","64"
"DispLayerBit","FF","FF","FF","FF","FF","FF","FF","FF"
"LayerAll","True"
"LayerList","0","BaseLayer","1","正面"
"LayerEnd"
"DataManageEnd"
"DataDraw"
"WorldSize","30"
"GridSize","1"
"World","-1.6904884211199303","60","51.69048842111992","10"
"DataDrawEnd"
"Element"
"Name","ポリゴン"
"PrimitiveId","Polygon","LineColor","Green","LineThickness","1","LineType","0","Close","True","Reverse","False","DivideAngle","0.20943951023931953","FaceColors","1","Green"
"PolygonData","Cp","40","50","0","U","0","1","0","V","-1","0","0","Size","17","Multi","False","0","-0","10","-0","10","30","-0","30","-0","25","1.2940952255126064","24.829629131445344","2.5","24.330127018922195","3.5355339059327378","23.535533905932738","4.330127018922191","22.5","4.829629131445344","21.294095225512603","5","20","4.829629131445344","18.705904774487394","4.330127018922191","17.5","3.5355339059327378","16.464466094067262","2.5","15.669872981077805","1.2940952255126064","15.17037086855466","-0","15"
"IsShading","True"
"Disp3D","True"
"LayerSize","8"
"DispLayerBit","02","00","00","00","00","00","00","00"
"ElementEnd"
"Element"
"Name","分割ポリライン"
"PrimitiveId","Polyline","LineColor","Green","LineThickness","1","LineType","0","Close","True","Reverse","False","DivideAngle","0.20943951023931953","FaceColors","1","Green"
"PolylineData","Cp","0","-1","0","U","1","0","0","V","0","1","0","Size","4","Multi","False","40","50","40","40","10","40","10","50"
"IsShading","True"
"Disp3D","True"
"LayerSize","8"
"DispLayerBit","02","00","00","00","00","00","00","00"
"ElementEnd"
"Element"
"Name","分割円弧"
"PrimitiveId","Arc","LineColor","Green","LineThickness","1","LineType","0","Close","True","Reverse","False","DivideAngle","0.20943951023931953","FaceColors","1","Green"
"ArcData","Cp","20","49","0","R","5","U","1","0","0","V","0","1","0","Sa","3.141592653589793","Ea","6.283185307179586"
"IsShading","True"
"Disp3D","True"
"LayerSize","8"
"DispLayerBit","02","00","00","00","00","00","00","00"
"ElementEnd"
"Element"
"Name","押出"
"PrimitiveId","Extrusion","LineColor","Green","LineThickness","1","LineType","0","Close","True","Reverse","False","DivideAngle","0.20943951023931953","FaceColors","1","LightGray"
"ExtrusionData","Vector","0","7.347880794884118E-15","-20","Close","True","Loop","True","Cp","0","0","9.999999999999996","U","1","0","-0","V","0","1","1.2246467991473532E-16","Size","6","Multi","False","10","26","25","26","25","20","30","20","30","10","10","10"
"IsShading","True"
"Disp3D","True"
"LayerSize","8"
"DispLayerBit","00","00","00","00","00","00","00","00"
"ElementEnd"
