﻿"DataManage"
"AppName","Mini3DCad"
"PrimitiveBrush","Goldenrod"
"Face","FRONT"
"ArcDivideAngle","0.2617993877991494"
"RevolutionDivideAngle","0.17453292519943295"
"SweepDivideAngle","0.3490658503988659"
"SurfaceVertex","False"
"ZumenComment","6Pスライドスイッチ"
"Area","-13","-13","-8","13","6.9","1"
"Layer"
"LayerSize","64"
"DispLayerBit","BF","01","00","00","00","00","00","00"
"LayerAll","False"
"LayerList","0","中心線","1","ツマミ","2","カバー","3","端子","4","上板","5","右側板","6","左側板","7","底板","8","接点"
"LayerEnd"
"DataManageEnd"
"DataDraw"
"WorldSize","30"
"GridSize","1"
"World","-13","9.636287237381543","13","-15.736287237381543"
"DataDrawEnd"
"Element"
"Name","線分"
"PrimitiveId","Line","PrimitiveFace","FRONT","LineColor","Black","LineThickness","1","LineType","2","Reverse","False","DivideAngle","0.20943951023931953","FaceColors","1","Black"
"LineData","Sp","4","-6","-2.3000000000000003","V","0","-7","0"
"IsShading","True"
"Disp3D","False"
"LayerSize","8"
"DispLayerBit","01","00","00","00","00","00","00","00"
"ElementEnd"
"Element"
"Name","線分"
"PrimitiveId","Line","PrimitiveFace","FRONT","LineColor","Black","LineThickness","1","LineType","2","Reverse","False","DivideAngle","0.20943951023931953","FaceColors","1","Black"
"LineData","Sp","-4","-6","-4.9","V","0","-7","0"
"IsShading","True"
"Disp3D","False"
"LayerSize","8"
"DispLayerBit","01","00","00","00","00","00","00","00"
"ElementEnd"
"Element"
"Name","線分"
"PrimitiveId","Line","PrimitiveFace","FRONT","LineColor","Black","LineThickness","1","LineType","2","Reverse","False","DivideAngle","0.20943951023931953","FaceColors","1","Black"
"LineData","Sp","0","-6","-4.9","V","0","-7","0"
"IsShading","True"
"Disp3D","False"
"LayerSize","8"
"DispLayerBit","01","00","00","00","00","00","00","00"
"ElementEnd"
"Element"
"Name","中心線"
"PrimitiveId","Line","PrimitiveFace","TOP","LineColor","DarkSlateGray","LineThickness","1","LineType","2","Reverse","False","DivideAngle","0.20943951023931953","FaceColors","1","DarkSlateGray"
"LineData","Sp","-9.6","0","-8","V","0","0","9"
"IsShading","True"
"Disp3D","False"
"LayerSize","8"
"DispLayerBit","01","00","00","00","00","00","00","00"
"ElementEnd"
"Element"
"Name","中心線"
"PrimitiveId","Line","PrimitiveFace","TOP","LineColor","DarkSlateGray","LineThickness","1","LineType","2","Reverse","False","DivideAngle","0.20943951023931953","FaceColors","1","DarkSlateGray"
"LineData","Sp","9.599999999999998","0","-8","V","0","0","9"
"IsShading","True"
"Disp3D","False"
"LayerSize","8"
"DispLayerBit","01","00","00","00","00","00","00","00"
"ElementEnd"
"Element"
"Name","中心線"
"PrimitiveId","Line","PrimitiveFace","TOP","LineColor","DarkSlateGray","LineThickness","1","LineType","2","Reverse","False","DivideAngle","0.20943951023931953","FaceColors","1","DarkSlateGray"
"LineData","Sp","-13","0","-3.6","V","26","0","0"
"IsShading","True"
"Disp3D","False"
"LayerSize","8"
"DispLayerBit","01","00","00","00","00","00","00","00"
"ElementEnd"
"Element"
"Name","つまみ"
"PrimitiveId","Extrusion","PrimitiveFace","FRONT","LineColor","Black","LineThickness","1","LineType","0","Reverse","False","DivideAngle","0.20943951023931953","FaceColors","1","Black"
"ExtrusionData","Vector","0","0","-3.6000000000000005","SrcFace","XY","Close","True","Cp","0","0","-1.8","U","1","0","0","V","0","1","0","Size","4","Multi","False","-1.5000000000000009","0","-1.5000000000000009","6.9","3.8999999999999995","6.9","3.8999999999999995","0"
"IsShading","True"
"Disp3D","True"
"LayerSize","8"
"DispLayerBit","02","00","00","00","00","00","00","00"
"ElementEnd"
"Element"
"Name","押出"
"PrimitiveId","Extrusion","PrimitiveFace","TOP","LineColor","DarkSlateGray","LineThickness","1","LineType","0","Reverse","False","DivideAngle","0.20943951023931953","FaceColors","1","DarkSlateGray"
"ExtrusionData","Vector","0","0.4","0","SrcFace","XY","Close","True","Cp","-4","0","-1.8","U","1","0","0","V","0","0","-1","Size","40","Multi","False","-0","1.8","0","3.6","8","3.6","8","1.8","12.700000000000001","1.8000000000000005","12.719667159339576","1.987120521735984","12.77780908812166","2.1660629787682204","12.871884705062548","2.329006727063226","12.99778245427703","2.468830342929655","13.15","2.5794228634059957","13.321884705062548","2.6559508646656385","13.505924383059114","2.695069705831447","13.69407561694089","2.695069705831447","13.878115294937455","2.6559508646656385","14.050000000000002","2.5794228634059957","14.202217545722974","2.468830342929655","14.328115294937454","2.329006727063226","14.422190911878342","2.1660629787682204","14.480332840660427","1.9871205217359835","14.500000000000002","1.8","15.6","1.8","15.6","5.4","-7.6","5.4","-7.6","1.8","-6.500000000000002","1.8000000000000005","-6.480332840660427","1.987120521735984","-6.422190911878342","2.1660629787682204","-6.328115294937454","2.329006727063226","-6.202217545722974","2.468830342929655","-6.0500000000000025","2.5794228634059957","-5.878115294937455","2.6559508646656385","-5.694075616940889","2.695069705831447","-5.505924383059114","2.695069705831447","-5.321884705062548","2.6559508646656385","-5.15","2.5794228634059957","-4.997782454277029","2.468830342929655","-4.8718847050625484","2.329006727063226","-4.777809088121661","2.1660629787682204","-4.719667159339576","1.9871205217359835","-4.700000000000001","1.8"
"IsShading","True"
"Disp3D","True"
"LayerSize","8"
"DispLayerBit","14","00","00","00","00","00","00","00"
"ElementEnd"
"Element"
"Name","押出"
"PrimitiveId","Extrusion","PrimitiveFace","TOP","LineColor","DarkSlateGray","LineThickness","1","LineType","0","Reverse","False","DivideAngle","0.20943951023931953","FaceColors","1","DarkSlateGray"
"ExtrusionData","Vector","0","0.4","0","SrcFace","XY","Close","True","Cp","-4","0","-1.8","U","1","0","0","V","0","0","-1","Size","40","Multi","False","-4.700000000000001","1.8","-4.719667159339576","1.6128794782640183","-4.777809088121659","1.4339370212317812","-4.8718847050625484","1.270993272936775","-4.9977824542770275","1.1311696570703458","-5.15","1.0205771365940055","-5.321884705062548","0.9440491353343619","-5.505924383059114","0.9049302941685535","-5.694075616940889","0.9049302941685535","-5.878115294937455","0.9440491353343614","-6.0500000000000025","1.020577136594005","-6.202217545722974","1.1311696570703453","-6.328115294937454","1.270993272936774","-6.422190911878342","1.43393702123178","-6.480332840660427","1.6128794782640166","-6.500000000000002","1.7999999999999996","-7.6","1.8","-7.6","-1.8","15.6","-1.8","15.6","1.8","14.500000000000002","1.8","14.480332840660427","1.6128794782640183","14.422190911878344","1.4339370212317812","14.328115294937454","1.270993272936775","14.202217545722975","1.1311696570703458","14.050000000000002","1.0205771365940055","13.878115294937455","0.9440491353343619","13.69407561694089","0.9049302941685535","13.505924383059114","0.9049302941685535","13.321884705062548","0.9440491353343614","13.15","1.020577136594005","12.997782454277027","1.1311696570703453","12.871884705062548","1.2709932729367746","12.77780908812166","1.43393702123178","12.719667159339576","1.612879478264017","12.700000000000001","1.8","8","1.8","8","0","0","0","-0","1.8"
"IsShading","True"
"Disp3D","True"
"LayerSize","8"
"DispLayerBit","14","00","00","00","00","00","00","00"
"ElementEnd"
"Element"
"Name","底板"
"PrimitiveId","Extrusion","PrimitiveFace","FRONT","LineColor","Chocolate","LineThickness","1","LineType","0","Reverse","False","DivideAngle","0.20943951023931953","FaceColors","1","Chocolate"
"ExtrusionData","Vector","0","0","-7.2","SrcFace","XY","Close","True","Cp","-7.8","-7","0","U","1","0","0","V","0","1","0","Size","4","Multi","False","15.6","1","15.6","0","0","0","-0","1"
"IsShading","True"
"Disp3D","True"
"LayerSize","8"
"DispLayerBit","80","00","00","00","00","00","00","00"
"ElementEnd"
"Element"
"Name","端子"
"PrimitiveId","Extrusion","PrimitiveFace","FRONT","LineColor","Goldenrod","LineThickness","1","LineType","0","Reverse","False","DivideAngle","0.20943951023931953","FaceColors","1","Gold"
"ExtrusionData","Vector","0","0","-0.19999999999999996","SrcFace","XY","Close","True","Cp","-4.8","-5","-2.2","U","0","-1","0","V","1","0","0","Size","4","Multi","False","-1.7763568394002505E-15","1.6","6.1999999999999975","1.6","6.199999999999999","-0","-0","0"
"IsShading","True"
"Disp3D","True"
"LayerSize","8"
"DispLayerBit","08","00","00","00","00","00","00","00"
"ElementEnd"
"Element"
"Name","端子"
"PrimitiveId","Extrusion","PrimitiveFace","FRONT","LineColor","Goldenrod","LineThickness","1","LineType","0","Reverse","False","DivideAngle","0.20943951023931953","FaceColors","1","Gold"
"ExtrusionData","Vector","0","0","-0.19999999999999996","SrcFace","XY","Close","True","Cp","-4.8","-4.999999999999998","-4.800000000000001","U","0","-1","0","V","1","0","0","Size","4","Multi","False","-1.7763568394002505E-15","1.6","6.1999999999999975","1.6","6.199999999999999","-0","-0","0"
"IsShading","True"
"Disp3D","True"
"LayerSize","8"
"DispLayerBit","08","00","00","00","00","00","00","00"
"ElementEnd"
"Element"
"Name","端子"
"PrimitiveId","Extrusion","PrimitiveFace","FRONT","LineColor","Goldenrod","LineThickness","1","LineType","0","Reverse","False","DivideAngle","0.20943951023931953","FaceColors","1","Gold"
"ExtrusionData","Vector","0","0","-0.19999999999999996","SrcFace","XY","Close","True","Cp","-0.7999999999999998","-5","-2.2","U","0","-1","0","V","1","0","0","Size","4","Multi","False","-1.7763568394002505E-15","1.6","6.1999999999999975","1.6","6.199999999999999","-0","-0","0"
"IsShading","True"
"Disp3D","True"
"LayerSize","8"
"DispLayerBit","08","00","00","00","00","00","00","00"
"ElementEnd"
"Element"
"Name","端子"
"PrimitiveId","Extrusion","PrimitiveFace","FRONT","LineColor","Goldenrod","LineThickness","1","LineType","0","Reverse","False","DivideAngle","0.20943951023931953","FaceColors","1","Gold"
"ExtrusionData","Vector","0","0","-0.19999999999999996","SrcFace","XY","Close","True","Cp","-0.7999999999999998","-4.999999999999998","-4.800000000000001","U","0","-1","0","V","1","0","0","Size","4","Multi","False","-1.7763568394002505E-15","1.6","6.1999999999999975","1.6","6.199999999999999","-0","-0","0"
"IsShading","True"
"Disp3D","True"
"LayerSize","8"
"DispLayerBit","08","00","00","00","00","00","00","00"
"ElementEnd"
"Element"
"Name","端子"
"PrimitiveId","Extrusion","PrimitiveFace","FRONT","LineColor","Goldenrod","LineThickness","1","LineType","0","Reverse","False","DivideAngle","0.20943951023931953","FaceColors","1","Gold"
"ExtrusionData","Vector","0","0","-0.19999999999999996","SrcFace","XY","Close","True","Cp","3.2","-5","-2.2","U","0","-1","0","V","1","0","0","Size","4","Multi","False","-1.7763568394002505E-15","1.6","6.1999999999999975","1.6","6.199999999999999","-0","-0","0"
"IsShading","True"
"Disp3D","True"
"LayerSize","8"
"DispLayerBit","08","00","00","00","00","00","00","00"
"ElementEnd"
"Element"
"Name","端子"
"PrimitiveId","Extrusion","PrimitiveFace","FRONT","LineColor","Goldenrod","LineThickness","1","LineType","0","Reverse","False","DivideAngle","0.20943951023931953","FaceColors","1","Gold"
"ExtrusionData","Vector","0","0","-0.19999999999999996","SrcFace","XY","Close","True","Cp","3.2","-4.999999999999998","-4.800000000000001","U","0","-1","0","V","1","0","0","Size","4","Multi","False","-1.7763568394002505E-15","1.6","6.1999999999999975","1.6","6.199999999999999","-0","-0","0"
"IsShading","True"
"Disp3D","True"
"LayerSize","8"
"DispLayerBit","08","00","00","00","00","00","00","00"
"ElementEnd"
"Element"
"Name","カバー右側板"
"PrimitiveId","Extrusion","PrimitiveFace","FRONT","LineColor","DarkSlateGray","LineThickness","1","LineType","0","Reverse","False","DivideAngle","0.20943951023931953","FaceColors","1","DarkSlateGray"
"ExtrusionData","Vector","0","0","-0.3999999999999999","SrcFace","XY","Close","True","Cp","0","0","-6.800000000000001","U","1","0","0","V","0","1","0","Size","4","Multi","False","-7.8","-6","-7.8","0","7.8","0","7.8","-6"
"IsShading","True"
"Disp3D","True"
"LayerSize","8"
"DispLayerBit","24","00","00","00","00","00","00","00"
"ElementEnd"
"Element"
"Name","カバー左側板"
"PrimitiveId","Extrusion","PrimitiveFace","FRONT","LineColor","DarkSlateGray","LineThickness","1","LineType","0","Reverse","False","DivideAngle","0.20943951023931953","FaceColors","1","DarkSlateGray"
"ExtrusionData","Vector","0","0","-0.3999999999999999","SrcFace","XY","Close","True","Cp","0","0","0","U","1","0","0","V","0","1","0","Size","4","Multi","False","-7.8","-6","-7.8","0","7.8","0","7.8","-6"
"IsShading","True"
"Disp3D","True"
"LayerSize","8"
"DispLayerBit","44","00","00","00","00","00","00","00"
"ElementEnd"
"Element"
"Name","つまみ-押出"
"PrimitiveId","Extrusion","PrimitiveFace","RIGHT","LineColor","Black","LineThickness","1","LineType","0","Reverse","False","DivideAngle","0.20943951023931953","FaceColors","1","Black"
"ExtrusionData","Vector","10.4","0","0","SrcFace","RIGHT","Close","True","Cp","-4","-6","-1.8116105793794701","U","0","0","1","V","0","1","0","Size","13","Multi","False","0","0","1.4116105793794702","0","1.4116105793794702","6","-4.98838942062053","6","-4.98838942062053","0","-3.550000000000001","0","-3.550000000000001","1.5079996090307484","-2.550000000000001","1.5079996090307484","-2.550000000000001","0","-1","0","-1","1.5079996090307466","0","1.5079996090307466","0","0.00799960903074659"
"IsShading","True"
"Disp3D","True"
"LayerSize","8"
"DispLayerBit","02","00","00","00","00","00","00","00"
"ElementEnd"
"Element"
"Name","接点-押出"
"PrimitiveId","Extrusion","PrimitiveFace","FRONT","LineColor","Goldenrod","LineThickness","1","LineType","0","Reverse","False","DivideAngle","0.20943951023931953","FaceColors","1","Gold"
"ExtrusionData","Vector","0","0","-1","SrcFace","XY","Close","True","Cp","4","1.7763568394002505E-15","-4.361610579379471","U","1","0","0","V","0","1","0","Size","4","Multi","False","2.220446049250313E-16","-4.492000390969253","2.220446049250313E-16","-4.999999999999999","-4","-4.999999999999999","-4","-4.492000390969253"
"IsShading","True"
"Disp3D","True"
"LayerSize","8"
"DispLayerBit","00","01","00","00","00","00","00","00"
"ElementEnd"
"Element"
"Name","接点-押出"
"PrimitiveId","Extrusion","PrimitiveFace","FRONT","LineColor","Goldenrod","LineThickness","1","LineType","0","Reverse","False","DivideAngle","0.20943951023931953","FaceColors","1","Gold"
"ExtrusionData","Vector","0","0","-1","SrcFace","XY","Close","True","Cp","4","0","-1.8116105793794701","U","1","0","0","V","0","1","0","Size","4","Multi","False","2.220446049250313E-16","-4.492000390969253","2.220446049250313E-16","-4.999999999999999","-4","-4.999999999999999","-4","-4.492000390969253"
"IsShading","True"
"Disp3D","True"
"LayerSize","8"
"DispLayerBit","00","01","00","00","00","00","00","00"
"ElementEnd"
