﻿"DataManage"
"AppName","Mini3DCad"
"PrimitiveBrush","Black"
"Face","FRONT"
"ArcDivideAngle","0.2617993877991494"
"RevolutionDivideAngle","0.17453292519943295"
"SweepDivideAngle","0.3490658503988659"
"SurfaceVertex","False"
"WireFrame","False"
"ZumenComment",""
"Area","-1","-15","0","11","17","4.4"
"Layer"
"LayerSize","64"
"DispLayerBit","01","00","00","00","00","00","00","00"
"LayerAll","False"
"LayerList","0","LM317","1","中心線"
"LayerEnd"
"DataManageEnd"
"DataDraw"
"WorldSize","30"
"GridSize","1"
"World","-12.020125417292117","17","22.020125417292117","-15"
"DataDrawEnd"
"Element"
"Name","LM317端子"
"PrimitiveId","Extrusion","LineColor","Silver","LineThickness","1","LineType","0","Close","True","Reverse","False","DivideAngle","0.20943951023931953","FaceColors","1","Silver"
"ExtrusionData","Vector","0","0","-0.5","Close","True","Cp","6.999999999999999","-3.5","0.9","U","0","-1","0","V","1","0","0","Size","8","Multi","False","-0","0","9.5","0","9.5","0.7999999999999989","0","0.7999999999999989","0","0.9999999999999982","-3.5","0.9999999999999982","-3.5","-0.20000000000000107","0","-0.20000000000000107"
"IsShading","True"
"Disp3D","True"
"LayerSize","8"
"DispLayerBit","01","00","00","00","00","00","00","00"
"ElementEnd"
"Element"
"Name","LM317端子"
"PrimitiveId","Extrusion","LineColor","Silver","LineThickness","1","LineType","0","Close","True","Reverse","False","DivideAngle","0.20943951023931953","FaceColors","1","Silver"
"ExtrusionData","Vector","0","0","-0.5","Close","True","Cp","4.6","-3.5","0.9","U","0","-1","0","V","1","0","0","Size","8","Multi","False","-0","0","9.5","0","9.5","0.7999999999999989","0","0.7999999999999989","0","0.9999999999999982","-3.5","0.9999999999999982","-3.5","-0.20000000000000107","0","-0.20000000000000107"
"IsShading","True"
"Disp3D","True"
"LayerSize","8"
"DispLayerBit","01","00","00","00","00","00","00","00"
"ElementEnd"
"Element"
"Name","LM317端子"
"PrimitiveId","Extrusion","LineColor","Silver","LineThickness","1","LineType","0","Close","True","Reverse","False","DivideAngle","0.20943951023931953","FaceColors","1","Silver"
"ExtrusionData","Vector","0","0","-0.5","Close","True","Cp","2.200000000000001","-3.5","0.9","U","0","-1","0","V","1","0","0","Size","8","Multi","False","-0","0","9.5","0","9.5","0.7999999999999989","0","0.7999999999999989","0","0.9999999999999982","-3.5","0.9999999999999982","-3.5","-0.20000000000000107","0","-0.20000000000000107"
"IsShading","True"
"Disp3D","True"
"LayerSize","8"
"DispLayerBit","01","00","00","00","00","00","00","00"
"ElementEnd"
"Element"
"Name","LM317本体"
"PrimitiveId","Extrusion","LineColor","Black","LineThickness","1","LineType","0","Close","True","Reverse","False","DivideAngle","0.20943951023931953","FaceColors","1","Black"
"ExtrusionData","Vector","0","0","4.4","Close","True","Cp","0","0","0","U","1","0","0","V","0","1","0","Size","4","Multi","False","0","0","0","9","10","9","10","0"
"IsShading","True"
"Disp3D","True"
"LayerSize","8"
"DispLayerBit","01","00","00","00","00","00","00","00"
"ElementEnd"
"Element"
"Name","LM317放熱板"
"PrimitiveId","Extrusion","LineColor","Silver","LineThickness","1","LineType","0","Close","True","Reverse","False","DivideAngle","0.20943951023931953","FaceColors","1","Silver"
"ExtrusionData","Vector","0","0","1.2999999999999998","Close","True","Cp","0","12.2","0","U","0","-1","0","V","1","0","0","Size","7","Multi","True","-1.7763568394002505E-15","3.0999999999999996","0","1.8999999999999986","5","1","-1.7763568394002505E-15","6.9","0","-0","10","0","12.2","10","0","12.2","-0","0","-0","0","0"
"IsShading","True"
"Disp3D","True"
"LayerSize","8"
"DispLayerBit","01","00","00","00","00","00","00","00"
"ElementEnd"
"Element"
"Name","LM317放熱板"
"PrimitiveId","Extrusion","LineColor","Silver","LineThickness","1","LineType","0","Close","True","Reverse","False","DivideAngle","0.20943951023931953","FaceColors","1","Silver"
"ExtrusionData","Vector","0","0","1.2999999999999998","Close","True","Cp","0","12.2","0","U","0","1","0","V","1","0","0","Size","8","Multi","True","-0","0","0","2.8000000000000007","0","0","2.8000000000000007","10","0","0","10","0","0","6.841807614045779","0","1.7763568394002505E-15","6.900000000000002","0","1.9000000000000021","5.000000000000001","1","1.7763568394002505E-15","3.0999999999999996","0"
"IsShading","True"
"Disp3D","True"
"LayerSize","8"
"DispLayerBit","01","00","00","00","00","00","00","00"
"ElementEnd"
"Element"
"Name","線分"
"PrimitiveId","Line","LineColor","Black","LineThickness","1","LineType","2","Close","True","Reverse","False","DivideAngle","0.20943951023931953","FaceColors","1","Black"
"LineData","Sp","-1","0","0.65","V","12","0","0"
"IsShading","True"
"Disp3D","True"
"LayerSize","8"
"DispLayerBit","02","00","00","00","00","00","00","00"
"ElementEnd"
"Element"
"Name","中心線"
"PrimitiveId","Line","LineColor","Black","LineThickness","1","LineType","2","Close","True","Reverse","False","DivideAngle","0.20943951023931953","FaceColors","1","Black"
"LineData","Sp","5","17","0","V","0","-32","0"
"IsShading","True"
"Disp3D","True"
"LayerSize","8"
"DispLayerBit","02","00","00","00","00","00","00","00"
"ElementEnd"
"Element"
"Name","中心線"
"PrimitiveId","Line","LineColor","Black","LineThickness","1","LineType","2","Close","True","Reverse","False","DivideAngle","0.20943951023931953","FaceColors","1","Black"
"LineData","Sp","2.6000000000000005","2","0","V","0","-15","0"
"IsShading","True"
"Disp3D","True"
"LayerSize","8"
"DispLayerBit","02","00","00","00","00","00","00","00"
"ElementEnd"
"Element"
"Name","中心線"
"PrimitiveId","Line","LineColor","Black","LineThickness","1","LineType","2","Close","True","Reverse","False","DivideAngle","0.20943951023931953","FaceColors","1","Black"
"LineData","Sp","7.3999999999999995","2","0","V","0","-15","0"
"IsShading","True"
"Disp3D","True"
"LayerSize","8"
"DispLayerBit","02","00","00","00","00","00","00","00"
"ElementEnd"
"Element"
"Name","中心線"
"PrimitiveId","Line","LineColor","Black","LineThickness","1","LineType","2","Close","True","Reverse","False","DivideAngle","0.20943951023931953","FaceColors","1","Black"
"LineData","Sp","1","12.2","0","V","7","0","0"
"IsShading","True"
"Disp3D","True"
"LayerSize","8"
"DispLayerBit","02","00","00","00","00","00","00","00"
"ElementEnd"
