﻿"DataManage"
"AppName","Mini3DCad"
"PrimitiveBrush","Silver"
"Face","FRONT"
"ArcDivideAngle","0.2617993877991494"
"RevolutionDivideAngle","0.17453292519943295"
"SweepDivideAngle","0.3490658503988659"
"Area","-4.653657836759941E-16","-3.1999999999999993","-9","10.000000000000002","11","1.0000000000000027"
"Layer"
"LayerSize","64"
"DispLayerBit","9E","FF","FF","FF","FF","FF","FF","FF"
"LayerAll","False"
"LayerList","0","ケース","1","圧着部","2","底板","3","側板右","4","側板中央","5","側板左","6","中心線","7","背板","8","前板","9","天板","10","ねじ","11","ねじ穴部"
"LayerEnd"
"DataManageEnd"
"DataDraw"
"WorldSize","30"
"GridSize","1"
"World","-3.1242385426861055","11","13.124238542686108","-3.1999999999999993"
"DataDrawEnd"
"Element"
"Name","線分"
"PrimitiveId","Line","PrimitiveFace","TOP","LineColor","Coral","LineThickness","1","LineType","2","Reverse","False","FaceColors","1","Blue"
"LineData","Sp","7.499999999999997","0","1.0000000000000027","V","3.0010036385476035E-15","0","-10"
"IsShading","True"
"Disp3D","True"
"LayerSize","8"
"DispLayerBit","40","00","00","00","00","00","00","00"
"ElementEnd"
"Element"
"Name","線分"
"PrimitiveId","Line","PrimitiveFace","TOP","LineColor","Coral","LineThickness","1","LineType","2","Reverse","False","FaceColors","1","Blue"
"LineData","Sp","2.5000000000000004","0","1","V","4.777360477947854E-15","0","-10"
"IsShading","True"
"Disp3D","True"
"LayerSize","8"
"DispLayerBit","40","00","00","00","00","00","00","00"
"ElementEnd"
"Element"
"Name","線分"
"PrimitiveId","Line","PrimitiveFace","TOP","LineColor","Blue","LineThickness","1","LineType","2","Reverse","False","FaceColors","1","Blue"
"LineData","Sp","9.7","0","-3.2999999999999994","V","-4.4","0","-5.388445916248355E-16"
"IsShading","True"
"Disp3D","True"
"LayerSize","8"
"DispLayerBit","40","00","00","00","00","00","00","00"
"ElementEnd"
"Element"
"Name","線分"
"PrimitiveId","Line","PrimitiveFace","TOP","LineColor","Blue","LineThickness","1","LineType","2","Reverse","False","FaceColors","1","Blue"
"LineData","Sp","7.499999999999999","0","-1","V","5.633375276077823E-16","0","-4.599999999999999"
"IsShading","True"
"Disp3D","True"
"LayerSize","8"
"DispLayerBit","40","00","00","00","00","00","00","00"
"ElementEnd"
"Element"
"Name","圧着部-押出"
"PrimitiveId","Extrusion","PrimitiveFace","RIGHT","LineColor","Silver","LineThickness","1","LineType","0","Reverse","False","FaceColors","1","Silver"
"ExtrusionData","Vector","4.399999999999999","0","5.388445916248352E-16","SrcFace","XY","Close","True","Cp","0.3","6.800000000000001","-1.3999999999999995","U","-1.2246467991473532E-16","0","1","V","0","-1","0","Size","7","-0","-0","0.5","0","0.5","3.8000000000000007","-4.2","3.8000000000000007","-4.2","3.3000000000000007","0","3.3000000000000007","0","0.5000000000000018"
"IsShading","True"
"Disp3D","True"
"LayerSize","8"
"DispLayerBit","02","00","00","00","00","00","00","00"
"ElementEnd"
"Element"
"Name","圧着部-押出"
"PrimitiveId","Extrusion","PrimitiveFace","RIGHT","LineColor","Silver","LineThickness","1","LineType","0","Reverse","False","FaceColors","1","Silver"
"ExtrusionData","Vector","4.399999999999999","0","5.388445916248352E-16","SrcFace","XY","Close","True","Cp","0.30000000000000054","6.300000000000001","-5.8999999999999995","U","0","-1","0","V","-1.2246467991473532E-16","0","1","Size","7","-0","-0","5","-0","5.000000000000001","5.000000000000001","5.500000000000001","5.000000000000001","5.5","-0.5","-0.5","-0.5","-0.5","-0"
"IsShading","True"
"Disp3D","True"
"LayerSize","8"
"DispLayerBit","02","00","00","00","00","00","00","00"
"ElementEnd"
"Element"
"Name","線分"
"PrimitiveId","Line","PrimitiveFace","TOP","LineColor","Blue","LineThickness","1","LineType","2","Reverse","False","FaceColors","1","Blue"
"LineData","Sp","5","0","-3.3000000000000003","V","-5","0","-6.123233995736766E-16"
"IsShading","True"
"Disp3D","True"
"LayerSize","8"
"DispLayerBit","40","00","00","00","00","00","00","00"
"ElementEnd"
"Element"
"Name","ねじ穴部"
"PrimitiveId","Extrusion","PrimitiveFace","TOP","LineColor","Silver","LineThickness","1","LineType","0","Reverse","False","FaceColors","1","Silver"
"ExtrusionData","Vector","0","0.5","0","SrcFace","XY","Close","True","Cp","4.699999999999998","6.300000000000001","-3.3000000000000003","U","1.2246467991473532E-16","0","-1","V","-1","0","-1.2246467991473532E-16","Size","17","-0","-0","2.5999999999999988","-0","2.5999999999999988","4.399999999999999","-0","4.399999999999999","1.7763568394002505E-15","3.199999999999997","0.2588190451025225","3.1659258262890644","0.5000000000000013","3.066025403784435","0.7071067811865483","2.9071067811865436","0.8660254037844393","2.699999999999996","0.9659258262890686","2.4588190451025174","1","2.199999999999997","0.9659258262890682","1.9411809548974763","0.8660254037844388","1.6999999999999975","0.7071067811865479","1.4928932188134496","0.5","1.3339745962155583","0.25881904510252074","1.2340741737109289","-0","1.199999999999997"
"IsShading","True"
"Disp3D","True"
"LayerSize","8"
"DispLayerBit","02","08","00","00","00","00","00","00"
"ElementEnd"
"Element"
"Name","ねじ穴部"
"PrimitiveId","Extrusion","PrimitiveFace","TOP","LineColor","Silver","LineThickness","1","LineType","0","Reverse","False","FaceColors","1","Silver"
"ExtrusionData","Vector","0","0.5","0","SrcFace","XY","Close","True","Cp","0.3000000000000002","6.300000000000001","-3.3000000000000007","U","-1.2246467991473532E-16","0","1","V","1","0","1.2246467991473532E-16","Size","17","-0","-0","1.9000000000000012","-0","1.9000000000000012","4.399999999999999","-0","4.399999999999999","-0","3.2000000000000015","0.25881904510252074","3.1659258262890697","0.5","3.0660254037844403","0.7071067811865479","2.907106781186549","0.8660254037844384","2.700000000000001","0.9659258262890686","2.458819045102522","1","2.200000000000001","0.9659258262890678","1.9411809548974803","0.8660254037844384","1.7000000000000015","0.7071067811865479","1.492893218813454","0.5","1.3339745962155627","0.25881904510252074","1.2340741737109333","-0","1.2000000000000015"
"IsShading","True"
"Disp3D","True"
"LayerSize","8"
"DispLayerBit","02","08","00","00","00","00","00","00"
"ElementEnd"
"Element"
"Name","圧着部-押出"
"PrimitiveId","Extrusion","PrimitiveFace","RIGHT","LineColor","Silver","LineThickness","1","LineType","0","Reverse","False","FaceColors","1","Silver"
"ExtrusionData","Vector","4.399999999999999","0","5.388445916248352E-16","SrcFace","XY","Close","True","Cp","0.3","6.800000000000001","-1.3999999999999995","U","-1.2246467991473532E-16","0","1","V","0","-1","0","Size","7","-0","-0","0.5","0","0.5","3.8000000000000007","-4.2","3.8000000000000007","-4.2","3.3000000000000007","0","3.3000000000000007","0","0.5000000000000018"
"IsShading","True"
"Disp3D","True"
"LayerSize","8"
"DispLayerBit","02","00","00","00","00","00","00","00"
"ElementEnd"
"Element"
"Name","圧着部-押出"
"PrimitiveId","Extrusion","PrimitiveFace","RIGHT","LineColor","Silver","LineThickness","1","LineType","0","Reverse","False","FaceColors","1","Silver"
"ExtrusionData","Vector","4.399999999999999","0","5.388445916248352E-16","SrcFace","XY","Close","True","Cp","5.299999999999998","6.800000000000001","-1.399999999999999","U","-1.2246467991473532E-16","0","1","V","0","-1","0","Size","7","-0","-0","0.5","0","0.5","3.8000000000000007","-4.2","3.8000000000000007","-4.2","3.3000000000000007","0","3.3000000000000007","0","0.5000000000000018"
"IsShading","True"
"Disp3D","True"
"LayerSize","8"
"DispLayerBit","02","00","00","00","00","00","00","00"
"ElementEnd"
"Element"
"Name","圧着部-押出"
"PrimitiveId","Extrusion","PrimitiveFace","RIGHT","LineColor","Silver","LineThickness","1","LineType","0","Reverse","False","FaceColors","1","Silver"
"ExtrusionData","Vector","4.399999999999999","0","5.388445916248352E-16","SrcFace","XY","Close","True","Cp","5.299999999999998","6.300000000000001","-5.899999999999999","U","0","-1","0","V","-1.2246467991473532E-16","0","1","Size","7","-0","-0","5","-0","5.000000000000001","5.000000000000001","5.500000000000001","5.000000000000001","5.5","-0.5","-0.5","-0.5","-0.5","-0"
"IsShading","True"
"Disp3D","True"
"LayerSize","8"
"DispLayerBit","02","00","00","00","00","00","00","00"
"ElementEnd"
"Element"
"Name","ねじ穴部"
"PrimitiveId","Extrusion","PrimitiveFace","TOP","LineColor","Silver","LineThickness","1","LineType","0","Reverse","False","FaceColors","1","Silver"
"ExtrusionData","Vector","0","0.5","0","SrcFace","XY","Close","True","Cp","9.699999999999996","6.300000000000001","-3.2999999999999994","U","1.2246467991473532E-16","0","-1","V","-1","0","-1.2246467991473532E-16","Size","17","-0","-0","2.5999999999999988","-0","2.5999999999999988","4.399999999999999","-0","4.399999999999999","1.7763568394002505E-15","3.199999999999997","0.2588190451025225","3.1659258262890644","0.5000000000000013","3.066025403784435","0.7071067811865483","2.9071067811865436","0.8660254037844393","2.699999999999996","0.9659258262890686","2.4588190451025174","1","2.199999999999997","0.9659258262890682","1.9411809548974763","0.8660254037844388","1.6999999999999975","0.7071067811865479","1.4928932188134496","0.5","1.3339745962155583","0.25881904510252074","1.2340741737109289","-0","1.199999999999997"
"IsShading","True"
"Disp3D","True"
"LayerSize","8"
"DispLayerBit","02","08","00","00","00","00","00","00"
"ElementEnd"
"Element"
"Name","ねじ穴部"
"PrimitiveId","Extrusion","PrimitiveFace","TOP","LineColor","Silver","LineThickness","1","LineType","0","Reverse","False","FaceColors","1","Silver"
"ExtrusionData","Vector","0","0.5","0","SrcFace","XY","Close","True","Cp","5.299999999999998","6.300000000000001","-3.3","U","-1.2246467991473532E-16","0","1","V","1","0","1.2246467991473532E-16","Size","17","-0","-0","1.9000000000000012","-0","1.9000000000000012","4.399999999999999","-0","4.399999999999999","-0","3.2000000000000015","0.25881904510252074","3.1659258262890697","0.5","3.0660254037844403","0.7071067811865479","2.907106781186549","0.8660254037844384","2.700000000000001","0.9659258262890686","2.458819045102522","1","2.200000000000001","0.9659258262890678","1.9411809548974803","0.8660254037844384","1.7000000000000015","0.7071067811865479","1.492893218813454","0.5","1.3339745962155627","0.25881904510252074","1.2340741737109333","-0","1.2000000000000015"
"IsShading","True"
"Disp3D","True"
"LayerSize","8"
"DispLayerBit","02","08","00","00","00","00","00","00"
"ElementEnd"
"Element"
"Name","圧着部-押出"
"PrimitiveId","Extrusion","PrimitiveFace","RIGHT","LineColor","Silver","LineThickness","1","LineType","0","Reverse","False","FaceColors","1","Silver"
"ExtrusionData","Vector","4.399999999999999","0","5.388445916248352E-16","SrcFace","XY","Close","True","Cp","5.299999999999998","6.800000000000001","-1.399999999999999","U","-1.2246467991473532E-16","0","1","V","0","-1","0","Size","7","-0","-0","0.5","0","0.5","3.8000000000000007","-4.2","3.8000000000000007","-4.2","3.3000000000000007","0","3.3000000000000007","0","0.5000000000000018"
"IsShading","True"
"Disp3D","True"
"LayerSize","8"
"DispLayerBit","02","00","00","00","00","00","00","00"
"ElementEnd"
"Element"
"Name","ねじ"
"PrimitiveId","Revolution","PrimitiveFace","FRONT","LineColor","Silver","LineThickness","1","LineType","0","Reverse","False","FaceColors","1","Silver"
"RevolutionData","StartAngle","0","EndAngle","6.283185307179586","DivideAngle","0.17453292519943295","Close","False","CenterLineSp","2.5000000000000027","10","-3.3000000000000003","CenterLineV","0","-9","0","OutLineCp","2.5000000000000027","8.3","-3.3000000000000003","OutLineU","-1","0","-1.2246467991473532E-16","OutLineV","0","-1","0","OutLineSize","6","OutLine","0","0","1.5000000000000009","0","1.5000000000000009","0.5","1","0.5","1.0000000000000009","4.800000000000001","-8.881784197001252E-16","4.800000000000001"
"IsShading","True"
"Disp3D","True"
"LayerSize","8"
"DispLayerBit","00","04","00","00","00","00","00","00"
"ElementEnd"
"Element"
"Name","ねじ"
"PrimitiveId","Revolution","PrimitiveFace","FRONT","LineColor","Silver","LineThickness","1","LineType","0","Reverse","False","FaceColors","1","Silver"
"RevolutionData","StartAngle","0","EndAngle","6.283185307179586","DivideAngle","0.17453292519943295","Close","False","CenterLineSp","7.5","10","-3.3","CenterLineV","0","-9","0","OutLineCp","7.5","8.3","-3.3","OutLineU","-1","0","-1.2246467991473532E-16","OutLineV","0","-1","0","OutLineSize","6","OutLine","0","0","1.5000000000000009","0","1.5000000000000009","0.5","1","0.5","1.0000000000000009","4.800000000000001","-8.881784197001252E-16","4.800000000000001"
"IsShading","True"
"Disp3D","True"
"LayerSize","8"
"DispLayerBit","00","04","00","00","00","00","00","00"
"ElementEnd"
"Element"
"Name","中心線"
"PrimitiveId","Line","PrimitiveFace","FRONT","LineColor","Silver","LineThickness","1","LineType","2","Reverse","False","FaceColors","1","Silver"
"LineData","Sp","2.5","11","-3.300000000000002","V","0","-11","0"
"IsShading","True"
"Disp3D","True"
"LayerSize","8"
"DispLayerBit","40","00","00","00","00","00","00","00"
"ElementEnd"
"Element"
"Name","中心線"
"PrimitiveId","Line","PrimitiveFace","FRONT","LineColor","Silver","LineThickness","1","LineType","2","Reverse","False","FaceColors","1","Silver"
"LineData","Sp","7.499999999999997","11","-3.3000000000000016","V","0","-11","0"
"IsShading","True"
"Disp3D","True"
"LayerSize","8"
"DispLayerBit","40","00","00","00","00","00","00","00"
"ElementEnd"
"Element"
"Name","ポリゴン-押出"
"PrimitiveId","Extrusion","PrimitiveFace","RIGHT","LineColor","Silver","LineThickness","1","LineType","0","Reverse","False","FaceColors","1","Silver"
"ExtrusionData","Vector","0.3999999999999999","0","4.898587196589412E-17","SrcFace","XY","Close","True","Cp","7.299999999999997","0.8000000000000007","-2.8000000000000016","U","0","-1","0","V","1.2246467991473532E-16","0","-1","Size","4","0","0","4","0","4","1","-0","1"
"IsShading","True"
"Disp3D","True"
"LayerSize","8"
"DispLayerBit","02","00","00","00","00","00","00","00"
"ElementEnd"
"Element"
"Name","ポリゴン-押出"
"PrimitiveId","Extrusion","PrimitiveFace","RIGHT","LineColor","Silver","LineThickness","1","LineType","0","Reverse","False","FaceColors","1","Silver"
"ExtrusionData","Vector","0.3999999999999999","0","4.898587196589412E-17","SrcFace","XY","Close","True","Cp","2.3","0.8000000000000007","-2.800000000000002","U","0","-1","0","V","1.2246467991473532E-16","0","-1","Size","4","0","0","4","0","4","1","-0","1"
"IsShading","True"
"Disp3D","True"
"LayerSize","8"
"DispLayerBit","02","00","00","00","00","00","00","00"
"ElementEnd"
"Element"
"Name","右側板"
"PrimitiveId","Extrusion","PrimitiveFace","FRONT","LineColor","Blue","LineThickness","1","LineType","0","Reverse","False","FaceColors","1","SkyBlue"
"ExtrusionData","Vector","0.2999999999999998","0","5.5109105961630865E-17","SrcFace","XY","Close","True","Cp","9.307315673519883E-16","0","-7.6","U","-1.8369701987210297E-16","0","1","V","0","1","0","Size","7","-0","-0","-0","6.4","1.9999999999999996","10","6.599999999999998","9.999999999999998","7.6","6.4","7.6","-0","-0","-0"
"IsShading","True"
"Disp3D","True"
"LayerSize","8"
"DispLayerBit","09","00","00","00","00","00","00","00"
"ElementEnd"
"Element"
"Name","中央側板"
"PrimitiveId","Extrusion","PrimitiveFace","RIGHT","LineColor","Blue","LineThickness","1","LineType","0","Reverse","False","FaceColors","1","SkyBlue"
"ExtrusionData","Vector","0.5999999999999996","0","1.1021821192326173E-16","SrcFace","XY","Close","True","Cp","4.7","0","-7.599999999999999","U","-1.8369701987210297E-16","0","1","V","0","1","0","Size","7","-0","-0","-0","6.4","1.9999999999999996","10","6.599999999999998","9.999999999999998","7.6","6.4","7.6","-0","-0","-0"
"IsShading","True"
"Disp3D","True"
"LayerSize","8"
"DispLayerBit","11","00","00","00","00","00","00","00"
"ElementEnd"
"Element"
"Name","左側板"
"PrimitiveId","Extrusion","PrimitiveFace","FRONT","LineColor","Blue","LineThickness","1","LineType","0","Reverse","False","FaceColors","1","SkyBlue"
"ExtrusionData","Vector","0.2999999999999998","0","5.5109105961630865E-17","SrcFace","XY","Close","True","Cp","9.7","0","-7.599999999999998","U","-1.8369701987210297E-16","0","1","V","0","1","0","Size","7","-0","-0","-0","6.4","1.9999999999999996","10","6.599999999999998","9.999999999999998","7.6","6.4","7.6","-0","-0","-0"
"IsShading","True"
"Disp3D","True"
"LayerSize","8"
"DispLayerBit","21","00","00","00","00","00","00","00"
"ElementEnd"
"Element"
"Name","底板"
"PrimitiveId","Extrusion","PrimitiveFace","RIGHT","LineColor","Blue","LineThickness","1","LineType","0","Reverse","False","FaceColors","1","SkyBlue"
"ExtrusionData","Vector","0","0.8","0","SrcFace","XY","Close","True","Cp","2.0000000000000004","0","1.3322676295501878E-15","U","-1","0","-3.0616169978683826E-16","V","3.0616169978683826E-16","0","-1","Size","13","0","0","2","0","2","7.6000000000000005","-8","7.6000000000000005","-8","0","-6","0","-6","4","-5","4","-5","0","-1","3.061616997868383E-16","-1","4","0","4","0","0"
"IsShading","True"
"Disp3D","True"
"LayerSize","8"
"DispLayerBit","05","00","00","00","00","00","00","00"
"ElementEnd"
"Element"
"Name","天板"
"PrimitiveId","Extrusion","PrimitiveFace","TOP","LineColor","Blue","LineThickness","1","LineType","0","Reverse","False","FaceColors","1","SkyBlue"
"ExtrusionData","Vector","0","0.8","0","SrcFace","XY","Close","True","Cp","9.700000000000001","9.199999999999998","-3.2999999999999994","U","-1.2246467991473532E-16","0","1","V","-1","0","-1.2246467991473532E-16","Size","17","0","0.6999999999999993","0.38822856765378067","0.7511112605663968","0.75","0.9009618943233413","1.060660171779821","1.1393398282201783","1.299038105676658","1.4499999999999993","1.4488887394336025","1.8117714323462186","1.5","2.1999999999999993","1.4488887394336025","2.588228567653781","1.299038105676658","2.9499999999999993","1.060660171779821","3.2606601717798203","0.75","3.4990381056766573","0.38822856765378155","3.648888739433602","0","3.6999999999999993","0","4.4","2.3","4.4","2.3","0","0","0"
"IsShading","True"
"Disp3D","True"
"LayerSize","8"
"DispLayerBit","01","02","00","00","00","00","00","00"
"ElementEnd"
"Element"
"Name","天板"
"PrimitiveId","Extrusion","PrimitiveFace","TOP","LineColor","Blue","LineThickness","1","LineType","0","Reverse","False","FaceColors","1","SkyBlue"
"ExtrusionData","Vector","0","0.8","0","SrcFace","XY","Close","True","Cp","5.300000000000001","9.199999999999998","-3.3","U","1.2246467991473532E-16","0","-1","V","1","0","7.19999969772282E-17","Size","17","2.6292099810441205E-15","0.7000000000000011","0.3882285676537837","0.7511112605664003","0.7500000000000018","0.9009618943233448","1.0606601717798227","1.139339828220181","1.299038105676658","1.450000000000002","1.448888739433602","1.8117714323462213","1.4999999999999998","2.200000000000001","1.4488887394336023","2.5882285676537817","1.2990381056766578","2.950000000000001","1.0606601717798212","3.260660171779822","0.7499999999999998","3.499038105676659","0.38822856765378094","3.6488887394336036","-1.8671932686877638E-16","3.700000000000001","-2.220446049250313E-16","4.4","2.299999999999999","4.4","2.299999999999999","0","0","0"
"IsShading","True"
"Disp3D","True"
"LayerSize","8"
"DispLayerBit","01","02","00","00","00","00","00","00"
"ElementEnd"
"Element"
"Name","天板"
"PrimitiveId","Extrusion","PrimitiveFace","TOP","LineColor","Blue","LineThickness","1","LineType","0","Reverse","False","FaceColors","1","SkyBlue"
"ExtrusionData","Vector","0","0.8","0","SrcFace","XY","Close","True","Cp","0.3000000000000011","9.199999999999998","-3.3000000000000007","U","1.2246467991473532E-16","0","-1","V","1","0","7.19999969772282E-17","Size","17","2.6292099810441205E-15","0.7000000000000011","0.3882285676537837","0.7511112605664003","0.7500000000000018","0.9009618943233448","1.0606601717798227","1.139339828220181","1.299038105676658","1.450000000000002","1.448888739433602","1.8117714323462213","1.4999999999999998","2.200000000000001","1.4488887394336023","2.5882285676537817","1.2990381056766578","2.950000000000001","1.0606601717798212","3.260660171779822","0.7499999999999998","3.499038105676659","0.38822856765378094","3.6488887394336036","-1.8671932686877638E-16","3.700000000000001","-2.220446049250313E-16","4.4","2.299999999999999","4.4","2.299999999999999","0","0","0"
"IsShading","True"
"Disp3D","True"
"LayerSize","8"
"DispLayerBit","01","02","00","00","00","00","00","00"
"ElementEnd"
"Element"
"Name","天板"
"PrimitiveId","Extrusion","PrimitiveFace","TOP","LineColor","Blue","LineThickness","1","LineType","0","Reverse","False","FaceColors","1","SkyBlue"
"ExtrusionData","Vector","0","0.8","0","SrcFace","XY","Close","True","Cp","4.700000000000001","9.199999999999998","-3.3000000000000003","U","-1.2246467991473532E-16","0","1","V","-1","0","-1.2246467991473532E-16","Size","17","0","0.6999999999999993","0.38822856765378067","0.7511112605663968","0.75","0.9009618943233413","1.060660171779821","1.1393398282201783","1.299038105676658","1.4499999999999993","1.4488887394336025","1.8117714323462186","1.5","2.1999999999999993","1.4488887394336025","2.588228567653781","1.299038105676658","2.9499999999999993","1.060660171779821","3.2606601717798203","0.75","3.4990381056766573","0.38822856765378155","3.648888739433602","0","3.6999999999999993","0","4.4","2.3","4.4","2.3","0","0","0"
"IsShading","True"
"Disp3D","True"
"LayerSize","8"
"DispLayerBit","01","02","00","00","00","00","00","00"
"ElementEnd"
"Element"
"Name","背板-押出"
"PrimitiveId","Extrusion","PrimitiveFace","RIGHT","LineColor","Blue","LineThickness","1","LineType","0","Reverse","True","FaceColors","1","SkyBlue"
"ExtrusionData","Vector","9.4","0","2.0393464108986374E-15","SrcFace","XY","Close","True","Cp","0.30000000000000004","9.785884908971122","-1.7708143277039543","U","-3.277692010970717E-17","-0.9635179096299404","0.2676438637860952","V","-1.179969123949455E-16","0.2676438637860955","0.9635179096299403","Size","4","-0","0.8000000000000003","3.736308338453879","0.8","3.7363083384538793","-1.1102230246251565E-16","-0","-0"
"IsShading","True"
"Disp3D","True"
"LayerSize","8"
"DispLayerBit","01","01","00","00","00","00","00","00"
"ElementEnd"
"Element"
"Name","ポリゴン-押出"
"PrimitiveId","Extrusion","PrimitiveFace","RIGHT","LineColor","Blue","LineThickness","1","LineType","0","Reverse","True","FaceColors","1","SkyBlue"
"ExtrusionData","Vector","9.399999999999999","0","1.0789878740098843E-15","SrcFace","XY","Close","True","Cp","0.3000000000000005","10","-5.6","U","5.947410611964501E-17","-0.8741572761215379","-0.48564293117863205","V","-1.070533910153611E-16","-0.4856429311786309","0.8741572761215384","Size","6","6.106226635438361E-16","0.7999999999999998","3.9109512338368817","0.8000000000000009","9.32434427862974","3.807440580440476","9.712858623572645","3.1081147595432457","4.118252056394799","-0","-0","-0"
"IsShading","True"
"Disp3D","True"
"LayerSize","8"
"DispLayerBit","81","00","00","00","00","00","00","00"
"ElementEnd"
"Element"
"Name","ポリゴン-押出"
"PrimitiveId","Extrusion","PrimitiveFace","TOP","LineColor","Silver","LineThickness","1","LineType","0","Reverse","False","FaceColors","1","Silver"
"ExtrusionData","Vector","0","0.5","0","SrcFace","XY","Close","True","Cp","2.1000000000000023","8.3","-3.7000000000000006","U","3.0616169978683826E-16","0","-1","V","1","0","3.0616169978683826E-16","Size","9","0","0","0","-1.0457317467062488","0.0009911607609756068","-1.045408623535768","0.34107529905259293","-0.9041500684867945","0.6533626459759332","-0.6679078312581943","0.8938650693400922","-0.35888944013048274","1.0461927264418498","0.0018460122180243843","1.0455247394842906","0","0","0"
"IsShading","True"
"Disp3D","True"
"LayerSize","8"
"DispLayerBit","00","04","00","00","00","00","00","00"
"ElementEnd"
"Element"
"Name","ポリゴン-押出"
"PrimitiveId","Extrusion","PrimitiveFace","TOP","LineColor","Silver","LineThickness","1","LineType","0","Reverse","False","FaceColors","1","Silver"
"ExtrusionData","Vector","0","0.5","0","SrcFace","XY","Close","True","Cp","2.1000000000000028","8.3","-2.9000000000000004","U","-1","0","-1.2246467991473532E-16","V","1.2246467991473532E-16","0","-1","Size","9","0","0","0","-1.0457317467062488","0.0009911607609756068","-1.045408623535768","0.34107529905259293","-0.9041500684867945","0.6533626459759332","-0.6679078312581943","0.8938650693400922","-0.35888944013048274","1.0461927264418498","0.0018460122180243843","1.0455247394842906","0","0","0"
"IsShading","True"
"Disp3D","True"
"LayerSize","8"
"DispLayerBit","00","04","00","00","00","00","00","00"
"ElementEnd"
"Element"
"Name","ポリゴン-押出"
"PrimitiveId","Extrusion","PrimitiveFace","TOP","LineColor","Silver","LineThickness","1","LineType","0","Reverse","False","FaceColors","1","Silver"
"ExtrusionData","Vector","0","0.5","0","SrcFace","XY","Close","True","Cp","2.900000000000003","8.3","-2.9","U","-1.8369701987210297E-16","0","1","V","-1","0","-1.8369701987210297E-16","Size","9","0","0","0","-1.0457317467062488","0.0009911607609756068","-1.045408623535768","0.34107529905259293","-0.9041500684867945","0.6533626459759332","-0.6679078312581943","0.8938650693400922","-0.35888944013048274","1.0461927264418498","0.0018460122180243843","1.0455247394842906","0","0","0"
"IsShading","True"
"Disp3D","True"
"LayerSize","8"
"DispLayerBit","00","04","00","00","00","00","00","00"
"ElementEnd"
"Element"
"Name","ポリゴン-押出"
"PrimitiveId","Extrusion","PrimitiveFace","TOP","LineColor","Silver","LineThickness","1","LineType","0","Reverse","False","FaceColors","1","Silver"
"ExtrusionData","Vector","0","0.5","0","SrcFace","XY","Close","True","Cp","2.900000000000003","8.3","-3.7000000000000006","U","1","0","2.4492935982947064E-16","V","-2.4492935982947064E-16","0","1","Size","9","0","0","0","-1.0457317467062488","0.0009911607609756068","-1.045408623535768","0.34107529905259293","-0.9041500684867945","0.6533626459759332","-0.6679078312581943","0.8938650693400922","-0.35888944013048274","1.0461927264418498","0.0018460122180243843","1.0455247394842906","0","0","0"
"IsShading","True"
"Disp3D","True"
"LayerSize","8"
"DispLayerBit","00","04","00","00","00","00","00","00"
"ElementEnd"
"Element"
"Name","線分"
"PrimitiveId","Line","PrimitiveFace","TOP","LineColor","Silver","LineThickness","1","LineType","2","Reverse","False","FaceColors","1","Silver"
"LineData","Sp","2.5000000000000027","8.3","-2.3000000000000007","V","2.4492935982947064E-16","0","-2"
"IsShading","True"
"Disp3D","True"
"LayerSize","8"
"DispLayerBit","40","04","00","00","00","00","00","00"
"ElementEnd"
"Element"
"Name","線分"
"PrimitiveId","Line","PrimitiveFace","TOP","LineColor","Silver","LineThickness","1","LineType","2","Reverse","False","FaceColors","1","Silver"
"LineData","Sp","3.5000000000000027","8.3","-3.3000000000000003","V","-2","0","-2.4492935982947064E-16"
"IsShading","True"
"Disp3D","True"
"LayerSize","8"
"DispLayerBit","40","04","00","00","00","00","00","00"
"ElementEnd"
"Element"
"Name","ポリゴン-押出"
"PrimitiveId","Extrusion","PrimitiveFace","TOP","LineColor","Silver","LineThickness","1","LineType","0","Reverse","False","FaceColors","1","Silver"
"ExtrusionData","Vector","0","0.5","0","SrcFace","XY","Close","True","Cp","7.1","8.3","-3.7","U","3.0616169978683826E-16","0","-1","V","1","0","3.0616169978683826E-16","Size","9","0","0","0","-1.0457317467062488","0.0009911607609756068","-1.045408623535768","0.34107529905259293","-0.9041500684867945","0.6533626459759332","-0.6679078312581943","0.8938650693400922","-0.35888944013048274","1.0461927264418498","0.0018460122180243843","1.0455247394842906","0","0","0"
"IsShading","True"
"Disp3D","True"
"LayerSize","8"
"DispLayerBit","00","04","00","00","00","00","00","00"
"ElementEnd"
"Element"
"Name","ポリゴン-押出"
"PrimitiveId","Extrusion","PrimitiveFace","TOP","LineColor","Silver","LineThickness","1","LineType","0","Reverse","False","FaceColors","1","Silver"
"ExtrusionData","Vector","0","0.5","0","SrcFace","XY","Close","True","Cp","7.1","8.3","-2.8999999999999995","U","-1","0","-1.2246467991473532E-16","V","1.2246467991473532E-16","0","-1","Size","9","0","0","0","-1.0457317467062488","0.0009911607609756068","-1.045408623535768","0.34107529905259293","-0.9041500684867945","0.6533626459759332","-0.6679078312581943","0.8938650693400922","-0.35888944013048274","1.0461927264418498","0.0018460122180243843","1.0455247394842906","0","0","0"
"IsShading","True"
"Disp3D","True"
"LayerSize","8"
"DispLayerBit","00","04","00","00","00","00","00","00"
"ElementEnd"
"Element"
"Name","ポリゴン-押出"
"PrimitiveId","Extrusion","PrimitiveFace","TOP","LineColor","Silver","LineThickness","1","LineType","0","Reverse","False","FaceColors","1","Silver"
"ExtrusionData","Vector","0","0.5","0","SrcFace","XY","Close","True","Cp","7.9","8.3","-2.8999999999999995","U","-1.8369701987210297E-16","0","1","V","-1","0","-1.8369701987210297E-16","Size","9","0","0","0","-1.0457317467062488","0.0009911607609756068","-1.045408623535768","0.34107529905259293","-0.9041500684867945","0.6533626459759332","-0.6679078312581943","0.8938650693400922","-0.35888944013048274","1.0461927264418498","0.0018460122180243843","1.0455247394842906","0","0","0"
"IsShading","True"
"Disp3D","True"
"LayerSize","8"
"DispLayerBit","00","04","00","00","00","00","00","00"
"ElementEnd"
"Element"
"Name","ポリゴン-押出"
"PrimitiveId","Extrusion","PrimitiveFace","TOP","LineColor","Silver","LineThickness","1","LineType","0","Reverse","False","FaceColors","1","Silver"
"ExtrusionData","Vector","0","0.5","0","SrcFace","XY","Close","True","Cp","7.9","8.3","-3.7","U","1","0","2.4492935982947064E-16","V","-2.4492935982947064E-16","0","1","Size","9","0","0","0","-1.0457317467062488","0.0009911607609756068","-1.045408623535768","0.34107529905259293","-0.9041500684867945","0.6533626459759332","-0.6679078312581943","0.8938650693400922","-0.35888944013048274","1.0461927264418498","0.0018460122180243843","1.0455247394842906","0","0","0"
"IsShading","True"
"Disp3D","True"
"LayerSize","8"
"DispLayerBit","00","04","00","00","00","00","00","00"
"ElementEnd"
"Element"
"Name","線分"
"PrimitiveId","Line","PrimitiveFace","TOP","LineColor","Silver","LineThickness","1","LineType","2","Reverse","False","FaceColors","1","Silver"
"LineData","Sp","7.5","8.3","-2.3","V","2.4492935982947064E-16","0","-2"
"IsShading","True"
"Disp3D","True"
"LayerSize","8"
"DispLayerBit","40","04","00","00","00","00","00","00"
"ElementEnd"
"Element"
"Name","線分"
"PrimitiveId","Line","PrimitiveFace","TOP","LineColor","Silver","LineThickness","1","LineType","2","Reverse","False","FaceColors","1","Silver"
"LineData","Sp","8.5","8.3","-3.3","V","-2","0","-2.4492935982947064E-16"
"IsShading","True"
"Disp3D","True"
"LayerSize","8"
"DispLayerBit","40","04","00","00","00","00","00","00"
"ElementEnd"
