﻿"DataManage"
"AppName","Mini3DCad"
"PrimitiveBrush","Blue"
"Face","FRONT"
"ArcDivideAngle","0.2617993877991494"
"RevolutionDivideAngle","0.3490658503988659"
"SweepDivideAngle","0.3490658503988659"
"ZumenComment","スピーカ端子"
"Area","-5.4","-56.6","-5.4","35.4","12.2","5.4"
"Layer"
"LayerSize","64"
"DispLayerBit","1F","00","00","00","00","00","00","00"
"LayerAll","False"
"LayerList","0","ツマミ","1","芯","2","スペーサ","3","ナット","4","結合状態","5","単体状態","6","中心線"
"LayerEnd"
"DataManageEnd"
"DataDraw"
"WorldSize","30"
"GridSize","-1"
"World","-20.023077101090365","12.2","50.023077101090365","-56.6"
"DataDrawEnd"
"Element"
"Name","線分"
"PrimitiveId","Line","PrimitiveFace","TOP","LineColor","Blue","LineThickness","1","LineType","2","Reverse","False","FaceColors","1","Blue"
"LineData","Sp","0","-50","-5","V","0","0","10"
"IsShading","True"
"Disp3D","False"
"LayerSize","8"
"DispLayerBit","20","00","00","00","00","00","00","00"
"ElementEnd"
"Element"
"Name","ツマミ"
"PrimitiveId","Revolution","PrimitiveFace","FRONT","LineColor","Red","LineThickness","1","LineType","0","Reverse","False","FaceColors","1","Red"
"RevolutionData","StartAngle","0","EndAngle","6.283185307179586","DivideAngle","0.2617993877991494","Close","True","CenterLineSp","-0","14","0","CenterLineV","0","-18","0","OutLineCp","3.3000000000000003","3","0","OutLineU","0","-1","0","OutLineV","-1","-6.123233995736766E-17","0","OutLineSize","11","OutLine","2.9999999999999982","0","0","-0","-3.0616169978683806E-17","0.49999999999999956","-9.2","0.49999999999999956","-9.2","-0.5000000000000004","-8.299999999999999","-1.5999999999999992","-8.3","-2.1","-2.5","-2.1","-2.5","-1.6","3","-1.6","3","0"
"IsShading","True"
"Disp3D","True"
"LayerSize","8"
"DispLayerBit","21","00","00","00","00","00","00","00"
"ElementEnd"
"Element"
"Name","ツマミ"
"PrimitiveId","Revolution","PrimitiveFace","FRONT","LineColor","Red","LineThickness","1","LineType","0","Reverse","False","FaceColors","1","Red"
"RevolutionData","StartAngle","0","EndAngle","6.283185307179586","DivideAngle","0.2617993877991494","Close","True","CenterLineSp","30","3","0","CenterLineV","0","-18","0","OutLineCp","33.3","-8","0","OutLineU","0","-1","0","OutLineV","-1","-6.123233995736766E-17","0","OutLineSize","11","OutLine","2.9999999999999982","0","0","-0","-3.0616169978683806E-17","0.49999999999999956","-9.2","0.49999999999999956","-9.2","-0.5000000000000004","-8.299999999999999","-1.5999999999999992","-8.3","-2.1","-2.5","-2.1","-2.5","-1.6","3","-1.6","3","0"
"IsShading","True"
"Disp3D","True"
"LayerSize","8"
"DispLayerBit","11","00","00","00","00","00","00","00"
"ElementEnd"
"Element"
"Name","芯"
"PrimitiveId","Revolution","PrimitiveFace","FRONT","LineColor","Blue","LineThickness","1","LineType","0","Reverse","False","FaceColors","1","Silver"
"RevolutionData","StartAngle","0","EndAngle","6.283185307179586","DivideAngle","0.2617993877991494","Close","True","CenterLineSp","0","-1","0","CenterLineV","0","-33","0","OutLineCp","0","-14","0","OutLineU","1","0","0","OutLineV","6.123233995736766E-17","-1","0","OutLineSize","12","OutLine","0","0","1.5","0","1.5000000000000007","-11","2.500000000000001","-11","2.5","-3.0000000000000018","4.699999999999999","-3","4.7","-2.1999999999999993","2","-2.1999999999999993","2","0.40000000000000036","1.6999999999999997","0.40000000000000036","1.6999999999999986","16.899999999999995","-1.0348265452795135E-15","16.9"
"IsShading","True"
"Disp3D","True"
"LayerSize","8"
"DispLayerBit","22","00","00","00","00","00","00","00"
"ElementEnd"
"Element"
"Name","芯"
"PrimitiveId","Revolution","PrimitiveFace","FRONT","LineColor","Blue","LineThickness","1","LineType","0","Reverse","False","FaceColors","1","Silver"
"RevolutionData","StartAngle","0","EndAngle","6.283185307179586","DivideAngle","0.2617993877991494","Close","True","CenterLineSp","30","-1","0","CenterLineV","0","-33","0","OutLineCp","30","-14","0","OutLineU","1","0","0","OutLineV","6.123233995736766E-17","-1","0","OutLineSize","12","OutLine","0","0","1.5","0","1.5000000000000007","-11","2.500000000000001","-11","2.5","-3.0000000000000018","4.699999999999999","-3","4.7","-2.1999999999999993","2","-2.1999999999999993","2","0.40000000000000036","1.6999999999999997","0.40000000000000036","1.6999999999999986","16.899999999999995","-1.0348265452795135E-15","16.9"
"IsShading","True"
"Disp3D","True"
"LayerSize","8"
"DispLayerBit","12","00","00","00","00","00","00","00"
"ElementEnd"
"Element"
"Name","スペーサ"
"PrimitiveId","Revolution","PrimitiveFace","FRONT","LineColor","Red","LineThickness","1","LineType","0","Reverse","False","FaceColors","1","Red"
"RevolutionData","StartAngle","0","EndAngle","6.283185307179586","DivideAngle","0.3490658503988659","Close","True","CenterLineSp","-0","-32","0","CenterLineV","0","-8","0","OutLineCp","2.4000000000000004","-38.6","0","OutLineU","1","0","0","OutLineV","6.123233995736766E-17","-1","0","OutLineSize","7","OutLine","0","0","2.816687638038913E-16","-4.600000000000001","2.4","-4.600000000000001","2.3999999999999995","-2.200000000000003","1.2000000000000004","-2.200000000000003","1.2000000000000002","0","0","0"
"IsShading","True"
"Disp3D","True"
"LayerSize","8"
"DispLayerBit","24","00","00","00","00","00","00","00"
"ElementEnd"
"Element"
"Name","スペーサ"
"PrimitiveId","Revolution","PrimitiveFace","FRONT","LineColor","Red","LineThickness","1","LineType","0","Reverse","False","FaceColors","1","Red"
"RevolutionData","StartAngle","0","EndAngle","6.283185307179586","DivideAngle","0.3490658503988659","Close","True","CenterLineSp","0","-40","0","CenterLineV","0","-10","0","OutLineCp","2.1999999999999993","-45.4","0","OutLineU","0","-1","0","OutLineV","-1","-6.123233995736766E-17","0","OutLineSize","7","OutLine","0.8000000000000043","0","0","-0","7.215645569524264E-15","-1.8000000000000007","-3.3999999999999986","-1.8000000000000007","-3.3999999999999986","-2.6000000000000005","0.8000000000000044","-2.6000000000000005","0.8000000000000043","0"
"IsShading","True"
"Disp3D","True"
"LayerSize","8"
"DispLayerBit","24","00","00","00","00","00","00","00"
"ElementEnd"
"Element"
"Name","スペーサ"
"PrimitiveId","Revolution","PrimitiveFace","FRONT","LineColor","Red","LineThickness","1","LineType","0","Reverse","False","FaceColors","1","Red"
"RevolutionData","StartAngle","0","EndAngle","6.283185307179586","DivideAngle","0.3490658503988659","Close","True","CenterLineSp","30","-10","0","CenterLineV","0","-8","0","OutLineCp","32.4","-16.6","0","OutLineU","1","0","0","OutLineV","6.123233995736766E-17","-1","0","OutLineSize","7","OutLine","0","0","2.816687638038913E-16","-4.600000000000001","2.4","-4.600000000000001","2.3999999999999995","-2.200000000000003","1.2000000000000004","-2.200000000000003","1.2000000000000002","0","0","0"
"IsShading","True"
"Disp3D","True"
"LayerSize","8"
"DispLayerBit","14","00","00","00","00","00","00","00"
"ElementEnd"
"Element"
"Name","スペーサ"
"PrimitiveId","Revolution","PrimitiveFace","FRONT","LineColor","Red","LineThickness","1","LineType","0","Reverse","False","FaceColors","1","Red"
"RevolutionData","StartAngle","0","EndAngle","6.283185307179586","DivideAngle","0.3490658503988659","Close","True","CenterLineSp","30","-13","0","CenterLineV","0","-10","0","OutLineCp","32.2","-18.4","0","OutLineU","0","-1","0","OutLineV","-1","-6.123233995736766E-17","0","OutLineSize","7","OutLine","0.8000000000000043","0","0","-0","7.215645569524264E-15","-1.8000000000000007","-3.3999999999999986","-1.8000000000000007","-3.3999999999999986","-2.6000000000000005","0.8000000000000044","-2.6000000000000005","0.8000000000000043","0"
"IsShading","True"
"Disp3D","True"
"LayerSize","8"
"DispLayerBit","14","00","00","00","00","00","00","00"
"ElementEnd"
"Element"
"Name","押出"
"PrimitiveId","Extrusion","PrimitiveFace","TOP","LineColor","Blue","LineThickness","1","LineType","0","Reverse","False","FaceColors","1","Silver"
"ExtrusionData","Vector","0","-2.6","0","SrcFace","XY","Close","True","Cp","-1.299038105676659","-50","0.75","U","0.5877852522924727","0","0.8090169943749479","V","0.809016994374951","0","-0.587785252292468","Size","21","0","-0","0.31358538980295975","2.7755575615628914E-17","0.620318186463901","0.06519806860967942","0.9067926949014788","0.1927447373757526","1.1604886044397653","0.37706560483631957","1.3703181864638978","0.6101049646137018","1.5271108813653766","0.8816778784387117","1.6240140960021818","1.179915306825773","1.6567926949014722","1.4917828430524123","1.624014096002178","1.803650379279052","1.5271108813653693","2.101887807666113","1.370318186463885","2.3734607214911243","1.1604886044397487","2.6065000812685057","1.0384705733401736","2.7053083346148328","0.7668976595151629","2.8621010295163134","0.46866023112810096","2.95900424415312","0.3135853898029419","2.9835656861048205","0.5671695424592422","5.3962577342921865","3.743355562932484","3.088623513562282","3.3329787153747192","-0.8158513776774965","-0.2535841526562964","-2.412692048187366"
"IsShading","True"
"Disp3D","True"
"LayerSize","8"
"DispLayerBit","28","00","00","00","00","00","00","00"
"ElementEnd"
"Element"
"Name","押出"
"PrimitiveId","Extrusion","PrimitiveFace","TOP","LineColor","Blue","LineThickness","1","LineType","0","Reverse","False","FaceColors","1","Silver"
"ExtrusionData","Vector","0","-2.6","0","SrcFace","XY","Close","True","Cp","1.2990381056766573","-50","-0.75","U","-0.587785252292474","0","-0.8090169943749469","V","-0.8090169943749493","0","0.5877852522924705","Size","20","0.3135853898029506","2.98356568610482","0.6203181864638909","2.91836761749514","0.9067926949014709","2.790820948729066","1.1604886044397582","2.6065000812685004","1.3703181864638934","2.3734607214911176","1.5271108813653747","2.101887807666109","1.6240140960021823","1.8036503792790475","1.656792694901476","1.4917828430524085","1.6240140960021852","1.1799153068257702","1.527110881365379","0.8816778784387087","1.3703181864638998","0.6101049646136996","1.1604886044397666","0.37706560483631785","0.9067926949014797","0.19274473737575143","0.6203181864639017","0.06519806860967903","0.31358538980296013","2.7755575615628914E-17","-0","-0","-0.2535841526563051","-2.4126920481873677","3.332978715374715","-0.8158513776775054","3.7433555629324955","3.088623513562273","0.5671695424592569","5.396257734292183"
"IsShading","True"
"Disp3D","True"
"LayerSize","8"
"DispLayerBit","28","00","00","00","00","00","00","00"
"ElementEnd"
"Element"
"Name","押出"
"PrimitiveId","Extrusion","PrimitiveFace","TOP","LineColor","Blue","LineThickness","1","LineType","0","Reverse","False","FaceColors","1","Silver"
"ExtrusionData","Vector","0","-2.6","0","SrcFace","XY","Close","True","Cp","-1.299038105676659","-54","0.75","U","0.5877852522924727","0","0.8090169943749479","V","0.809016994374951","0","-0.587785252292468","Size","21","0","-0","0.31358538980295975","2.7755575615628914E-17","0.620318186463901","0.06519806860967942","0.9067926949014788","0.1927447373757526","1.1604886044397653","0.37706560483631957","1.3703181864638978","0.6101049646137018","1.5271108813653766","0.8816778784387117","1.6240140960021818","1.179915306825773","1.6567926949014722","1.4917828430524123","1.624014096002178","1.803650379279052","1.5271108813653693","2.101887807666113","1.370318186463885","2.3734607214911243","1.1604886044397487","2.6065000812685057","1.0384705733401736","2.7053083346148328","0.7668976595151629","2.8621010295163134","0.46866023112810096","2.95900424415312","0.3135853898029419","2.9835656861048205","0.5671695424592422","5.3962577342921865","3.743355562932484","3.088623513562282","3.3329787153747192","-0.8158513776774965","-0.2535841526562964","-2.412692048187366"
"IsShading","True"
"Disp3D","True"
"LayerSize","8"
"DispLayerBit","28","00","00","00","00","00","00","00"
"ElementEnd"
"Element"
"Name","押出"
"PrimitiveId","Extrusion","PrimitiveFace","TOP","LineColor","Blue","LineThickness","1","LineType","0","Reverse","False","FaceColors","1","Silver"
"ExtrusionData","Vector","0","-2.6","0","SrcFace","XY","Close","True","Cp","1.2990381056766573","-54","-0.75","U","-0.587785252292474","0","-0.8090169943749469","V","-0.8090169943749493","0","0.5877852522924705","Size","20","0.3135853898029506","2.98356568610482","0.6203181864638909","2.91836761749514","0.9067926949014709","2.790820948729066","1.1604886044397582","2.6065000812685004","1.3703181864638934","2.3734607214911176","1.5271108813653747","2.101887807666109","1.6240140960021823","1.8036503792790475","1.656792694901476","1.4917828430524085","1.6240140960021852","1.1799153068257702","1.527110881365379","0.8816778784387087","1.3703181864638998","0.6101049646136996","1.1604886044397666","0.37706560483631785","0.9067926949014797","0.19274473737575143","0.6203181864639017","0.06519806860967903","0.31358538980296013","2.7755575615628914E-17","-0","-0","-0.2535841526563051","-2.4126920481873677","3.332978715374715","-0.8158513776775054","3.7433555629324955","3.088623513562273","0.5671695424592569","5.396257734292183"
"IsShading","True"
"Disp3D","True"
"LayerSize","8"
"DispLayerBit","28","00","00","00","00","00","00","00"
"ElementEnd"
"Element"
"Name","ナット1"
"PrimitiveId","Extrusion","PrimitiveFace","TOP","LineColor","Blue","LineThickness","1","LineType","0","Reverse","False","FaceColors","1","Silver"
"ExtrusionData","Vector","0","-2.6","0","SrcFace","XY","Close","True","Cp","31.299038105676658","-20","-0.75","U","-0.587785252292474","0","-0.8090169943749469","V","-0.8090169943749493","0","0.5877852522924705","Size","20","0.3135853898029506","2.98356568610482","0.6203181864638909","2.91836761749514","0.9067926949014709","2.790820948729066","1.1604886044397582","2.6065000812685004","1.3703181864638934","2.3734607214911176","1.5271108813653747","2.101887807666109","1.6240140960021823","1.8036503792790475","1.656792694901476","1.4917828430524085","1.6240140960021852","1.1799153068257702","1.527110881365379","0.8816778784387087","1.3703181864638998","0.6101049646136996","1.1604886044397666","0.37706560483631785","0.9067926949014797","0.19274473737575143","0.6203181864639017","0.06519806860967903","0.31358538980296013","2.7755575615628914E-17","-0","-0","-0.2535841526563051","-2.4126920481873677","3.332978715374715","-0.8158513776775054","3.7433555629324955","3.088623513562273","0.5671695424592569","5.396257734292183"
"IsShading","True"
"Disp3D","True"
"LayerSize","8"
"DispLayerBit","18","00","00","00","00","00","00","00"
"ElementEnd"
"Element"
"Name","ナット1"
"PrimitiveId","Extrusion","PrimitiveFace","TOP","LineColor","Blue","LineThickness","1","LineType","0","Reverse","False","FaceColors","1","Silver"
"ExtrusionData","Vector","0","-2.6","0","SrcFace","XY","Close","True","Cp","28.700961894323342","-20","0.75","U","0.5877852522924727","0","0.8090169943749479","V","0.809016994374951","0","-0.587785252292468","Size","21","0","-0","0.31358538980295975","2.7755575615628914E-17","0.620318186463901","0.06519806860967942","0.9067926949014788","0.1927447373757526","1.1604886044397653","0.37706560483631957","1.3703181864638978","0.6101049646137018","1.5271108813653766","0.8816778784387117","1.6240140960021818","1.179915306825773","1.6567926949014722","1.4917828430524123","1.624014096002178","1.803650379279052","1.5271108813653693","2.101887807666113","1.370318186463885","2.3734607214911243","1.1604886044397487","2.6065000812685057","1.0384705733401736","2.7053083346148328","0.7668976595151629","2.8621010295163134","0.46866023112810096","2.95900424415312","0.3135853898029419","2.9835656861048205","0.5671695424592422","5.3962577342921865","3.743355562932484","3.088623513562282","3.3329787153747192","-0.8158513776774965","-0.2535841526562964","-2.412692048187366"
"IsShading","True"
"Disp3D","True"
"LayerSize","8"
"DispLayerBit","18","00","00","00","00","00","00","00"
"ElementEnd"
"Element"
"Name","ナット2"
"PrimitiveId","Extrusion","PrimitiveFace","TOP","LineColor","Blue","LineThickness","1","LineType","0","Reverse","False","FaceColors","1","Silver"
"ExtrusionData","Vector","0","-2.6","0","SrcFace","XY","Close","True","Cp","29.24422327715552","-23","1.2956857432288338","U","0.9117253470466578","0","0.4108003061739996","V","0.41080030617400465","0","-0.9117253470466551","Size","21","0","-0","0.31358538980295975","2.7755575615628914E-17","0.620318186463901","0.06519806860967942","0.9067926949014788","0.1927447373757526","1.1604886044397653","0.37706560483631957","1.3703181864638978","0.6101049646137018","1.5271108813653766","0.8816778784387117","1.6240140960021818","1.179915306825773","1.6567926949014722","1.4917828430524123","1.624014096002178","1.803650379279052","1.5271108813653693","2.101887807666113","1.370318186463885","2.3734607214911243","1.1604886044397487","2.6065000812685057","1.0384705733401736","2.7053083346148328","0.7668976595151629","2.8621010295163134","0.46866023112810096","2.95900424415312","0.3135853898029419","2.9835656861048205","0.5671695424592422","5.3962577342921865","3.743355562932484","3.088623513562282","3.3329787153747192","-0.8158513776774965","-0.2535841526562964","-2.412692048187366"
"IsShading","True"
"Disp3D","True"
"LayerSize","8"
"DispLayerBit","18","00","00","00","00","00","00","00"
"ElementEnd"
"Element"
"Name","ナット2"
"PrimitiveId","Extrusion","PrimitiveFace","TOP","LineColor","Blue","LineThickness","1","LineType","0","Reverse","False","FaceColors","1","Silver"
"ExtrusionData","Vector","0","-2.6","0","SrcFace","XY","Close","True","Cp","30.75577672284448","-23","-1.2956857432288338","U","-0.9117253470466583","0","-0.41080030617399804","V","-0.4108003061740019","0","0.9117253470466564","Size","20","0.3135853898029506","2.98356568610482","0.6203181864638909","2.91836761749514","0.9067926949014709","2.790820948729066","1.1604886044397582","2.6065000812685004","1.3703181864638934","2.3734607214911176","1.5271108813653747","2.101887807666109","1.6240140960021823","1.8036503792790475","1.656792694901476","1.4917828430524085","1.6240140960021852","1.1799153068257702","1.527110881365379","0.8816778784387087","1.3703181864638998","0.6101049646136996","1.1604886044397666","0.37706560483631785","0.9067926949014797","0.19274473737575143","0.6203181864639017","0.06519806860967903","0.31358538980296013","2.7755575615628914E-17","-0","-0","-0.2535841526563051","-2.4126920481873677","3.332978715374715","-0.8158513776775054","3.7433555629324955","3.088623513562273","0.5671695424592569","5.396257734292183"
"IsShading","True"
"Disp3D","True"
"LayerSize","8"
"DispLayerBit","18","00","00","00","00","00","00","00"
"ElementEnd"
"Element"
"Name","中心線"
"PrimitiveId","Line","PrimitiveFace","TOP","LineColor","Blue","LineThickness","1","LineType","2","Reverse","False","FaceColors","1","Blue"
"LineData","Sp","30","-20","-5","V","0","0","10"
"IsShading","True"
"Disp3D","True"
"LayerSize","8"
"DispLayerBit","40","00","00","00","00","00","00","00"
"ElementEnd"
