﻿"DataManage"
"AppName","Mini3DCad"
"PrimitiveBrush","Silver"
"Face","NON"
"ArcDivideAngle","0.2617993877991494"
"RevolutionDivideAngle","0.17453292519943295"
"SweepDivideAngle","0.3490658503988659"
"SurfaceVertex","False"
"ZumenComment","Potensionmeter 3296W
"
"Area","-1","-6.5","-6.100285134998489","10","11.6","0.3"
"Layer"
"LayerSize","64"
"DispLayerBit","0F","00","00","00","00","00","00","00"
"LayerAll","False"
"LayerList","0","中心線","1","本体","2","端子","3","つまみ"
"LayerEnd"
"DataManageEnd"
"DataDraw"
"WorldSize","30"
"GridSize","1"
"World","-1","7.953489538915336","10","-2.1532044039168463"
"DataDrawEnd"
"Element"
"Name","中心線"
"PrimitiveId","Line","PrimitiveFace","FRONT","LineColor","Black","LineThickness","1","LineType","2","Reverse","False","DivideAngle","0.20943951023931953","FaceColors","1","Black"
"LineData","Sp","4.75","11","0","V","0","-12","0"
"IsShading","True"
"Disp3D","True"
"LayerSize","8"
"DispLayerBit","01","00","00","00","00","00","00","00"
"ElementEnd"
"Element"
"Name","本体"
"PrimitiveId","Extrusion","PrimitiveFace","FRONT","LineColor","Blue","LineThickness","1","LineType","0","Reverse","False","DivideAngle","0.20943951023931953","FaceColors","1","Blue"
"ExtrusionData","Vector","0","0","-4","SrcFace","XY","Close","True","Cp","0.6","0.5","0","U","1","0","0","V","0","-1","0","Size","8","Multi","False","-3.3306690738754696E-16","0.49999999999999994","-0.6","0.5","-0.6","-9.5","8.9","-9.5","8.9","0.5","8.3","0.5","8.299999999999999","0","0","-0"
"IsShading","True"
"Disp3D","True"
"LayerSize","8"
"DispLayerBit","02","00","00","00","00","00","00","00"
"ElementEnd"
"Element"
"Name","本体"
"PrimitiveId","Extrusion","PrimitiveFace","FRONT","LineColor","Blue","LineThickness","1","LineType","0","Reverse","False","DivideAngle","0.20943951023931953","FaceColors","1","Blue"
"ExtrusionData","Vector","0","0","0.3","SrcFace","XY","Close","True","Cp","0","0","0","U","1","0","0","V","0","1","0","Size","4","Multi","False","0","0","0","0.8","0.6","0.8","0.6","0"
"IsShading","True"
"Disp3D","True"
"LayerSize","8"
"DispLayerBit","02","00","00","00","00","00","00","00"
"ElementEnd"
"Element"
"Name","本体"
"PrimitiveId","Extrusion","PrimitiveFace","FRONT","LineColor","Blue","LineThickness","1","LineType","0","Reverse","False","DivideAngle","0.20943951023931953","FaceColors","1","Blue"
"ExtrusionData","Vector","0","0","-0.3","SrcFace","XY","Close","True","Cp","0","10","0.3","U","1","0","0","V","0","-1","0","Size","4","Multi","False","0","0","0","0.8","0.6","0.8","0.6","0"
"IsShading","True"
"Disp3D","True"
"LayerSize","8"
"DispLayerBit","02","00","00","00","00","00","00","00"
"ElementEnd"
"Element"
"Name","本体"
"PrimitiveId","Extrusion","PrimitiveFace","FRONT","LineColor","Blue","LineThickness","1","LineType","0","Reverse","False","DivideAngle","0.20943951023931953","FaceColors","1","Blue"
"ExtrusionData","Vector","0","0","0.3","SrcFace","XY","Close","True","Cp","9.5","10","0","U","-1","0","0","V","0","-1","0","Size","4","Multi","False","0","0","0","0.8","0.6","0.8","0.6","0"
"IsShading","True"
"Disp3D","True"
"LayerSize","8"
"DispLayerBit","02","00","00","00","00","00","00","00"
"ElementEnd"
"Element"
"Name","本体"
"PrimitiveId","Extrusion","PrimitiveFace","FRONT","LineColor","Blue","LineThickness","1","LineType","0","Reverse","False","DivideAngle","0.20943951023931953","FaceColors","1","Blue"
"ExtrusionData","Vector","0","0","-0.3","SrcFace","XY","Close","True","Cp","9.5","0","0.3","U","-1","0","0","V","0","1","0","Size","4","Multi","False","0","0","0","0.8","0.6","0.8","0.6","0"
"IsShading","True"
"Disp3D","True"
"LayerSize","8"
"DispLayerBit","02","00","00","00","00","00","00","00"
"ElementEnd"
"Element"
"Name","中心線"
"PrimitiveId","Line","PrimitiveFace","FRONT","LineColor","Black","LineThickness","1","LineType","2","Reverse","False","DivideAngle","0.20943951023931953","FaceColors","1","Black"
"LineData","Sp","-1","5","0","V","11","0","0"
"IsShading","True"
"Disp3D","True"
"LayerSize","8"
"DispLayerBit","01","00","00","00","00","00","00","00"
"ElementEnd"
"Element"
"Name","ポリゴン"
"PrimitiveId","Line","PrimitiveFace","RIGHT","LineColor","Goldenrod","LineThickness","1","LineType","0","Reverse","False","DivideAngle","0.20943951023931953","FaceColors","1","Goldenrod"
"LineData","Sp","0.022748197125040726","0","-6.1","V","-0.017706935816417246","0","-0.000285134998489589"
"IsShading","True"
"Disp3D","True"
"LayerSize","8"
"DispLayerBit","00","00","00","00","00","00","00","00"
"ElementEnd"
"Element"
"Name","ポリゴン"
"PrimitiveId","Line","PrimitiveFace","RIGHT","LineColor","Goldenrod","LineThickness","1","LineType","0","Reverse","False","DivideAngle","0.20943951023931953","FaceColors","1","Goldenrod"
"LineData","Sp","1.9949587386913765","0","-6.100285134998488","V","-0.013968822278817683","0","0.00028513499848870083"
"IsShading","True"
"Disp3D","True"
"LayerSize","8"
"DispLayerBit","00","00","00","00","00","00","00","00"
"ElementEnd"
"Element"
"Name","ポリゴン"
"PrimitiveId","Line","PrimitiveFace","RIGHT","LineColor","Goldenrod","LineThickness","1","LineType","0","Reverse","False","DivideAngle","0.20943951023931953","FaceColors","1","Goldenrod"
"LineData","Sp","1.977084943886229","0","-5.9","V","0.017952246323760246","0","-0.000496280979001007"
"IsShading","True"
"Disp3D","True"
"LayerSize","8"
"DispLayerBit","00","00","00","00","00","00","00","00"
"ElementEnd"
"Element"
"Name","端子-押出"
"PrimitiveId","Extrusion","PrimitiveFace","FRONT","LineColor","Silver","LineThickness","1","LineType","0","Reverse","False","DivideAngle","0.20943951023931953","FaceColors","1","Silver"
"ExtrusionData","Vector","0","0","-0.3999999999999999","SrcFace","XY","Close","True","Cp","1.9499999999999993","0.49999999999999994","-1.6","U","1","0","0","V","0","1","0","Size","4","Multi","False","0.4","0","0.4","-7","0","-7","0","0"
"IsShading","True"
"Disp3D","True"
"LayerSize","8"
"DispLayerBit","04","00","00","00","00","00","00","00"
"ElementEnd"
"Element"
"Name","端子-押出"
"PrimitiveId","Extrusion","PrimitiveFace","FRONT","LineColor","Silver","LineThickness","1","LineType","0","Reverse","False","DivideAngle","0.20943951023931953","FaceColors","1","Silver"
"ExtrusionData","Vector","0","0","-0.3999999999999999","SrcFace","XY","Close","True","Cp","4.55","0.49999999999999994","-1.6","U","1","0","0","V","0","1","0","Size","4","Multi","False","0.4","0","0.4","-7","0","-7","0","0"
"IsShading","True"
"Disp3D","True"
"LayerSize","8"
"DispLayerBit","04","00","00","00","00","00","00","00"
"ElementEnd"
"Element"
"Name","端子-押出"
"PrimitiveId","Extrusion","PrimitiveFace","FRONT","LineColor","Silver","LineThickness","1","LineType","0","Reverse","False","DivideAngle","0.20943951023931953","FaceColors","1","Silver"
"ExtrusionData","Vector","0","0","-0.3999999999999999","SrcFace","XY","Close","True","Cp","7.1499999999999995","0.49999999999999994","-1.6","U","1","0","0","V","0","1","0","Size","4","Multi","False","0.4","0","0.4","-7","0","-7","0","0"
"IsShading","True"
"Disp3D","True"
"LayerSize","8"
"DispLayerBit","04","00","00","00","00","00","00","00"
"ElementEnd"
"Element"
"Name","つまみ"
"PrimitiveId","Extrusion","PrimitiveFace","TOP","LineColor","Goldenrod","LineThickness","1","LineType","0","Reverse","False","DivideAngle","0.20943951023931953","FaceColors","1","Goldenrod"
"ExtrusionData","Vector","0","1.1999999999999993","0","SrcFace","XY","Close","True","Cp","2","10","-3","U","-0.13052619222005235","0","-0.9914448613738103","V","-0.991444861373812","0","0.13052619222003936","Size","24","Multi","False","-0.2521572401450398","0.06756532886252448","-0.4782352367886732","0.19809152108257655","-0.6628271480711886","0.38268343236509106","-0.7933533402912432","0.608761429008722","-0.8609186691537689","0.8609186691537598","-0.8609186691537727","1.121971053593863","-0.7933533402912516","1.3741282937389006","-0.662827148071204","1.6002062903825311","-0.4782352367886916","1.7847982016650452","-0.2521572401450619","1.9153243938850968","-2.5368596112684827E-14","1.9828897227476208","0.2610523844400787","1.9828897227476205","0.5132096245851168","1.9153243938850963","0.7392876212287502","1.7847982016650448","0.9238795325112674","1.60020629038253","1.054405724731322","1.3741282937388994","1.1219710535938476","1.1219710535938607","1.1219710535938514","0.8609186691537577","1.0544057247313303","0.6087614290087198","0.9238795325112826","0.38268343236508895","0.7392876212287702","0.19809152108257466","0.5132096245851405","0.06756532886252309","0.2610523844401023","-0","0","-0"
"IsShading","True"
"Disp3D","True"
"LayerSize","8"
"DispLayerBit","08","00","00","00","00","00","00","00"
"ElementEnd"
"Element"
"Name","つもみ"
"PrimitiveId","Extrusion","PrimitiveFace","RIGHT","LineColor","Goldenrod","LineThickness","1","LineType","0","Reverse","False","DivideAngle","0.20943951023931953","FaceColors","1","Goldenrod"
"ExtrusionData","Vector","0","0.4","0","SrcFace","XY","Close","True","Cp","1.9796802645496614","11.2","-3.183528561379485","U","-0.7748505176046461","0","-0.6321445051313915","V","-0.6321445051313918","0","0.774850517604646","Size","5","Multi","True","0.00805669880539792","0.007302887441794331","0","1.508733728869156","1.2315967570055886","0","1.5180021315392929","1.2389986417853007","0","1.2646385752470446","-0","1","-0","-0","0"
"IsShading","True"
"Disp3D","True"
"LayerSize","8"
"DispLayerBit","08","00","00","00","00","00","00","00"
"ElementEnd"
"Element"
"Name","つもみ"
"PrimitiveId","Extrusion","PrimitiveFace","RIGHT","LineColor","Goldenrod","LineThickness","1","LineType","0","Reverse","True","DivideAngle","0.20943951023931953","FaceColors","1","Goldenrod"
"ExtrusionData","Vector","0","0.4","0","SrcFace","XY","Close","True","Cp","1.9638797354603108","11.2","-2.7829629131445346","U","-1","0","0","V","0","0","1","Size","5","Multi","True","-0","0","0","1.9322385546653342","-0","0","-0.015913606919076617","0.00013211017924064095","0","0.9634102391543933","0.8000000068706008","1","1.943086218279273","0.0005634405494809869","0"
"IsShading","True"
"Disp3D","True"
"LayerSize","8"
"DispLayerBit","08","00","00","00","00","00","00","00"
"ElementEnd"
