﻿"DataManage"
"AppName","Mini3DCad"
"PrimitiveBrush","Blue"
"Face","TOP"
"ArcDivideAngle","0.2617993877991494"
"RevolutionDivideAngle","0.2617993877991494"
"SweepDivideAngle","0.2617993877991494"
"SurfaceVertex","False"
"ZumenComment",""
"Area","-31.999999999999993","-2.000000000000007","-22","31","57","22"
"Layer"
"LayerSize","64"
"DispLayerBit","EE","00","00","00","00","00","00","00"
"LayerAll","False"
"LayerList","0","止金具","1","本体","2","カバー","3","端子","4","中心線","5","止金具抑え","6","止金具リング","7","止金具ねじ"
"LayerEnd"
"DataManageEnd"
"DataDraw"
"WorldSize","30"
"GridSize","1"
"World","-31.999999999999993","28.527224058774443","31","-28.527224058774443"
"DataDrawEnd"
"Element"
"Name","要素名"
"PrimitiveId","Line","PrimitiveFace","FRONT","LineColor","Black","LineThickness","1","LineType","2","Reverse","False","DivideAngle","0.20943951023931953","FaceColors","1","Black"
"LineData","Sp","8.5","9","1","V","0","-9","0"
"IsShading","True"
"Disp3D","True"
"LayerSize","8"
"DispLayerBit","10","00","00","00","00","00","00","00"
"ElementEnd"
"Element"
"Name","中心線"
"PrimitiveId","Line","PrimitiveFace","FRONT","LineColor","Blue","LineThickness","1","LineType","2","Reverse","False","DivideAngle","0.20943951023931953","FaceColors","1","Blue"
"LineData","Sp","0","45","1","V","0","-47.00000000000001","0"
"IsShading","True"
"Disp3D","True"
"LayerSize","8"
"DispLayerBit","10","00","00","00","00","00","00","00"
"ElementEnd"
"Element"
"Name","端子中心線1"
"PrimitiveId","Line","PrimitiveFace","FRONT","LineColor","Black","LineThickness","1","LineType","2","Reverse","False","DivideAngle","0.20943951023931953","FaceColors","1","Black"
"LineData","Sp","4.5","57","-2.4000000000000057","V","0","-15","0"
"IsShading","True"
"Disp3D","True"
"LayerSize","8"
"DispLayerBit","10","00","00","00","00","00","00","00"
"ElementEnd"
"Element"
"Name","端子中心線1"
"PrimitiveId","Line","PrimitiveFace","FRONT","LineColor","Black","LineThickness","1","LineType","2","Reverse","False","DivideAngle","0.20943951023931953","FaceColors","1","Black"
"LineData","Sp","-4.5","57","-2.4000000000000057","V","0","-15","0"
"IsShading","True"
"Disp3D","True"
"LayerSize","8"
"DispLayerBit","10","00","00","00","00","00","00","00"
"ElementEnd"
"Element"
"Name","要素名"
"PrimitiveId","Line","PrimitiveFace","TOP","LineColor","Black","LineThickness","1","LineType","2","Reverse","False","DivideAngle","0.20943951023931953","FaceColors","1","Black"
"LineData","Sp","-7.105427357601002E-15","0","-22","V","0","0","44"
"IsShading","True"
"Disp3D","True"
"LayerSize","8"
"DispLayerBit","10","00","00","00","00","00","00","00"
"ElementEnd"
"Element"
"Name","要素名"
"PrimitiveId","Line","PrimitiveFace","TOP","LineColor","Black","LineThickness","1","LineType","2","Reverse","False","DivideAngle","0.20943951023931953","FaceColors","1","Black"
"LineData","Sp","-31.999999999999993","0","0","V","62.99999999999999","0","0"
"IsShading","True"
"Disp3D","True"
"LayerSize","8"
"DispLayerBit","10","00","00","00","00","00","00","00"
"ElementEnd"
"Element"
"Name","要素名"
"PrimitiveId","Line","PrimitiveFace","TOP","LineColor","Black","LineThickness","1","LineType","2","Reverse","False","DivideAngle","0.20943951023931953","FaceColors","1","Black"
"LineData","Sp","-4.500000000000007","0","-5","V","0","0","10"
"IsShading","True"
"Disp3D","True"
"LayerSize","8"
"DispLayerBit","10","00","00","00","00","00","00","00"
"ElementEnd"
"Element"
"Name","要素名"
"PrimitiveId","Line","PrimitiveFace","TOP","LineColor","Black","LineThickness","1","LineType","2","Reverse","False","DivideAngle","0.20943951023931953","FaceColors","1","Black"
"LineData","Sp","4.499999999999993","0","-5","V","0","0","10"
"IsShading","True"
"Disp3D","True"
"LayerSize","8"
"DispLayerBit","10","00","00","00","00","00","00","00"
"ElementEnd"
"Element"
"Name","要素名"
"PrimitiveId","Line","PrimitiveFace","TOP","LineColor","Silver","LineThickness","1","LineType","0","Reverse","False","DivideAngle","0.20943951023931953","FaceColors","1","Silver"
"LineData","Sp","3.0028505309657945","0","-12.133956019727385","V","-0.0028505309658015676","0","0"
"IsShading","True"
"Disp3D","True"
"LayerSize","8"
"DispLayerBit","20","00","00","00","00","00","00","00"
"ElementEnd"
"Element"
"Name","要素名"
"PrimitiveId","Line","PrimitiveFace","TOP","LineColor","Silver","LineThickness","1","LineType","0","Reverse","False","DivideAngle","0.20943951023931953","FaceColors","1","Silver"
"LineData","Sp","-3.000000000000007","0","-12.174699590988148","V","-0.0028505309658015676","0","0.040743571260762224"
"IsShading","True"
"Disp3D","True"
"LayerSize","8"
"DispLayerBit","20","00","00","00","00","00","00","00"
"ElementEnd"
"Element"
"Name","要素名"
"PrimitiveId","Line","PrimitiveFace","TOP","LineColor","Silver","LineThickness","1","LineType","0","Reverse","False","DivideAngle","0.20943951023931953","FaceColors","1","Silver"
"LineData","Sp","-2.9906996504565626","0","-12.13695660372727","V","-0.009300349543444497","0","-0.037742987260877214"
"IsShading","True"
"Disp3D","True"
"LayerSize","8"
"DispLayerBit","20","00","00","00","00","00","00","00"
"ElementEnd"
"Element"
"Name","止金具支え"
"PrimitiveId","Extrusion","PrimitiveFace","TOP","LineColor","Silver","LineThickness","1","LineType","0","Reverse","False","DivideAngle","0.20943951023931953","FaceColors","1","Silver"
"ExtrusionData","Vector","0","0.5","0","SrcFace","XY","Close","True","Cp","-25","0","0","U","0.3826834323650896","0","0.9238795325112867","V","0.9238795325112867","0","-0.3826834323650897","Size","13","Multi","True","-0","-0","0","3.826834323650898","-0","1","6.532814824381883","2.7059805007309854","0","9.802308415641884","10.599236270842793","0","9.804094452590565","10.599235438648215","0","7.244798902833708","10.814603221731758","1","4.7835429045636255","11.54849415639109","0","3.138004145393732","7.575812166592541","0","4.058037515642261","6.6557787963440065","1","4.058037515642261","5.354655126302716","0","2.9865239050200048","2.767792435271102","0","2.06649053477148","1.8477590650225773","1","0.7653668647301797","1.8477590650225735","0"
"IsShading","True"
"Disp3D","True"
"LayerSize","8"
"DispLayerBit","20","00","00","00","00","00","00","00"
"ElementEnd"
"Element"
"Name","止金具リング"
"PrimitiveId","Extrusion","PrimitiveFace","TOP","LineColor","Silver","LineThickness","1","LineType","0","Reverse","False","DivideAngle","0.20943951023931953","FaceColors","1","Silver"
"ExtrusionData","Vector","0","9","0","SrcFace","XY","Close","False","Cp","7.894700420223813","0.5","9.69142431611153","U","-0.8370843666049531","0","0.5470738187718223","V","-0.5470738187718176","0","-0.837084366604956","Size","97","Multi","False","0","-0","2.6132115816913344","-2.220446049250313E-16","5.169318220532511","0.5433172384139942","7.556605790845676","1.6062061447979246","9.670738370331408","3.1422133736359736","11.419318220532537","5.084208038447488","12.725924011378217","7.347315653655902","13.533450800018292","9.832627556881409","13.806605790845733","12.431523692103404","13.533450800018315","15.030419827325396","12.725924011378272","17.51573173055091","11.41931822053262","19.778839345759323","9.670738370331517","21.720834010570837","7.5566057908457935","23.256841239408903","5.16931822053264","24.319730145792843","2.6132115816914787","24.863047384206844","1.3855583347321954E-13","24.86304738420685","-2.5561066388410385","24.319730145792857","-4.943394209154201","23.25684123940892","-7.057526788639937","21.720834010570865","-8.806106638841067","19.778839345759355","-10.112712429686749","17.515731730550947","-10.92023921832682","15.030419827325433","-11.19339420915427","12.431523692103438","-10.920239218326852","9.832627556881443","-10.112712429686807","7.347315653655938","-8.80610663884115","5.084208038447518","-7.057526788640049","3.1422133736360056","-4.9433942091543335","1.6062061447979439","-2.5561066388411904","0.5433172384140053","-2.486950087354985","0.5210688813512596","-2.483036173416123","0.5198160082734675","-2.2125971176650645","0.400349217116883","-1.9729063466833825","0.22726562063534206","-1.774439497326909","0.008129802542333642","-1.6258705232621329","-0.2474809503811648","-1.5336926015687113","-0.5283952216759076","-1.501934349743392","-0.822335709710094","-1.5319837557839402","-1.1164558046736786","-2.997858592372508","-8.112762211326523","-3.487232411929903","-8.010227998832306","-2.0213575753413515","-1.0139215921794633","-2.001932238691746","-0.8237886540318788","-2.0224622529049023","-0.6337718221748261","-2.0820503578457608","-0.45217574396237614","-2.178092267392959","-0.2869370394070896","-2.3063904892390736","-0.14527743280129135","-2.46133777544626","-0.03338812871187735","-2.636162186087676","0.043840773368002184","-2.6386923224830032","0.04465068892117441","-2.7106151360287343","0.06778898026645841","-5.1933942091544","1.1731934429057769","-7.392092091819536","2.770640960897374","-9.210615136028665","4.790315412301361","-10.569485158508126","7.143947332118126","-11.409313018693753","9.72867171147266","-11.693394209154244","12.431523692103537","-11.409313018693679","15.134375672734409","-10.56948515850798","17.719100052088937","-9.210615136028458","20.07273197190567","-7.392092091819266","22.092406423309633","-5.19339420915409","23.689853941301187","-2.710615136028389","24.79525840394046","-0.05226423163356486","25.360308331890987","2.665475813325429","25.360308331890963","5.323826717720239","24.795258403940384","7.806605790845911","23.689853941301067","10.005303673511047","22.09240642330947","11.823826717720173","20.072731971905483","13.182696740199638","17.71910005208872","14.02252460038527","15.13437567273418","14.306605790845758","12.431523692103301","14.022524600385195","9.728671711472431","13.182696740199495","7.143947332117905","11.823826717719971","4.790315412301169","10.00530367351078","2.770640960897211","7.806605790845611","1.173193442905656","5.3238267177199114","0.06778898026638247","2.6654758133250898","-0.49726094768415185","-0.2433869091805191","-0.4972609476841402","-0.43033309766856154","-0.5369975867264819","-0.6049323515937624","-0.6147341830074647","-0.7595538457394148","-0.7270732742480248","-0.8874398788551001","-0.869105103098188","-0.9830012176284001","-1.0346221970928602","-1.042061373000736","-1.2163906649853535","-1.0426099362265606","-1.2189900171678973","-2.5084847728155446","-8.21529642382065","-2.997858592372508","-8.112762211326523","-1.531983755783964","-1.116455804673694","-1.5311351733676373","-1.1124348195764173","-1.439773946449686","-0.8312538755549189","-1.2919483760425503","-0.5752124769519116","-1.0941191489188045","-0.35550086150929866","-0.8549323515937183","-0.18172148111522807","-0.5848415948559897","-0.06146932857890561","-0.29565114081430044","-1.3739009929736312E-14"
"IsShading","True"
"Disp3D","True"
"LayerSize","8"
"DispLayerBit","40","00","00","00","00","00","00","00"
"ElementEnd"
"Element"
"Name","止金具支え"
"PrimitiveId","Extrusion","PrimitiveFace","TOP","LineColor","Silver","LineThickness","1","LineType","0","Reverse","False","DivideAngle","0.20943951023931953","FaceColors","1","Silver"
"ExtrusionData","Vector","0","0.5","0","SrcFace","XY","Close","True","Cp","-25","0","0","U","0.38268343236508984","0","-0.9238795325112867","V","0.9238795325112867","0","0.38268343236508995","Size","13","Multi","True","0.7653668647301797","1.8477590650225735","0","2.06649053477148","1.8477590650225773","1","2.9865239050200048","2.767792435271102","0","4.058037515642261","5.354655126302716","0","4.058037515642261","6.6557787963440065","1","3.138004145393732","7.575812166592541","0","4.7835429045636255","11.54849415639109","0","7.2505220674237725","10.813522497686469","1","9.815740872379651","10.59946173111335","0","9.802718506939014","10.600226318814137","0","6.532814824381883","2.7059805007309854","0","3.826834323650898","0","1","0","-0","0"
"IsShading","True"
"Disp3D","True"
"LayerSize","8"
"DispLayerBit","20","00","00","00","00","00","00","00"
"ElementEnd"
"Element"
"Name","止金具支え"
"PrimitiveId","Extrusion","PrimitiveFace","TOP","LineColor","Silver","LineThickness","1","LineType","0","Reverse","False","DivideAngle","0.20943951023931953","FaceColors","1","Silver"
"ExtrusionData","Vector","0","0.5","0","SrcFace","XY","Close","True","Cp","3.000000000000007","0","-18","U","-2.4228488195257756E-15","0","1","V","-1","0","-2.372263785737612E-15","Size","6","Multi","True","0","-0","0","5.865349336151933","1.5777218104420236E-30","0","5.500000917830832","2.9952096391302883","1","5.8630433962727295","5.9906996504565555","0","5.8253004090118665","6","0","1.4233582714425705E-14","6.000000000000014","0"
"IsShading","True"
"Disp3D","True"
"LayerSize","8"
"DispLayerBit","20","00","00","00","00","00","00","00"
"ElementEnd"
"Element"
"Name","止金具支え"
"PrimitiveId","Extrusion","PrimitiveFace","TOP","LineColor","Silver","LineThickness","1","LineType","0","Reverse","False","DivideAngle","0.20943951023931953","FaceColors","1","Silver"
"ExtrusionData","Vector","0","0.5","0","SrcFace","XY","Close","True","Cp","25","0","0","U","-0.3826834323650897","0","-0.9238795325112867","V","-0.9238795325112867","0","0.38268343236508984","Size","13","Multi","True","-0","-0","0","3.826834323650898","-0","1","6.532814824381883","2.7059805007309854","0","9.802308415641884","10.599236270842793","0","9.804094452590565","10.599235438648215","0","7.244798902833708","10.814603221731758","1","4.7835429045636255","11.54849415639109","0","3.138004145393732","7.575812166592541","0","4.058037515642261","6.6557787963440065","1","4.058037515642261","5.354655126302716","0","2.9865239050200048","2.767792435271102","0","2.06649053477148","1.8477590650225773","1","0.7653668647301797","1.8477590650225735","0"
"IsShading","True"
"Disp3D","True"
"LayerSize","8"
"DispLayerBit","20","00","00","00","00","00","00","00"
"ElementEnd"
"Element"
"Name","止金具支え"
"PrimitiveId","Extrusion","PrimitiveFace","TOP","LineColor","Silver","LineThickness","1","LineType","0","Reverse","False","DivideAngle","0.20943951023931953","FaceColors","1","Silver"
"ExtrusionData","Vector","0","0.5","0","SrcFace","XY","Close","True","Cp","25","0","0","U","-0.3826834323650897","0","0.9238795325112867","V","-0.9238795325112867","0","-0.38268343236508984","Size","13","Multi","True","0.7653668647301797","1.8477590650225735","0","2.06649053477148","1.8477590650225773","1","2.9865239050200048","2.767792435271102","0","4.058037515642261","5.354655126302716","0","4.058037515642261","6.6557787963440065","1","3.138004145393732","7.575812166592541","0","4.7835429045636255","11.54849415639109","0","7.2505220674237725","10.813522497686469","1","9.815740872379651","10.59946173111335","0","9.802718506939014","10.600226318814137","0","6.532814824381883","2.7059805007309854","0","3.826834323650898","0","1","0","-0","0"
"IsShading","True"
"Disp3D","True"
"LayerSize","8"
"DispLayerBit","20","00","00","00","00","00","00","00"
"ElementEnd"
"Element"
"Name","止金具支え"
"PrimitiveId","Extrusion","PrimitiveFace","TOP","LineColor","Silver","LineThickness","1","LineType","0","Reverse","False","DivideAngle","0.20943951023931953","FaceColors","1","Silver"
"ExtrusionData","Vector","0","0.5","0","SrcFace","XY","Close","True","Cp","-3.000000000000007","0","18","U","2.5453134994405108E-15","0","-1","V","1","0","2.494728465652347E-15","Size","6","Multi","True","0","-0","0","5.865349336151933","1.5777218104420236E-30","0","5.500000917830832","2.9952096391302883","1","5.8630433962727295","5.9906996504565555","0","5.8253004090118665","6","0","1.4233582714425705E-14","6.000000000000014","0"
"IsShading","True"
"Disp3D","True"
"LayerSize","8"
"DispLayerBit","20","00","00","00","00","00","00","00"
"ElementEnd"
"Element"
"Name","カバー"
"PrimitiveId","Revolution","PrimitiveFace","FRONT","LineColor","DarkBlue","LineThickness","1","LineType","0","Reverse","True","DivideAngle","0.20943951023931953","FaceColors","1","DarkBlue"
"RevolutionData","StartAngle","0","EndAngle","6.283185307179586","Close","False","CenterLineSp","0","47.99999999999999","0","CenterLineV","0","-46.99999999999999","0","OutLineCp","0","2.5999999999999943","0","OutLineU","1","0","0","OutLineV","0","-1","0","OutLineSize","9","OutLine","8.5","0.5999999999999943","12.5","0.5999999999999943","12.5","-34.400000000000006","12.12868915161291","-35.542777285255376","11.980272010865548","-36.84512794642047","12.105872068736204","-38.14987677963231","12.499999999999986","-39.400000000000006","12.5","-40.400000000000006","8.5","-40.400000000000006"
"IsShading","True"
"Disp3D","True"
"LayerSize","8"
"DispLayerBit","04","00","00","00","00","00","00","00"
"ElementEnd"
"Element"
"Name","本体"
"PrimitiveId","Revolution","PrimitiveFace","FRONT","LineColor","Gray","LineThickness","1","LineType","0","Reverse","False","DivideAngle","0.20943951023931953","FaceColors","1","WhiteSmoke"
"RevolutionData","StartAngle","0","EndAngle","6.283185307179586","Close","False","CenterLineSp","0","0","0","CenterLineV","0","47","0","OutLineCp","0","2.5999999999999943","0","OutLineU","1","0","0","OutLineV","0","-1","0","OutLineSize","9","OutLine","-3.061616997868383E-17","0.09999999999999432","12.000000000000002","0.09999999999999433","12","-34.32080777983773","11.637604659457384","-35.436145953374606","11.477537124408734","-36.840728059268464","11.613208357766108","-38.25009750084738","11.999999999999986","-39.47695095386263","11.999999999999993","-39.900000000000006","3.061616997868383E-17","-39.900000000000006"
"IsShading","True"
"Disp3D","True"
"LayerSize","8"
"DispLayerBit","02","00","00","00","00","00","00","00"
"ElementEnd"
"Element"
"Name","端子-押出"
"PrimitiveId","Extrusion","PrimitiveFace","FRONT","LineColor","DarkGray","LineThickness","1","LineType","0","Reverse","True","DivideAngle","0.20943951023931953","FaceColors","1","Silver"
"ExtrusionData","Vector","-7.105427357601002E-15","0","0.4000000000000057","SrcFace","XY","Close","True","Cp","-4.5","50","-3.4000000000000057","U","0.9945218953682734","0.1045284632676531","0","V","-0.1045284632676274","0.9945218953682761","0","Size","22","Multi","False","-0.7316992428733917","-6.961653267577914","1.2573445478631604","-7.17071019411322","2.6162145703423167","5.758074445674334","0.6271707796057644","5.96713137220964","0.41811385307051313","3.978087581473093","0.5214970806205966","3.9617132868386276","0.7203220328786322","3.897111143747417","0.901370642095301","3.7925826804797595","1.0567302152802158","3.6526962924636686","1.1796107935872564","3.4835656861048157","1.264641906097971","3.292582680479762","1.3081072851710887","3.0880941493724743","1.3081072851711584","2.879037222837167","1.0990503586358893","0.8899934321006218","1.0826760640014292","0.7866102045505348","1.0180739209102296","0.5877852522924861","0.9135454576425871","0.4067366430758152","0.7736590696265023","0.2513770698908895","0.6045284632676481","0.12849649158384674","0.4135454576425991","0.043465379073122375","0.20905692653530722","-0","0","-0"
"IsShading","True"
"Disp3D","True"
"LayerSize","8"
"DispLayerBit","08","00","00","00","00","00","00","00"
"ElementEnd"
"Element"
"Name","端子-押出"
"PrimitiveId","Extrusion","PrimitiveFace","FRONT","LineColor","DarkGray","LineThickness","1","LineType","0","Reverse","True","DivideAngle","0.20943951023931953","FaceColors","1","Silver"
"ExtrusionData","Vector","-7.105427357601002E-15","0","0.4000000000000057","SrcFace","XY","Close","True","Cp","-4.5","56","-3.4000000000000057","U","-1","0","0","V","0","-1","0","Size","22","Multi","False","-0","-0","2","-0","2","13","-0","13","-0","6","0.10452846326766618","5.994521895368273","0.3090169943749608","5.951056516295154","0.5000000000000142","5.866025403784441","0.6691306063588733","5.743144825477394","0.8090169943749608","5.58778525229247","0.9135454576426163","5.406736643075803","0.9781476007338199","5.20791169081776","1.0000000000000142","5","1","3","0.9945218953682833","2.8954715367322734","0.9510565162951536","2.690983005624986","0.8660254037844304","2.499999999999943","0.7431448254773834","2.3308693936410947","0.5877852522924591","2.1909830056250215","0.4067366430757886","2.08645454235738","0.20791169081774896","2.021852399266187","-3.552713678800501E-15","2"
"IsShading","True"
"Disp3D","True"
"LayerSize","8"
"DispLayerBit","08","00","00","00","00","00","00","00"
"ElementEnd"
"Element"
"Name","端子-押出"
"PrimitiveId","Extrusion","PrimitiveFace","FRONT","LineColor","DarkGray","LineThickness","1","LineType","0","Reverse","True","DivideAngle","0.20943951023931953","FaceColors","1","Silver"
"ExtrusionData","Vector","-7.105427357601002E-15","0","0.4000000000000057","SrcFace","XY","Close","True","Cp","4.5","56","-3.4000000000000057","U","-1","0","0","V","0","-1","0","Size","22","Multi","False","-0","-0","2","-0","2","13","-0","13","-0","6","0.10452846326766618","5.994521895368273","0.3090169943749608","5.951056516295154","0.5000000000000142","5.866025403784441","0.6691306063588733","5.743144825477394","0.8090169943749608","5.58778525229247","0.9135454576426163","5.406736643075803","0.9781476007338199","5.20791169081776","1.0000000000000142","5","1","3","0.9945218953682833","2.8954715367322734","0.9510565162951536","2.690983005624986","0.8660254037844304","2.499999999999943","0.7431448254773834","2.3308693936410947","0.5877852522924591","2.1909830056250215","0.4067366430757886","2.08645454235738","0.20791169081774896","2.021852399266187","-3.552713678800501E-15","2"
"IsShading","True"
"Disp3D","True"
"LayerSize","8"
"DispLayerBit","08","00","00","00","00","00","00","00"
"ElementEnd"
"Element"
"Name","端子-押出"
"PrimitiveId","Extrusion","PrimitiveFace","FRONT","LineColor","DarkGray","LineThickness","1","LineType","0","Reverse","True","DivideAngle","0.20943951023931953","FaceColors","1","Silver"
"ExtrusionData","Vector","-7.105427357601002E-15","0","0.4000000000000057","SrcFace","XY","Close","True","Cp","4.5","50","-3.4000000000000057","U","0.9945218953682734","0.1045284632676531","0","V","-0.1045284632676274","0.9945218953682761","0","Size","22","Multi","False","-0.7316992428733917","-6.961653267577914","1.2573445478631604","-7.17071019411322","2.6162145703423167","5.758074445674334","0.6271707796057644","5.96713137220964","0.41811385307051313","3.978087581473093","0.5214970806205966","3.9617132868386276","0.7203220328786322","3.897111143747417","0.901370642095301","3.7925826804797595","1.0567302152802158","3.6526962924636686","1.1796107935872564","3.4835656861048157","1.264641906097971","3.292582680479762","1.3081072851710887","3.0880941493724743","1.3081072851711584","2.879037222837167","1.0990503586358893","0.8899934321006218","1.0826760640014292","0.7866102045505348","1.0180739209102296","0.5877852522924861","0.9135454576425871","0.4067366430758152","0.7736590696265023","0.2513770698908895","0.6045284632676481","0.12849649158384674","0.4135454576425991","0.043465379073122375","0.20905692653530722","-0","0","-0"
"IsShading","True"
"Disp3D","True"
"LayerSize","8"
"DispLayerBit","08","00","00","00","00","00","00","00"
"ElementEnd"
"Element"
"Name","端子下-押出"
"PrimitiveId","Extrusion","PrimitiveFace","TOP","LineColor","DarkGray","LineThickness","1","LineType","0","Reverse","False","DivideAngle","0.20943951023931953","FaceColors","1","Silver"
"ExtrusionData","Vector","0","0.4","0","SrcFace","XY","Close","True","Cp","1.4999999999999662","43","7.105427357601002E-15","U","0.1045284632676559","0","0.9945218953682731","V","0.99452189536827","0","-0.10452846326768411","Size","32","Multi","False","0.10452846326767763","0.9945218953682794","0.5226423163382921","0.9945218953682782","0.9316193785528875","1.0814526535145175","1.313585389803","1.2515148785359467","1.6518466025207237","1.4972760351500365","1.9316193785529172","1.8079951815198805","2.140676305088238","2.170092399953229","2.2698805912706583","2.5677423044693133","2.3135853898030603","2.9835656861048356","2.2698805912706863","3.399389067740358","2.140676305088287","3.797038972256444","1.9316193785529863","4.159136190689794","1.6518466025208187","4.469855337059639","1.3135853898031076","4.715616493673729","0.931619378553003","4.885678718695162","0.5226423163384171","4.9726094768414","0.6271707796061018","5.967131372209679","1.2406363729279735","5.836735234990321","1.8135853898031309","5.581641897458174","2.320977208879697","5.21300016253704","2.7406363729279524","4.746921442982273","3.0542217627309043","4.20377561533225","3.2480281920044995","3.6073007585581225","3.313585389803068","2.983565686104839","3.248028192004465","2.3598306136515563","3.054221762730834","1.7633557568774294","2.740636372927856","1.220209929227406","2.320977208879573","0.75413120967264","1.8135853898029846","0.3854894747515051","1.240636372927815","0.13039613721935941","0.6271707796059219","-0","0","-0"
"IsShading","True"
"Disp3D","True"
"LayerSize","8"
"DispLayerBit","08","00","00","00","00","00","00","00"
"ElementEnd"
"Element"
"Name","端子下-押出"
"PrimitiveId","Extrusion","PrimitiveFace","TOP","LineColor","DarkGray","LineThickness","1","LineType","0","Reverse","True","DivideAngle","0.20943951023931953","FaceColors","1","Black"
"ExtrusionData","Vector","0","0.4","0","SrcFace","XY","Close","True","Cp","2.4999999999999716","43","0","U","0.10452846326765519","0","-0.9945218953682731","V","0.994521895368276","0","0.10452846326762953","Size","30","Multi","False","0","0","0.41811385307061455","-6.938893903907228E-18","0.8270909152852053","0.08693075814624003","1.2090569265353088","0.25699298316766905","1.5473181392530257","0.5027541397817593","1.8270909152851948","0.8134732861516025","2.036147841820496","1.1755705045849512","2.1653521280028944","1.5732204091010356","2.2090569265352737","1.9890437907365577","2.1653521280028767","2.4048671723720787","2.0361478418204553","2.8025170768881633","1.827090915285142","3.164614295321512","1.5473181392529503","3.475333441691358","1.2090569265352256","3.7210945983054478","0.8270909152851117","3.89115682332688","0.4181138530705211","3.9780875814731207","0.5226423163381508","4.972609476841395","1.136107909660037","4.842213339622037","1.7090569265352078","4.587120002089891","2.2164487456117943","4.218478267168753","2.6361079096600752","3.7523995476139858","2.6419324162259303","3.7443548320230544","3.401679539175349","3.664502191670155","2.9835656861048307","-0.3135853898029373","2.2238185631554406","-0.23373274945004263","1.7176499586655825","-0.604052247478795","1.145548599639092","-0.8610410055822167","0.5325180607123379","-0.9934673818623028","-0.09464928191668083","-0.9955437082233571","-0.10452846326763715","-0.9945218953682776"
"IsShading","True"
"Disp3D","True"
"LayerSize","8"
"DispLayerBit","08","00","00","00","00","00","00","00"
"ElementEnd"
"Element"
"Name","端子下-押出"
"PrimitiveId","Extrusion","PrimitiveFace","TOP","LineColor","DarkGray","LineThickness","1","LineType","0","Reverse","False","DivideAngle","0.20943951023931953","FaceColors","1","Silver"
"ExtrusionData","Vector","0","0.4","0","SrcFace","XY","Close","True","Cp","-7.500000000000034","43","7.105427357601002E-15","U","0.1045284632676559","0","0.9945218953682731","V","0.99452189536827","0","-0.10452846326768411","Size","32","Multi","False","0.10452846326767763","0.9945218953682794","0.5226423163382921","0.9945218953682782","0.9316193785528875","1.0814526535145175","1.313585389803","1.2515148785359467","1.6518466025207237","1.4972760351500365","1.9316193785529172","1.8079951815198805","2.140676305088238","2.170092399953229","2.2698805912706583","2.5677423044693133","2.3135853898030603","2.9835656861048356","2.2698805912706863","3.399389067740358","2.140676305088287","3.797038972256444","1.9316193785529863","4.159136190689794","1.6518466025208187","4.469855337059639","1.3135853898031076","4.715616493673729","0.931619378553003","4.885678718695162","0.5226423163384171","4.9726094768414","0.6271707796061018","5.967131372209679","1.2406363729279735","5.836735234990321","1.8135853898031309","5.581641897458174","2.320977208879697","5.21300016253704","2.7406363729279524","4.746921442982273","3.0542217627309043","4.20377561533225","3.2480281920044995","3.6073007585581225","3.313585389803068","2.983565686104839","3.248028192004465","2.3598306136515563","3.054221762730834","1.7633557568774294","2.740636372927856","1.220209929227406","2.320977208879573","0.75413120967264","1.8135853898029846","0.3854894747515051","1.240636372927815","0.13039613721935941","0.6271707796059219","-0","0","-0"
"IsShading","True"
"Disp3D","True"
"LayerSize","8"
"DispLayerBit","08","00","00","00","00","00","00","00"
"ElementEnd"
"Element"
"Name","端子下-押出"
"PrimitiveId","Extrusion","PrimitiveFace","TOP","LineColor","DarkGray","LineThickness","1","LineType","0","Reverse","True","DivideAngle","0.20943951023931953","FaceColors","1","Black"
"ExtrusionData","Vector","0","0.4","0","SrcFace","XY","Close","True","Cp","-6.500000000000028","43","0","U","0.10452846326765519","0","-0.9945218953682731","V","0.994521895368276","0","0.10452846326762953","Size","30","Multi","False","0","0","0.41811385307061455","-6.938893903907228E-18","0.8270909152852053","0.08693075814624003","1.2090569265353088","0.25699298316766905","1.5473181392530257","0.5027541397817593","1.8270909152851948","0.8134732861516025","2.036147841820496","1.1755705045849512","2.1653521280028944","1.5732204091010356","2.2090569265352737","1.9890437907365577","2.1653521280028767","2.4048671723720787","2.0361478418204553","2.8025170768881633","1.827090915285142","3.164614295321512","1.5473181392529503","3.475333441691358","1.2090569265352256","3.7210945983054478","0.8270909152851117","3.89115682332688","0.4181138530705211","3.9780875814731207","0.5226423163381508","4.972609476841395","1.136107909660037","4.842213339622037","1.7090569265352078","4.587120002089891","2.2164487456117943","4.218478267168753","2.6361079096600752","3.7523995476139858","2.6419324162259303","3.7443548320230544","3.401679539175349","3.664502191670155","2.9835656861048307","-0.3135853898029373","2.2238185631554406","-0.23373274945004263","1.7176499586655825","-0.604052247478795","1.145548599639092","-0.8610410055822167","0.5325180607123379","-0.9934673818623028","-0.09464928191668083","-0.9955437082233571","-0.10452846326763715","-0.9945218953682776"
"IsShading","True"
"Disp3D","True"
"LayerSize","8"
"DispLayerBit","08","00","00","00","00","00","00","00"
"ElementEnd"
"Element"
"Name","止金具ボルト"
"PrimitiveId","Revolution","PrimitiveFace","TOP","LineColor","Silver","LineThickness","1","LineType","0","Reverse","False","DivideAngle","0.2617993877991494","FaceColors","1","Silver"
"RevolutionData","StartAngle","0","EndAngle","6.283185307179586","Close","False","CenterLineSp","9.014013660183089","5","15.014013660183082","CenterLineV","10.499999999999993","0","-10.5","OutLineCp","10.246246707216706","5","13.78178061314945","OutLineU","0.7071067811865428","0","0.7071067811865522","OutLineV","0.7071067811865597","0","-0.7071067811865354","OutLineSize","8","OutLine","0","-0","1.5000000000000222","-0","2.2071067811865546","0.2928932188134451","2.499999999999993","0.9999999999999846","2.499999999999996","2.000000000000023","1.4964914438461712","2.000000000000026","1.499999999999802","12.500000000000014","-2.1938006966593093E-13","12.500000000000016"
"IsShading","True"
"Disp3D","True"
"LayerSize","8"
"DispLayerBit","80","00","00","00","00","00","00","00"
"ElementEnd"
"Element"
"Name","止金具ナット"
"PrimitiveId","Revolution","PrimitiveFace","TOP","LineColor","Silver","LineThickness","1","LineType","0","Reverse","True","DivideAngle","1.0471975511965976","FaceColors","1","Silver"
"RevolutionData","StartAngle","0","EndAngle","6.283185307179586","Close","False","CenterLineSp","14.135334003742742","5","9.892693316623365","CenterLineV","-1.7677669529663689","0","1.7677669529664684","OutLineCp","12.367567050776358","5","11.660460269589812","OutLineU","0.707106781186549","0","0.7071067811865461","OutLineV","0.7071067811865476","0","-0.7071067811865476","OutLineSize","7","OutLine","0","-0","2.5000000000000147","-2.2204460492503126E-16","2.5000000000000147","2.000000000000016","1.9990392900336122","2.3379836842532518","1.4148115796869072","2.4924912446328578","1.250000000000045","2.5000000000000226","-4.884981308350688E-15","2.500000000000025"
"IsShading","True"
"Disp3D","True"
"LayerSize","8"
"DispLayerBit","00","00","00","00","00","00","00","00"
"ElementEnd"
