﻿"DataManage"
"AppName","Mini3DCad"
"PrimitiveBrush","Black"
"Face","NON"
"ArcDivideAngle","0.2617993877991494"
"RevolutionDivideAngle","0.17453292519943295"
"SweepDivideAngle","0.3490658503988659"
"SurfaceVertex","False"
"WireFrame","False"
"ZumenComment","電源トランス"
"Area","-10.000000000000004","-2","-35","63","45","9.299999999999997"
"Layer"
"LayerSize","64"
"DispLayerBit","7D","00","00","00","00","00","00","00"
"LayerAll","False"
"LayerList","0","コア","1","中心線","2","カバー","3","コイル","4","コイルカバー","5","下端子","6","上端子"
"LayerEnd"
"DataManageEnd"
"DataDraw"
"WorldSize","30"
"GridSize","1"
"World","-10.000000000000004","56.44116591878667","63","-13.441165918786673"
"DataDrawEnd"
"Element"
"Name","コア下部"
"PrimitiveId","Extrusion","LineColor","Gray","LineThickness","1","LineType","0","Close","True","Reverse","False","DivideAngle","0.20943951023931953","FaceColors","1","Gray"
"ExtrusionData","Vector","0","0","-18.4","Close","True","Loop","True","Cp","49.2","9","0","U","-1","0","0","V","3.2494332428053366E-16","-1","0","Size","4","Multi","False","9.769962616701378E-15","8.2","48.400000000000006","8.2","48.400000000000006","-0","7.105427357601002E-15","-0"
"IsShading","True"
"Disp3D","True"
"LayerSize","8"
"DispLayerBit","01","00","00","00","00","00","00","00"
"ElementEnd"
"Element"
"Name","コア上部"
"PrimitiveId","Extrusion","LineColor","Gray","LineThickness","1","LineType","0","Close","True","Reverse","False","DivideAngle","0.20943951023931953","FaceColors","1","Gray"
"ExtrusionData","Vector","0","0","-18.4","Close","True","Loop","True","Cp","34","34","0","U","1","0","0","V","0","-1","0","Size","12","Multi","False","0","25","-18","25","-18","-0","-25.2","-0","-25.2","25","-33.2","25","-33.2","-8","15.199999999999996","-8","15.199999999999996","25","7.199999999999996","25","7.199999999999996","0","0","0"
"IsShading","True"
"Disp3D","True"
"LayerSize","8"
"DispLayerBit","01","00","00","00","00","00","00","00"
"ElementEnd"
"Element"
"Name","中心線"
"PrimitiveId","Line","LineColor","Gray","LineThickness","1","LineType","2","Close","True","Reverse","False","DivideAngle","0.20943951023931953","FaceColors","1","Gray"
"LineData","Sp","25","45","0","V","-3.552713678800501E-15","-47","0"
"IsShading","True"
"Disp3D","True"
"LayerSize","8"
"DispLayerBit","02","00","00","00","00","00","00","00"
"ElementEnd"
"Element"
"Name","カバー周囲"
"PrimitiveId","Extrusion","LineColor","Gold","LineThickness","1","LineType","0","Close","True","Reverse","False","DivideAngle","0.20943951023931953","FaceColors","1","Gold"
"ExtrusionData","Vector","0","0","-18.4","Close","True","Loop","True","Cp","24.999999999999993","0.8000000000000037","-2.220446049250313E-16","U","-1","-1.2386785811933568E-16","0","V","-1.7246182906798548E-16","1","0","Size","12","Multi","False","-6.967457894346614E-15","-0.799999999999997","24.999999999999993","-0.799999999999997","24.999999999999986","41.999999999999986","-25.000000000000007","41.999999999999986","-25","-0.8000000000000033","-6.967457894346614E-15","-0.799999999999997","-0","0","-24.200000000000003","-5.995204332975847E-15","-24.20000000000001","41.199999999999996","24.19999999999999","41.199999999999996","24.199999999999996","3.944304526105059E-31","-0","0"
"IsShading","True"
"Disp3D","True"
"LayerSize","8"
"DispLayerBit","04","00","00","00","00","00","00","00"
"ElementEnd"
"Element"
"Name","カバー側面-押出"
"PrimitiveId","Extrusion","LineColor","Gold","LineThickness","1","LineType","0","Close","True","Reverse","False","DivideAngle","0.20943951023931953","FaceColors","1","Gold"
"ExtrusionData","Vector","0","0","0.7999999999999998","Close","True","Loop","True","Cp","6.6","7.105427357601002E-15","0","U","0","1","0","V","-1","0","0","Size","4","Multi","False","-7.105427357601002E-15","6.6","42.799999999999976","6.6","36.19999999999999","-0","0","-0"
"IsShading","True"
"Disp3D","True"
"LayerSize","8"
"DispLayerBit","04","00","00","00","00","00","00","00"
"ElementEnd"
"Element"
"Name","カバー側面-押出"
"PrimitiveId","Extrusion","LineColor","Gold","LineThickness","1","LineType","0","Close","True","Reverse","False","DivideAngle","0.20943951023931953","FaceColors","1","Gold"
"ExtrusionData","Vector","0","0","-0.7999999999999998","Close","True","Loop","True","Cp","43.39999999999999","7.105427357601002E-15","0.7999999999999998","U","1.5117930548087238E-16","1","0","V","1","-1.5117930548087238E-16","0","Size","4","Multi","False","-7.105427357601002E-15","6.6","42.799999999999976","6.6","36.19999999999999","-0","0","-0"
"IsShading","True"
"Disp3D","True"
"LayerSize","8"
"DispLayerBit","04","00","00","00","00","00","00","00"
"ElementEnd"
"Element"
"Name","カバー側面-押出"
"PrimitiveId","Extrusion","LineColor","Gold","LineThickness","1","LineType","0","Close","True","Reverse","False","DivideAngle","0.20943951023931953","FaceColors","1","Gold"
"ExtrusionData","Vector","0","0","0.7999999999999998","Close","True","Loop","True","Cp","6.6","7.105427357601002E-15","-19.2","U","0","1","0","V","-1","0","0","Size","4","Multi","False","-7.105427357601002E-15","6.6","42.799999999999976","6.6","36.19999999999999","-0","0","-0"
"IsShading","True"
"Disp3D","True"
"LayerSize","8"
"DispLayerBit","04","00","00","00","00","00","00","00"
"ElementEnd"
"Element"
"Name","カバー側面-押出"
"PrimitiveId","Extrusion","LineColor","Gold","LineThickness","1","LineType","0","Close","True","Reverse","False","DivideAngle","0.20943951023931953","FaceColors","1","Gold"
"ExtrusionData","Vector","0","0","-0.7999999999999998","Close","True","Loop","True","Cp","43.39999999999999","7.105427357601002E-15","-18.4","U","1.5117930548087238E-16","1","0","V","1","-1.5117930548087238E-16","0","Size","4","Multi","False","-7.105427357601002E-15","6.6","42.799999999999976","6.6","36.19999999999999","-0","0","-0"
"IsShading","True"
"Disp3D","True"
"LayerSize","8"
"DispLayerBit","04","00","00","00","00","00","00","00"
"ElementEnd"
"Element"
"Name","カバー側面上部"
"PrimitiveId","Extrusion","LineColor","Gold","LineThickness","1","LineType","0","Close","True","Reverse","False","DivideAngle","0.20943951023931953","FaceColors","1","Gold"
"ExtrusionData","Vector","0","0","0.7999999999999998","Close","True","Loop","True","Cp","7.100000000000001","36.199999999999996","0","U","-0.7071067811865479","0.7071067811865471","0","V","0.7071067811865472","0.7071067811865478","0","Size","4","Multi","False","0","-0","9.333809511662425","0","-25.31442276647842","34.64823227814081","-25.31442276647841","25.314422766478387"
"IsShading","True"
"Disp3D","True"
"LayerSize","8"
"DispLayerBit","04","00","00","00","00","00","00","00"
"ElementEnd"
"Element"
"Name","カバー側面上部"
"PrimitiveId","Extrusion","LineColor","Gold","LineThickness","1","LineType","0","Close","True","Reverse","False","DivideAngle","0.20943951023931953","FaceColors","1","Gold"
"ExtrusionData","Vector","0","0","0.7999999999999998","Close","True","Loop","True","Cp","7.100000000000001","36.199999999999996","-19.2","U","-0.7071067811865479","0.7071067811865471","0","V","0.7071067811865472","0.7071067811865478","0","Size","4","Multi","False","0","-0","9.333809511662425","0","-25.31442276647842","34.64823227814081","-25.31442276647841","25.314422766478387"
"IsShading","True"
"Disp3D","True"
"LayerSize","8"
"DispLayerBit","04","00","00","00","00","00","00","00"
"ElementEnd"
"Element"
"Name","中心線"
"PrimitiveId","Line","LineColor","Black","LineThickness","1","LineType","2","Close","True","Reverse","False","DivideAngle","0.20943951023931953","FaceColors","1","Black"
"LineData","Sp","47","0","-9.2","V","16","0","0"
"IsShading","True"
"Disp3D","True"
"LayerSize","8"
"DispLayerBit","02","00","00","00","00","00","00","00"
"ElementEnd"
"Element"
"Name","線分"
"PrimitiveId","Line","LineColor","Black","LineThickness","1","LineType","2","Close","True","Reverse","False","DivideAngle","0.20943951023931953","FaceColors","1","Black"
"LineData","Sp","55","0","-19.2","V","0","0","20"
"IsShading","True"
"Disp3D","True"
"LayerSize","8"
"DispLayerBit","02","00","00","00","00","00","00","00"
"ElementEnd"
"Element"
"Name","カバー取り付け部"
"PrimitiveId","Extrusion","LineColor","Gold","LineThickness","1","LineType","0","Close","True","Reverse","False","DivideAngle","0.20943951023931953","FaceColors","1","Gold"
"ExtrusionData","Vector","0","0.8","0","Close","True","Loop","True","Cp","58.044898179666816","-0.8","0.7814025650561405","U","-0.9238795325112799","0","0.3826834323651064","V","-0.3826834323651061","0","-0.9238795325112801","Size","13","Multi","True","0","-0","0","0.04859743947868901","0","0","8.178737325577957","3.3676142048129383","0","4.351903001926896","12.606409529925738","0","2.226980077150947","11.726237635485994","0","2.4109917679043535","10.59230650434657","1","2.068467409369881","9.495795138098323","0","-2.55093025318652","7.582377976272793","0","-3.5684821725500986","8.115527302353719","1","-4.240176650428013","9.047453608930248","0","-5.625995949194932","8.473428460382586","0","-2.56452849027409","1.0823922002923443","0","-1.4821362899816726","-3.3084646133829665E-14","1"
"IsShading","True"
"Disp3D","True"
"LayerSize","8"
"DispLayerBit","04","00","00","00","00","00","00","00"
"ElementEnd"
"Element"
"Name","カバー取り付け部"
"PrimitiveId","Extrusion","LineColor","Gold","LineThickness","1","LineType","0","Close","True","Reverse","False","DivideAngle","0.20943951023931953","FaceColors","1","Gold"
"ExtrusionData","Vector","0","0.8","0","Close","True","Loop","True","Cp","58.044898179666816","-0.8","-19.18140256505614","U","-0.9238795325112799","0","-0.3826834323651064","V","-0.3826834323651061","0","0.9238795325112801","Size","13","Multi","True","0","-0","0","0.04859743947868901","0","0","8.178737325577957","3.3676142048129383","0","4.351903001926896","12.606409529925738","0","2.226980077150947","11.726237635485994","0","2.4109917679043535","10.59230650434657","1","2.068467409369881","9.495795138098323","0","-2.55093025318652","7.582377976272793","0","-3.5684821725500986","8.115527302353719","1","-4.240176650428013","9.047453608930248","0","-5.625995949194932","8.473428460382586","0","-2.56452849027409","1.0823922002923443","0","-1.4821362899816726","-3.3084646133829665E-14","1"
"IsShading","True"
"Disp3D","True"
"LayerSize","8"
"DispLayerBit","04","00","00","00","00","00","00","00"
"ElementEnd"
"Element"
"Name","中心線"
"PrimitiveId","Line","LineColor","Black","LineThickness","1","LineType","2","Close","True","Reverse","False","DivideAngle","0.20943951023931953","FaceColors","1","Black"
"LineData","Sp","25.000000000000004","0","-24","V","0","0","30"
"IsShading","True"
"Disp3D","True"
"LayerSize","8"
"DispLayerBit","02","00","00","00","00","00","00","00"
"ElementEnd"
"Element"
"Name","カバー取り付け部"
"PrimitiveId","Extrusion","LineColor","Gold","LineThickness","1","LineType","0","Close","True","Reverse","False","DivideAngle","0.20943951023931953","FaceColors","1","Gold"
"ExtrusionData","Vector","0","-0.8","0","Close","True","Loop","True","Cp","-8.044898179666813","0","0.7814025650561405","U","0.9238795325112799","0","0.3826834323651064","V","0.3826834323651061","0","-0.9238795325112799","Size","13","Multi","True","0","-0","0","0.04859743947868901","0","0","8.178737325577957","3.3676142048129383","0","4.351903001926896","12.606409529925738","0","2.226980077150947","11.726237635485994","0","2.4109917679043535","10.59230650434657","1","2.068467409369881","9.495795138098323","0","-2.55093025318652","7.582377976272793","0","-3.5684821725500986","8.115527302353719","1","-4.240176650428013","9.047453608930248","0","-5.625995949194932","8.473428460382586","0","-2.56452849027409","1.0823922002923443","0","-1.4821362899816726","-3.3084646133829665E-14","1"
"IsShading","True"
"Disp3D","True"
"LayerSize","8"
"DispLayerBit","04","00","00","00","00","00","00","00"
"ElementEnd"
"Element"
"Name","カバー取り付け部"
"PrimitiveId","Extrusion","LineColor","Gold","LineThickness","1","LineType","0","Close","True","Reverse","False","DivideAngle","0.20943951023931953","FaceColors","1","Gold"
"ExtrusionData","Vector","0","-0.8","0","Close","True","Loop","True","Cp","-8.044898179666813","0","-19.18140256505614","U","0.9238795325112799","0","-0.3826834323651064","V","0.3826834323651061","0","0.9238795325112799","Size","13","Multi","True","0","-0","0","0.04859743947868901","0","0","8.178737325577957","3.3676142048129383","0","4.351903001926896","12.606409529925738","0","2.226980077150947","11.726237635485994","0","2.4109917679043535","10.59230650434657","1","2.068467409369881","9.495795138098323","0","-2.55093025318652","7.582377976272793","0","-3.5684821725500986","8.115527302353719","1","-4.240176650428013","9.047453608930248","0","-5.625995949194932","8.473428460382586","0","-2.56452849027409","1.0823922002923443","0","-1.4821362899816726","-3.3084646133829665E-14","1"
"IsShading","True"
"Disp3D","True"
"LayerSize","8"
"DispLayerBit","04","00","00","00","00","00","00","00"
"ElementEnd"
"Element"
"Name","中心線"
"PrimitiveId","Line","LineColor","Black","LineThickness","1","LineType","2","Close","True","Reverse","False","DivideAngle","0.20943951023931953","FaceColors","1","Black"
"LineData","Sp","5","0","-9.2","V","39","0","0"
"IsShading","True"
"Disp3D","True"
"LayerSize","8"
"DispLayerBit","02","00","00","00","00","00","00","00"
"ElementEnd"
"Element"
"Name","ポリゴン_1_1"
"PrimitiveId","Line","LineColor","Brown","LineThickness","1","LineType","0","Close","True","Reverse","False","DivideAngle","0.20943951023931953","FaceColors","1","Brown"
"LineData","Sp","39.975376681190276","11","-34.68713106991954","V","0.02462331880972357","0","-0.31286893008046235"
"IsShading","True"
"Disp3D","True"
"LayerSize","8"
"DispLayerBit","00","00","00","00","00","00","00","00"
"ElementEnd"
"Element"
"Name","コイル"
"PrimitiveId","Extrusion","LineColor","Brown","LineThickness","1","LineType","0","Close","True","Reverse","False","DivideAngle","0.20943951023931953","FaceColors","1","Brown"
"ExtrusionData","Vector","0","20","0","Close","True","Loop","True","Cp","39.97775968780218","11","-3.6993888115760285","U","0.0006250905127177443","0","-0.9999998046309064","V","-0.9999998046309063","0","-0.0006250905127173323","Size","25","Multi","True","-1.9999996092618126","-0.0012501810254354885","0","-5.558452047056535","-0.0012501810254333034","0","-8.328532746205475","1.1441266997784836","1","-9.501873415531737","3.971820932848146","0","-9.51562540681154","25.971816634728082","0","-8.345820783408453","28.80097554597631","1","-5.518126550338783","29.974316215302583","0","18.708364168225064","29.98945996776583","0","21.050997345564085","29.233498111359285","1","22.507391726230466","27.24897702558709","0","24.491243946279166","14.993071861220521","1","22.522715373656496","2.7346961006351376","0","21.0688031412491","0.7483558094545896","1","18.76540836481817","0.0018752715381471566","0","15.001247250489037","0.001875271538146546","0","12.001247836596319","-6.687358999890591E-15","0","5.502499287520857","-7.105861038469996E-15","0","5.496873472906395","5.981196899800732","0","14.996871616900012","5.98713525967155","0","14.9856199876711","23.987131743027874","0","-4.014376300316119","23.975255023286238","0","-4.003124671087208","5.975258539929913","0","5.496873472906395","5.981196899800732","0","5.502499287520857","-4.336808689942018E-19","0","-0","-0","0"
"IsShading","True"
"Disp3D","True"
"LayerSize","8"
"DispLayerBit","08","00","00","00","00","00","00","00"
"ElementEnd"
"Element"
"Name","コイル下側カバー-押出"
"PrimitiveId","Extrusion","LineColor","Cornsilk","LineThickness","1","LineType","0","Close","True","Reverse","False","DivideAngle","0.20943951023931953","FaceColors","1","Cornsilk"
"ExtrusionData","Vector","0","-1.5","0","Close","True","Loop","True","Cp","9.999999999999993","11","-9.200000000000003","U","0","0","-1","V","1","0","0","Size","20","Multi","True","0","0","0","13.5","0","0","17.035533905932738","1.4644660940672622","1","18.5","5","0","18.5","25","0","17.035533905932738","28.535533905932738","1","13.5","30","0","-13.5","30","0","-17.035533905932738","28.535533905932738","1","-18.5","25","0","-18.5","5","0","-17.035533905932738","1.4644660940672622","1","-13.5","0","0","0","0","0","0","6","0","-9.5","6","0","-9.5","24","0","9.5","24","0","9.5","6","0","0","6","0"
"IsShading","True"
"Disp3D","True"
"LayerSize","8"
"DispLayerBit","10","00","00","00","00","00","00","00"
"ElementEnd"
"Element"
"Name","コイル上カバー-押出"
"PrimitiveId","Extrusion","LineColor","Cornsilk","LineThickness","1","LineType","0","Close","True","Reverse","False","DivideAngle","0.20943951023931953","FaceColors","1","Cornsilk"
"ExtrusionData","Vector","0","1.5","0","Close","True","Loop","True","Cp","10","31","-9.200000000000003","U","0","0","-1","V","1","0","0","Size","20","Multi","True","0","0","0","13.5","0","0","17.035533905932738","1.4644660940672622","1","18.5","5","0","18.5","25","0","17.035533905932738","28.535533905932738","1","13.5","30","0","-13.5","30","0","-17.035533905932738","28.535533905932738","1","-18.5","25","0","-18.5","5","0","-17.035533905932738","1.4644660940672622","1","-13.5","0","0","0","0","0","0","6","0","-9.5","6","0","-9.5","24","0","9.5","24","0","9.5","6","0","0","6","0"
"IsShading","True"
"Disp3D","True"
"LayerSize","8"
"DispLayerBit","10","00","00","00","00","00","00","00"
"ElementEnd"
"Element"
"Name","端子"
"PrimitiveId","Extrusion","LineColor","Silver","LineThickness","1","LineType","0","Close","True","Reverse","False","DivideAngle","0.20943951023931953","FaceColors","1","Silver"
"ExtrusionData","Vector","0","0.5","0","Close","True","Loop","True","Cp","2.9575779323816427","11","3.824572676440079","U","0.9605642644145614","0","0.27805807654105713","V","0.27805807654105713","0","-0.9605642644145614","Size","5","Multi","True","23","40","0","23","37","0","20","37","0","20","40","0","21.551594307685384","41.28985769213461","1"
"IsShading","True"
"Disp3D","True"
"LayerSize","8"
"DispLayerBit","20","00","00","00","00","00","00","00"
"ElementEnd"
"Element"
"Name","端子"
"PrimitiveId","Extrusion","LineColor","Silver","LineThickness","1","LineType","0","Close","True","Reverse","False","DivideAngle","0.20943951023931953","FaceColors","1","Silver"
"ExtrusionData","Vector","0","0.5","0","Close","True","Loop","True","Cp","3.5","11","10","U","1","0","0","V","0","0","-1","Size","5","Multi","True","23","40","0","23","37","0","20","37","0","20","40","0","21.551594307685384","41.28985769213461","1"
"IsShading","True"
"Disp3D","True"
"LayerSize","8"
"DispLayerBit","20","00","00","00","00","00","00","00"
"ElementEnd"
"Element"
"Name","端子"
"PrimitiveId","Extrusion","LineColor","Silver","LineThickness","1","LineType","0","Close","True","Reverse","False","DivideAngle","0.20943951023931953","FaceColors","1","Silver"
"ExtrusionData","Vector","0","0.5","0","Close","True","Loop","True","Cp","5.738158697792215","11","15.781069967705541","U","0.9605642644145614","0","-0.27805807654105735","V","-0.27805807654105735","0","-0.9605642644145614","Size","5","Multi","True","23","40","0","23","37","0","20","37","0","20","40","0","21.551594307685384","41.28985769213461","1"
"IsShading","True"
"Disp3D","True"
"LayerSize","8"
"DispLayerBit","20","00","00","00","00","00","00","00"
"ElementEnd"
"Element"
"Name","端子"
"PrimitiveId","Extrusion","LineColor","Silver","LineThickness","1","LineType","0","Close","True","Reverse","False","DivideAngle","0.20943951023931953","FaceColors","1","Silver"
"ExtrusionData","Vector","0","0.5","0","Close","True","Loop","True","Cp","3.2159783203756547","30.5","7.295572869472178","U","0.9922778767136676","0","0.12403473458920895","V","0.12403473458920895","0","-0.9922778767136676","Size","5","Multi","True","23","40","0","23","37","0","20","37","0","20","40","0","21.551594307685384","41.28985769213461","1"
"IsShading","True"
"Disp3D","True"
"LayerSize","8"
"DispLayerBit","40","00","00","00","00","00","00","00"
"ElementEnd"
"Element"
"Name","端子"
"PrimitiveId","Extrusion","LineColor","Silver","LineThickness","1","LineType","0","Close","True","Reverse","False","DivideAngle","0.20943951023931953","FaceColors","1","Silver"
"ExtrusionData","Vector","0","0.5","0","Close","True","Loop","True","Cp","4.317602479354491","30.5","3.221515976635896","U","0.9505974332788254","0","0.3104263517224483","V","0.3104263517224483","0","-0.9505974332788254","Size","5","Multi","True","23","40","0","23","37","0","20","37","0","20","40","0","21.551594307685384","41.28985769213461","1"
"IsShading","True"
"Disp3D","True"
"LayerSize","8"
"DispLayerBit","40","00","00","00","00","00","00","00"
"ElementEnd"
"Element"
"Name","端子"
"PrimitiveId","Extrusion","LineColor","Silver","LineThickness","1","LineType","0","Close","True","Reverse","False","DivideAngle","0.20943951023931953","FaceColors","1","Silver"
"ExtrusionData","Vector","0","0.5","0","Close","True","Loop","True","Cp","2.9403741818263818","30.5","12.28034747857839","U","0.9947962502306842","0","-0.10188434878316746","V","-0.10188434878316746","0","-0.9947962502306842","Size","5","Multi","True","23","40","0","23","37","0","20","37","0","20","40","0","21.551594307685384","41.28985769213461","1"
"IsShading","True"
"Disp3D","True"
"LayerSize","8"
"DispLayerBit","40","00","00","00","00","00","00","00"
"ElementEnd"
"Element"
"Name","端子"
"PrimitiveId","Extrusion","LineColor","Silver","LineThickness","1","LineType","0","Close","True","Reverse","False","DivideAngle","0.20943951023931953","FaceColors","1","Silver"
"ExtrusionData","Vector","0","0.5","0","Close","True","Loop","True","Cp","3.405277501510323","30.5","15.683411269252126","U","0.9669898501695058","0","-0.25481489295007204","V","-0.25481489295007204","0","-0.9669898501695058","Size","5","Multi","True","23","40","0","23","37","0","20","37","0","20","40","0","21.551594307685384","41.28985769213461","1"
"IsShading","True"
"Disp3D","True"
"LayerSize","8"
"DispLayerBit","40","00","00","00","00","00","00","00"
"ElementEnd"
